::1 - - [23/Mar/2021:20:47:55 +0100] "GET /customers HTTP/1.1" 200 13562
::1 - - [23/Mar/2021:20:47:56 +0100] "GET /customersJSON?numberOfPage=0&numberOfRows=10&search= HTTP/1.1" 200 177
::1 - - [23/Mar/2021:20:48:00 +0100] "GET /home HTTP/1.1" 200 8828
::1 - - [23/Mar/2021:20:48:01 +0100] "GET /profile HTTP/1.1" 200 12501
::1 - - [23/Mar/2021:20:48:03 +0100] "GET /invoices HTTP/1.1" 200 13592
::1 - - [23/Mar/2021:20:48:03 +0100] "GET /invoicesJSON?numberOfPage=0&numberOfRows=10&search= HTTP/1.1" 200 428
::1 - - [23/Mar/2021:20:48:05 +0100] "GET /products HTTP/1.1" 200 13459
::1 - - [23/Mar/2021:20:48:05 +0100] "GET /productsJSON?numberOfPage=0&numberOfRows=10&search= HTTP/1.1" 200 2572
::1 - - [23/Mar/2021:20:48:06 +0100] "GET /customers HTTP/1.1" 200 13562
::1 - - [23/Mar/2021:20:48:06 +0100] "GET /customersJSON?numberOfPage=0&numberOfRows=10&search= HTTP/1.1" 200 177
::1 - - [23/Mar/2021:20:48:07 +0100] "GET /invoices HTTP/1.1" 200 13592
::1 - - [23/Mar/2021:20:48:08 +0100] "GET /invoicesJSON?numberOfPage=0&numberOfRows=10&search= HTTP/1.1" 200 428
::1 - - [23/Mar/2021:20:48:09 +0100] "GET /invoiceCreate HTTP/1.1" 200 15650
::1 - - [23/Mar/2021:20:48:12 +0100] "GET /invoices HTTP/1.1" 200 13592
::1 - - [23/Mar/2021:20:48:13 +0100] "GET /invoicesJSON?numberOfPage=0&numberOfRows=10&search= HTTP/1.1" 200 428
::1 - - [23/Mar/2021:20:51:22 +0100] "GET /invoices HTTP/1.1" 200 13592
::1 - - [23/Mar/2021:20:51:23 +0100] "GET /invoicesJSON?numberOfPage=0&numberOfRows=10&search= HTTP/1.1" 200 2
::1 - - [23/Mar/2021:20:51:25 +0100] "GET /invoices HTTP/1.1" 200 13592
::1 - - [23/Mar/2021:20:51:25 +0100] "GET /invoicesJSON?numberOfPage=0&numberOfRows=10&search= HTTP/1.1" 200 2
::1 - - [23/Mar/2021:20:51:26 +0100] "GET /invoices HTTP/1.1" 200 13592
::1 - - [23/Mar/2021:20:51:26 +0100] "GET /invoicesJSON?numberOfPage=0&numberOfRows=10&search= HTTP/1.1" 200 2
::1 - - [23/Mar/2021:20:51:27 +0100] "GET /products HTTP/1.1" 200 13459
::1 - - [23/Mar/2021:20:51:27 +0100] "GET /productsJSON?numberOfPage=0&numberOfRows=10&search= HTTP/1.1" 200 2572
::1 - - [23/Mar/2021:20:51:28 +0100] "GET /invoices HTTP/1.1" 200 13592
::1 - - [23/Mar/2021:20:51:28 +0100] "GET /invoicesJSON?numberOfPage=0&numberOfRows=10&search= HTTP/1.1" 200 2
::1 - - [23/Mar/2021:20:51:29 +0100] "GET /invoiceCreate HTTP/1.1" 200 15650
::1 - - [23/Mar/2021:20:51:32 +0100] "GET /customers HTTP/1.1" 200 13562
::1 - - [23/Mar/2021:20:51:33 +0100] "GET /customersJSON?numberOfPage=0&numberOfRows=10&search= HTTP/1.1" 200 177
::1 - - [23/Mar/2021:20:51:34 +0100] "GET /customerCreate HTTP/1.1" 200 11975
::1 - - [23/Mar/2021:20:51:42 +0100] "POST /customerCreateProcess HTTP/1.1" 302 -
::1 - - [23/Mar/2021:20:51:42 +0100] "GET /customerCreate HTTP/1.1" 200 12440
::1 - - [23/Mar/2021:20:51:44 +0100] "GET /customers HTTP/1.1" 200 13562
::1 - - [23/Mar/2021:20:51:44 +0100] "GET /customersJSON?numberOfPage=0&numberOfRows=10&search= HTTP/1.1" 200 354
::1 - - [23/Mar/2021:20:51:46 +0100] "GET /products HTTP/1.1" 200 13459
::1 - - [23/Mar/2021:20:51:46 +0100] "GET /productsJSON?numberOfPage=0&numberOfRows=10&search= HTTP/1.1" 200 2572
::1 - - [23/Mar/2021:20:51:48 +0100] "GET /productCreate HTTP/1.1" 200 11599
::1 - - [23/Mar/2021:20:51:53 +0100] "POST /productCreateProcess HTTP/1.1" 302 -
::1 - - [23/Mar/2021:20:51:53 +0100] "GET /productCreate HTTP/1.1" 200 12066
::1 - - [23/Mar/2021:20:51:54 +0100] "GET /products HTTP/1.1" 200 13459
::1 - - [23/Mar/2021:20:51:54 +0100] "GET /productsJSON?numberOfPage=0&numberOfRows=10&search= HTTP/1.1" 200 2572
::1 - - [23/Mar/2021:20:52:00 +0100] "GET /invoices HTTP/1.1" 200 13592
::1 - - [23/Mar/2021:20:52:00 +0100] "GET /invoicesJSON?numberOfPage=0&numberOfRows=10&search= HTTP/1.1" 200 2
::1 - - [23/Mar/2021:20:52:01 +0100] "GET /invoiceCreate HTTP/1.1" 200 15650
::1 - - [23/Mar/2021:20:52:03 +0100] "GET /invoices HTTP/1.1" 200 13592
::1 - - [23/Mar/2021:20:52:03 +0100] "GET /invoicesJSON?numberOfPage=0&numberOfRows=10&search= HTTP/1.1" 200 2
::1 - - [23/Mar/2021:20:52:06 +0100] "GET /products HTTP/1.1" 200 13459
::1 - - [23/Mar/2021:20:52:06 +0100] "GET /productsJSON?numberOfPage=0&numberOfRows=10&search= HTTP/1.1" 200 2572
::1 - - [23/Mar/2021:20:52:11 +0100] "GET /productsJSON?numberOfPage=1&numberOfRows=10&search= HTTP/1.1" 200 2576
::1 - - [23/Mar/2021:20:52:12 +0100] "GET /productsJSON?numberOfPage=2&numberOfRows=10&search= HTTP/1.1" 200 2678
::1 - - [23/Mar/2021:20:52:13 +0100] "GET /productsJSON?numberOfPage=3&numberOfRows=10&search= HTTP/1.1" 200 2727
::1 - - [23/Mar/2021:20:52:26 +0100] "GET /invoices HTTP/1.1" 200 13592
::1 - - [23/Mar/2021:20:52:26 +0100] "GET /invoicesJSON?numberOfPage=0&numberOfRows=10&search= HTTP/1.1" 200 2
::1 - - [23/Mar/2021:20:52:27 +0100] "GET /invoiceCreate HTTP/1.1" 200 15650
::1 - - [23/Mar/2021:20:52:30 +0100] "GET /customersDropdown?id=sof HTTP/1.1" 200 50
::1 - - [23/Mar/2021:20:52:34 +0100] "GET /productsDropdown?id=lop HTTP/1.1" 200 42
::1 - - [23/Mar/2021:20:52:36 +0100] "POST /invoiceCreateProcess HTTP/1.1" 302 -
::1 - - [23/Mar/2021:20:52:36 +0100] "GET /invoiceCreate HTTP/1.1" 200 15819
::1 - - [23/Mar/2021:20:52:38 +0100] "GET /invoices HTTP/1.1" 200 13592
::1 - - [23/Mar/2021:20:52:39 +0100] "GET /invoicesJSON?numberOfPage=0&numberOfRows=10&search= HTTP/1.1" 200 143
::1 - - [23/Mar/2021:20:52:41 +0100] "GET /invoiceCreate HTTP/1.1" 200 15650
::1 - - [23/Mar/2021:20:52:43 +0100] "GET /customersDropdown?id=neda HTTP/1.1" 200 51
::1 - - [23/Mar/2021:20:52:46 +0100] "GET /productsDropdown?id=st HTTP/1.1" 200 423
::1 - - [23/Mar/2021:20:52:50 +0100] "POST /invoiceCreateProcess HTTP/1.1" 302 -
::1 - - [23/Mar/2021:20:52:50 +0100] "GET /invoiceCreate HTTP/1.1" 200 15819
::1 - - [23/Mar/2021:20:52:51 +0100] "GET /invoices HTTP/1.1" 200 13592
::1 - - [23/Mar/2021:20:52:51 +0100] "GET /invoicesJSON?numberOfPage=0&numberOfRows=10&search= HTTP/1.1" 200 284
::1 - - [23/Mar/2021:20:52:56 +0100] "GET /productReports HTTP/1.1" 404 2009
::1 - - [23/Mar/2021:20:52:58 +0100] "GET /invoices HTTP/1.1" 200 13592
::1 - - [23/Mar/2021:20:52:58 +0100] "GET /invoicesJSON?numberOfPage=0&numberOfRows=10&search= HTTP/1.1" 200 284
::1 - - [23/Mar/2021:20:52:59 +0100] "GET /customers HTTP/1.1" 200 13562
::1 - - [23/Mar/2021:20:52:59 +0100] "GET /customersJSON?numberOfPage=0&numberOfRows=10&search= HTTP/1.1" 200 354
::1 - - [23/Mar/2021:20:53:00 +0100] "GET /customerReports HTTP/1.1" 200 15966
::1 - - [23/Mar/2021:20:53:00 +0100] "GET /customersPerDay HTTP/1.1" 200 54
::1 - - [23/Mar/2021:20:53:00 +0100] "GET /customersActive HTTP/1.1" 200 48
::1 - - [23/Mar/2021:20:53:13 +0100] "GET /customers HTTP/1.1" 200 13562
::1 - - [23/Mar/2021:20:53:13 +0100] "GET /customersJSON?numberOfPage=0&numberOfRows=10&search= HTTP/1.1" 200 354
::1 - - [23/Mar/2021:20:53:16 +0100] "GET /customerReports HTTP/1.1" 200 15966
::1 - - [23/Mar/2021:20:53:16 +0100] "GET /customersPerDay HTTP/1.1" 200 54
::1 - - [23/Mar/2021:20:53:16 +0100] "GET /customersActive HTTP/1.1" 200 48
::1 - - [23/Mar/2021:20:53:25 +0100] "GET /profile HTTP/1.1" 200 12501
::1 - - [23/Mar/2021:20:53:26 +0100] "GET /invoices HTTP/1.1" 200 13592
::1 - - [23/Mar/2021:20:53:26 +0100] "GET /invoicesJSON?numberOfPage=0&numberOfRows=10&search= HTTP/1.1" 200 284
::1 - - [23/Mar/2021:20:53:27 +0100] "GET /home HTTP/1.1" 200 8828
::1 - - [23/Mar/2021:20:53:35 +0100] "GET /invoices HTTP/1.1" 200 13592
::1 - - [23/Mar/2021:20:53:35 +0100] "GET /invoicesJSON?numberOfPage=0&numberOfRows=10&search= HTTP/1.1" 200 284
::1 - - [23/Mar/2021:20:53:36 +0100] "GET /products HTTP/1.1" 200 13459
::1 - - [23/Mar/2021:20:53:36 +0100] "GET /productsJSON?numberOfPage=0&numberOfRows=10&search= HTTP/1.1" 200 2572
::1 - - [23/Mar/2021:20:53:40 +0100] "GET /invoices HTTP/1.1" 200 13592
::1 - - [23/Mar/2021:20:53:40 +0100] "GET /invoicesJSON?numberOfPage=0&numberOfRows=10&search= HTTP/1.1" 200 284
::1 - - [23/Mar/2021:20:53:41 +0100] "GET /products HTTP/1.1" 200 13459
::1 - - [23/Mar/2021:20:53:41 +0100] "GET /productsJSON?numberOfPage=0&numberOfRows=10&search= HTTP/1.1" 200 2572
::1 - - [23/Mar/2021:20:53:41 +0100] "GET /profile HTTP/1.1" 200 12501
::1 - - [23/Mar/2021:20:53:42 +0100] "GET /invoices HTTP/1.1" 200 13592
::1 - - [23/Mar/2021:20:53:42 +0100] "GET /invoicesJSON?numberOfPage=0&numberOfRows=10&search= HTTP/1.1" 200 284
::1 - - [23/Mar/2021:20:53:43 +0100] "GET /products HTTP/1.1" 200 13459
::1 - - [23/Mar/2021:20:53:43 +0100] "GET /productsJSON?numberOfPage=0&numberOfRows=10&search= HTTP/1.1" 200 2572
::1 - - [23/Mar/2021:20:53:46 +0100] "GET /invoices HTTP/1.1" 200 13592
::1 - - [23/Mar/2021:20:53:46 +0100] "GET /invoicesJSON?numberOfPage=0&numberOfRows=10&search= HTTP/1.1" 200 284
::1 - - [23/Mar/2021:20:53:49 +0100] "GET /products HTTP/1.1" 200 13459
::1 - - [23/Mar/2021:20:53:49 +0100] "GET /productsJSON?numberOfPage=0&numberOfRows=10&search= HTTP/1.1" 200 2572
::1 - - [23/Mar/2021:20:53:50 +0100] "GET /customers HTTP/1.1" 200 13562
::1 - - [23/Mar/2021:20:53:50 +0100] "GET /customersJSON?numberOfPage=0&numberOfRows=10&search= HTTP/1.1" 200 354
::1 - - [23/Mar/2021:20:53:51 +0100] "GET /products HTTP/1.1" 200 13459
::1 - - [23/Mar/2021:20:53:51 +0100] "GET /productsJSON?numberOfPage=0&numberOfRows=10&search= HTTP/1.1" 200 2572
::1 - - [23/Mar/2021:20:54:03 +0100] "GET /invoices HTTP/1.1" 200 13592
::1 - - [23/Mar/2021:20:54:03 +0100] "GET /invoicesJSON?numberOfPage=0&numberOfRows=10&search= HTTP/1.1" 200 284
::1 - - [23/Mar/2021:20:54:05 +0100] "GET /products HTTP/1.1" 200 13459
::1 - - [23/Mar/2021:20:54:05 +0100] "GET /productsJSON?numberOfPage=0&numberOfRows=10&search= HTTP/1.1" 200 2572
::1 - - [23/Mar/2021:20:54:06 +0100] "GET /customers HTTP/1.1" 200 13562
::1 - - [23/Mar/2021:20:54:06 +0100] "GET /customersJSON?numberOfPage=0&numberOfRows=10&search= HTTP/1.1" 200 354
::1 - - [23/Mar/2021:20:54:06 +0100] "GET /products HTTP/1.1" 200 13459
::1 - - [23/Mar/2021:20:54:06 +0100] "GET /productsJSON?numberOfPage=0&numberOfRows=10&search= HTTP/1.1" 200 2572
::1 - - [23/Mar/2021:20:54:07 +0100] "GET /customers HTTP/1.1" 200 13562
::1 - - [23/Mar/2021:20:54:07 +0100] "GET /customersJSON?numberOfPage=0&numberOfRows=10&search= HTTP/1.1" 200 354
::1 - - [23/Mar/2021:20:54:08 +0100] "GET /invoices HTTP/1.1" 200 13592
::1 - - [23/Mar/2021:20:54:08 +0100] "GET /invoicesJSON?numberOfPage=0&numberOfRows=10&search= HTTP/1.1" 200 284
::1 - - [23/Mar/2021:20:54:09 +0100] "GET /products HTTP/1.1" 200 13459
::1 - - [23/Mar/2021:20:54:09 +0100] "GET /productsJSON?numberOfPage=0&numberOfRows=10&search= HTTP/1.1" 200 2572
::1 - - [23/Mar/2021:20:54:10 +0100] "GET /customers HTTP/1.1" 200 13562
::1 - - [23/Mar/2021:20:54:10 +0100] "GET /customersJSON?numberOfPage=0&numberOfRows=10&search= HTTP/1.1" 200 354
::1 - - [23/Mar/2021:20:54:12 +0100] "GET /products HTTP/1.1" 200 13459
::1 - - [23/Mar/2021:20:54:12 +0100] "GET /productsJSON?numberOfPage=0&numberOfRows=10&search= HTTP/1.1" 200 2572
::1 - - [23/Mar/2021:20:54:13 +0100] "GET /customers HTTP/1.1" 200 13562
::1 - - [23/Mar/2021:20:54:13 +0100] "GET /customersJSON?numberOfPage=0&numberOfRows=10&search= HTTP/1.1" 200 354
::1 - - [23/Mar/2021:20:54:18 +0100] "GET /invoices HTTP/1.1" 200 13592
::1 - - [23/Mar/2021:20:54:19 +0100] "GET /invoicesJSON?numberOfPage=0&numberOfRows=10&search= HTTP/1.1" 200 284
::1 - - [23/Mar/2021:20:54:19 +0100] "GET /products HTTP/1.1" 200 13459
::1 - - [23/Mar/2021:20:54:19 +0100] "GET /productsJSON?numberOfPage=0&numberOfRows=10&search= HTTP/1.1" 200 2572
::1 - - [23/Mar/2021:20:54:20 +0100] "GET /invoices HTTP/1.1" 200 13592
::1 - - [23/Mar/2021:20:54:20 +0100] "GET /invoicesJSON?numberOfPage=0&numberOfRows=10&search= HTTP/1.1" 200 284
::1 - - [23/Mar/2021:20:54:23 +0100] "GET /profile HTTP/1.1" 200 12501
::1 - - [23/Mar/2021:20:54:24 +0100] "GET /home HTTP/1.1" 200 8828
::1 - - [23/Mar/2021:20:54:25 +0100] "GET /profile HTTP/1.1" 200 12501
::1 - - [23/Mar/2021:20:54:32 +0100] "GET /invoices HTTP/1.1" 200 13592
::1 - - [23/Mar/2021:20:54:32 +0100] "GET /invoicesJSON?numberOfPage=0&numberOfRows=10&search= HTTP/1.1" 200 284
::1 - - [23/Mar/2021:20:54:36 +0100] "GET /customers HTTP/1.1" 200 13562
::1 - - [23/Mar/2021:20:54:36 +0100] "GET /customersJSON?numberOfPage=0&numberOfRows=10&search= HTTP/1.1" 200 354
::1 - - [23/Mar/2021:20:54:38 +0100] "GET /products HTTP/1.1" 200 13459
::1 - - [23/Mar/2021:20:54:38 +0100] "GET /productsJSON?numberOfPage=0&numberOfRows=10&search= HTTP/1.1" 200 2572
::1 - - [23/Mar/2021:20:54:41 +0100] "GET /invoices HTTP/1.1" 200 13592
::1 - - [23/Mar/2021:20:54:42 +0100] "GET /invoicesJSON?numberOfPage=0&numberOfRows=10&search= HTTP/1.1" 200 284
::1 - - [23/Mar/2021:20:54:48 +0100] "GET /customers HTTP/1.1" 200 13562
::1 - - [23/Mar/2021:20:54:48 +0100] "GET /customersJSON?numberOfPage=0&numberOfRows=10&search= HTTP/1.1" 200 354
::1 - - [23/Mar/2021:20:54:49 +0100] "GET /products HTTP/1.1" 200 13459
::1 - - [23/Mar/2021:20:54:49 +0100] "GET /productsJSON?numberOfPage=0&numberOfRows=10&search= HTTP/1.1" 200 2572
::1 - - [23/Mar/2021:20:54:51 +0100] "GET /invoices HTTP/1.1" 200 13592
::1 - - [23/Mar/2021:20:54:51 +0100] "GET /invoicesJSON?numberOfPage=0&numberOfRows=10&search= HTTP/1.1" 200 284
::1 - - [23/Mar/2021:20:55:03 +0100] "GET /customers HTTP/1.1" 200 13562
::1 - - [23/Mar/2021:20:55:03 +0100] "GET /customersJSON?numberOfPage=0&numberOfRows=10&search= HTTP/1.1" 200 354
::1 - - [23/Mar/2021:20:55:16 +0100] "GET /products HTTP/1.1" 200 13459
::1 - - [23/Mar/2021:20:55:17 +0100] "GET /productsJSON?numberOfPage=0&numberOfRows=10&search= HTTP/1.1" 200 2572
::1 - - [23/Mar/2021:20:57:39 +0100] "GET /productDetails?id=2115 HTTP/1.1" 200 9617
::1 - - [23/Mar/2021:20:58:34 +0100] "GET /products HTTP/1.1" 200 13459
::1 - - [23/Mar/2021:20:58:34 +0100] "GET /productsJSON?numberOfPage=0&numberOfRows=10&search= HTTP/1.1" 200 2572
::1 - - [23/Mar/2021:20:58:55 +0100] "GET /productDetails?id=2115 HTTP/1.1" 200 9617
::1 - - [23/Mar/2021:20:58:57 +0100] "GET /customers HTTP/1.1" 200 13562
::1 - - [23/Mar/2021:20:58:58 +0100] "GET /customersJSON?numberOfPage=0&numberOfRows=10&search= HTTP/1.1" 200 354
::1 - - [23/Mar/2021:20:59:00 +0100] "GET /customerDetails?id=1 HTTP/1.1" 200 9674
::1 - - [23/Mar/2021:20:59:11 +0100] "GET /invoices HTTP/1.1" 200 13592
::1 - - [23/Mar/2021:20:59:11 +0100] "GET /invoicesJSON?numberOfPage=0&numberOfRows=10&search= HTTP/1.1" 200 284
::1 - - [23/Mar/2021:20:59:28 +0100] "GET /invoiceDetails?id=4 HTTP/1.1" 200 602
::1 - - [23/Mar/2021:20:59:30 +0100] "GET /invoices HTTP/1.1" 200 13592
::1 - - [23/Mar/2021:20:59:30 +0100] "GET /invoicesJSON?numberOfPage=0&numberOfRows=10&search= HTTP/1.1" 200 284
::1 - - [23/Mar/2021:20:59:31 +0100] "GET /invoiceDetails?id=4 HTTP/1.1" 200 602
::1 - - [23/Mar/2021:20:59:33 +0100] "GET /invoices HTTP/1.1" 200 13592
::1 - - [23/Mar/2021:20:59:33 +0100] "GET /invoicesJSON?numberOfPage=0&numberOfRows=10&search= HTTP/1.1" 200 284
::1 - - [23/Mar/2021:20:59:34 +0100] "GET /invoiceDetails?id=4 HTTP/1.1" 200 602
::1 - - [23/Mar/2021:20:59:37 +0100] "GET /invoices HTTP/1.1" 200 13592
::1 - - [23/Mar/2021:20:59:37 +0100] "GET /invoicesJSON?numberOfPage=0&numberOfRows=10&search= HTTP/1.1" 200 284
::1 - - [23/Mar/2021:20:59:43 +0100] "GET /invoiceDetails?id=4 HTTP/1.1" 200 602
::1 - - [23/Mar/2021:20:59:47 +0100] "GET /invoices HTTP/1.1" 200 13592
::1 - - [23/Mar/2021:20:59:48 +0100] "GET /invoicesJSON?numberOfPage=0&numberOfRows=10&search= HTTP/1.1" 200 284
::1 - - [23/Mar/2021:20:59:53 +0100] "GET /invoiceCreate HTTP/1.1" 200 15650
::1 - - [23/Mar/2021:20:59:57 +0100] "GET /customersDropdown?id=ned HTTP/1.1" 200 51
::1 - - [23/Mar/2021:20:59:58 +0100] "GET /customersDropdown?id=neda HTTP/1.1" 200 51
::1 - - [23/Mar/2021:21:00:01 +0100] "GET /productsDropdown?id=st HTTP/1.1" 200 423
::1 - - [23/Mar/2021:21:00:01 +0100] "GET /productsDropdown?id=sto HTTP/1.1" 200 79
::1 - - [23/Mar/2021:21:01:29 +0100] "GET /productsDropdown?id=st HTTP/1.1" 200 423
::1 - - [23/Mar/2021:21:01:32 +0100] "POST /invoiceCreateProcess HTTP/1.1" 302 -
::1 - - [23/Mar/2021:21:01:32 +0100] "GET /invoiceCreate HTTP/1.1" 200 15819
::1 - - [23/Mar/2021:21:01:35 +0100] "GET /profile HTTP/1.1" 200 12501
::1 - - [23/Mar/2021:21:01:36 +0100] "GET /invoices HTTP/1.1" 200 13592
::1 - - [23/Mar/2021:21:01:36 +0100] "GET /invoicesJSON?numberOfPage=0&numberOfRows=10&search= HTTP/1.1" 200 423
::1 - - [23/Mar/2021:21:03:04 +0100] "GET /invoices HTTP/1.1" 200 13592
::1 - - [23/Mar/2021:21:03:04 +0100] "GET /invoicesJSON?numberOfPage=0&numberOfRows=10&search= HTTP/1.1" 200 423
::1 - - [23/Mar/2021:21:03:06 +0100] "GET /customers HTTP/1.1" 200 13562
::1 - - [23/Mar/2021:21:03:06 +0100] "GET /customersJSON?numberOfPage=0&numberOfRows=10&search= HTTP/1.1" 200 354
::1 - - [23/Mar/2021:21:03:07 +0100] "GET /products HTTP/1.1" 200 13459
::1 - - [23/Mar/2021:21:03:07 +0100] "GET /productsJSON?numberOfPage=0&numberOfRows=10&search= HTTP/1.1" 200 2572
::1 - - [23/Mar/2021:21:03:08 +0100] "GET /invoices HTTP/1.1" 200 13592
::1 - - [23/Mar/2021:21:03:08 +0100] "GET /invoicesJSON?numberOfPage=0&numberOfRows=10&search= HTTP/1.1" 200 423
::1 - - [23/Mar/2021:21:03:10 +0100] "GET /products HTTP/1.1" 200 13459
::1 - - [23/Mar/2021:21:03:10 +0100] "GET /productsJSON?numberOfPage=0&numberOfRows=10&search= HTTP/1.1" 200 2572
::1 - - [23/Mar/2021:21:03:10 +0100] "GET /customers HTTP/1.1" 200 13562
::1 - - [23/Mar/2021:21:03:11 +0100] "GET /customersJSON?numberOfPage=0&numberOfRows=10&search= HTTP/1.1" 200 354
::1 - - [23/Mar/2021:21:03:13 +0100] "GET /customers HTTP/1.1" 200 13562
::1 - - [23/Mar/2021:21:03:13 +0100] "GET /customersJSON?numberOfPage=0&numberOfRows=10&search= HTTP/1.1" 200 354
::1 - - [23/Mar/2021:21:03:15 +0100] "GET /products HTTP/1.1" 200 13459
::1 - - [23/Mar/2021:21:03:15 +0100] "GET /productsJSON?numberOfPage=0&numberOfRows=10&search= HTTP/1.1" 200 2572
::1 - - [23/Mar/2021:21:03:16 +0100] "GET /productCreate HTTP/1.1" 200 11599
::1 - - [23/Mar/2021:21:03:22 +0100] "POST /importProductJsonProcess HTTP/1.1" 302 -
::1 - - [23/Mar/2021:21:03:22 +0100] "GET /productCreate HTTP/1.1" 200 11784
::1 - - [23/Mar/2021:21:03:27 +0100] "POST /importProductJsonProcess HTTP/1.1" 302 -
::1 - - [23/Mar/2021:21:03:27 +0100] "GET /productCreate HTTP/1.1" 200 11599
::1 - - [23/Mar/2021:21:03:42 +0100] "GET /products HTTP/1.1" 200 13459
::1 - - [23/Mar/2021:21:03:42 +0100] "GET /productsJSON?numberOfPage=0&numberOfRows=10&search= HTTP/1.1" 200 2572
::1 - - [23/Mar/2021:21:03:44 +0100] "GET /customers HTTP/1.1" 200 13562
::1 - - [23/Mar/2021:21:03:44 +0100] "GET /customersJSON?numberOfPage=0&numberOfRows=10&search= HTTP/1.1" 200 354
::1 - - [23/Mar/2021:21:03:45 +0100] "GET /customerCreate HTTP/1.1" 200 11975
::1 - - [23/Mar/2021:21:03:49 +0100] "POST /importCustomerJsonProcess HTTP/1.1" 302 -
::1 - - [23/Mar/2021:21:03:49 +0100] "GET /customerCreate HTTP/1.1" 200 12440
::1 - - [23/Mar/2021:21:03:52 +0100] "GET /invoices HTTP/1.1" 200 13592
::1 - - [23/Mar/2021:21:03:52 +0100] "GET /invoicesJSON?numberOfPage=0&numberOfRows=10&search= HTTP/1.1" 200 423
::1 - - [23/Mar/2021:21:03:53 +0100] "GET /invoiceCreate HTTP/1.1" 200 15650
::1 - - [23/Mar/2021:21:03:56 +0100] "GET /customers HTTP/1.1" 200 13562
::1 - - [23/Mar/2021:21:03:56 +0100] "GET /customersJSON?numberOfPage=0&numberOfRows=10&search= HTTP/1.1" 200 354
::1 - - [23/Mar/2021:21:04:28 +0100] "GET /customers HTTP/1.1" 200 13562
::1 - - [23/Mar/2021:21:04:29 +0100] "GET /customersJSON?numberOfPage=0&numberOfRows=10&search= HTTP/1.1" 200 354
::1 - - [23/Mar/2021:21:04:58 +0100] "GET /invoices HTTP/1.1" 200 13592
::1 - - [23/Mar/2021:21:04:58 +0100] "GET /invoicesJSON?numberOfPage=0&numberOfRows=10&search= HTTP/1.1" 200 423
::1 - - [23/Mar/2021:21:04:59 +0100] "GET /invoiceCreate HTTP/1.1" 200 15650
::1 - - [23/Mar/2021:21:06:48 +0100] "GET /invoiceCreate HTTP/1.1" 200 15635
::1 - - [23/Mar/2021:21:06:49 +0100] "GET /invoiceCreate HTTP/1.1" 200 15635
::1 - - [23/Mar/2021:21:07:13 +0100] "POST /invoiceCreateProcess HTTP/1.1" 200 941
::1 - - [23/Mar/2021:21:07:14 +0100] "GET /invoiceCreate HTTP/1.1" 200 15635
::1 - - [23/Mar/2021:21:07:15 +0100] "GET /invoices HTTP/1.1" 200 13592
::1 - - [23/Mar/2021:21:07:15 +0100] "GET /invoicesJSON?numberOfPage=0&numberOfRows=10&search= HTTP/1.1" 200 423
::1 - - [23/Mar/2021:21:07:24 +0100] "GET /invoices HTTP/1.1" 200 13592
::1 - - [23/Mar/2021:21:07:24 +0100] "GET /invoicesJSON?numberOfPage=0&numberOfRows=10&search= HTTP/1.1" 200 423
::1 - - [23/Mar/2021:21:07:25 +0100] "GET /profile HTTP/1.1" 200 12501
::1 - - [23/Mar/2021:21:07:27 +0100] "GET /invoices HTTP/1.1" 200 13592
::1 - - [23/Mar/2021:21:07:27 +0100] "GET /invoicesJSON?numberOfPage=0&numberOfRows=10&search= HTTP/1.1" 200 423
::1 - - [23/Mar/2021:21:07:33 +0100] "GET /invoiceCreate HTTP/1.1" 200 15635
::1 - - [23/Mar/2021:21:07:48 +0100] "GET /invoices HTTP/1.1" 200 13592
::1 - - [23/Mar/2021:21:07:48 +0100] "GET /invoicesJSON?numberOfPage=0&numberOfRows=10&search= HTTP/1.1" 200 423
::1 - - [23/Mar/2021:21:08:25 +0100] "GET /invoices HTTP/1.1" 200 13592
::1 - - [23/Mar/2021:21:08:26 +0100] "GET /invoicesJSON?numberOfPage=0&numberOfRows=10&search= HTTP/1.1" 200 423
::1 - - [23/Mar/2021:21:08:26 +0100] "GET /invoices HTTP/1.1" 200 13592
::1 - - [23/Mar/2021:21:08:27 +0100] "GET /invoicesJSON?numberOfPage=0&numberOfRows=10&search= HTTP/1.1" 200 423
::1 - - [23/Mar/2021:21:08:27 +0100] "GET /profile HTTP/1.1" 200 12501
::1 - - [23/Mar/2021:21:08:28 +0100] "GET /invoices HTTP/1.1" 200 13592
::1 - - [23/Mar/2021:21:08:28 +0100] "GET /invoicesJSON?numberOfPage=0&numberOfRows=10&search= HTTP/1.1" 200 423
::1 - - [23/Mar/2021:21:08:29 +0100] "GET /products HTTP/1.1" 200 13459
::1 - - [23/Mar/2021:21:08:29 +0100] "GET /productsJSON?numberOfPage=0&numberOfRows=10&search= HTTP/1.1" 200 2572
::1 - - [23/Mar/2021:21:08:30 +0100] "GET /invoices HTTP/1.1" 200 13592
::1 - - [23/Mar/2021:21:08:30 +0100] "GET /invoicesJSON?numberOfPage=0&numberOfRows=10&search= HTTP/1.1" 200 423
::1 - - [23/Mar/2021:21:08:31 +0100] "GET /invoiceDetails?id=4 HTTP/1.1" 200 602
::1 - - [23/Mar/2021:21:08:32 +0100] "GET /invoices HTTP/1.1" 200 13592
::1 - - [23/Mar/2021:21:08:32 +0100] "GET /invoicesJSON?numberOfPage=0&numberOfRows=10&search= HTTP/1.1" 200 423
::1 - - [23/Mar/2021:21:08:33 +0100] "GET /customers HTTP/1.1" 200 13562
::1 - - [23/Mar/2021:21:08:33 +0100] "GET /customersJSON?numberOfPage=0&numberOfRows=10&search= HTTP/1.1" 200 354
::1 - - [23/Mar/2021:21:08:35 +0100] "GET /products HTTP/1.1" 200 13459
::1 - - [23/Mar/2021:21:08:35 +0100] "GET /productsJSON?numberOfPage=0&numberOfRows=10&search= HTTP/1.1" 200 2572
::1 - - [23/Mar/2021:21:08:38 +0100] "GET /customerReports HTTP/1.1" 200 15966
::1 - - [23/Mar/2021:21:08:38 +0100] "GET /customersPerDay HTTP/1.1" 200 54
::1 - - [23/Mar/2021:21:08:38 +0100] "GET /customersActive HTTP/1.1" 200 48
::1 - - [23/Mar/2021:21:08:42 +0100] "GET /home HTTP/1.1" 200 8828
::1 - - [23/Mar/2021:21:08:44 +0100] "GET /invoices HTTP/1.1" 200 13592
::1 - - [23/Mar/2021:21:08:44 +0100] "GET /invoicesJSON?numberOfPage=0&numberOfRows=10&search= HTTP/1.1" 200 423
::1 - - [23/Mar/2021:21:09:04 +0100] "GET /invoices HTTP/1.1" 200 13592
::1 - - [23/Mar/2021:21:09:05 +0100] "GET /invoicesJSON?numberOfPage=0&numberOfRows=10&search= HTTP/1.1" 200 423
::1 - - [23/Mar/2021:21:09:06 +0100] "GET /invoices HTTP/1.1" 200 13592
::1 - - [23/Mar/2021:21:09:06 +0100] "GET /invoicesJSON?numberOfPage=0&numberOfRows=10&search= HTTP/1.1" 200 423
::1 - - [23/Mar/2021:21:09:07 +0100] "GET /products HTTP/1.1" 200 13459
::1 - - [23/Mar/2021:21:09:07 +0100] "GET /productsJSON?numberOfPage=0&numberOfRows=10&search= HTTP/1.1" 200 2572
::1 - - [23/Mar/2021:21:09:07 +0100] "GET /customers HTTP/1.1" 200 13562
::1 - - [23/Mar/2021:21:09:08 +0100] "GET /customersJSON?numberOfPage=0&numberOfRows=10&search= HTTP/1.1" 200 354
::1 - - [23/Mar/2021:21:09:08 +0100] "GET /invoices HTTP/1.1" 200 13592
::1 - - [23/Mar/2021:21:09:09 +0100] "GET /invoicesJSON?numberOfPage=0&numberOfRows=10&search= HTTP/1.1" 200 423
::1 - - [23/Mar/2021:21:09:11 +0100] "GET /invoiceDetails?id=4 HTTP/1.1" 200 602
::1 - - [23/Mar/2021:21:09:12 +0100] "GET /invoices HTTP/1.1" 200 13592
::1 - - [23/Mar/2021:21:09:12 +0100] "GET /invoicesJSON?numberOfPage=0&numberOfRows=10&search= HTTP/1.1" 200 423
::1 - - [23/Mar/2021:21:09:13 +0100] "GET /invoiceCreate HTTP/1.1" 200 15635
::1 - - [23/Mar/2021:21:09:15 +0100] "POST /invoiceCreateProcess HTTP/1.1" 200 941
::1 - - [23/Mar/2021:21:09:17 +0100] "GET /invoiceCreate HTTP/1.1" 200 15635
::1 - - [23/Mar/2021:21:09:18 +0100] "GET /invoices HTTP/1.1" 200 13592
::1 - - [23/Mar/2021:21:09:19 +0100] "GET /invoicesJSON?numberOfPage=0&numberOfRows=10&search= HTTP/1.1" 200 423
::1 - - [23/Mar/2021:21:09:22 +0100] "GET /customers HTTP/1.1" 200 13562
::1 - - [23/Mar/2021:21:09:23 +0100] "GET /customersJSON?numberOfPage=0&numberOfRows=10&search= HTTP/1.1" 200 354
::1 - - [23/Mar/2021:21:09:25 +0100] "GET /customerDelete?id=1 HTTP/1.1" 200 9899
::1 - - [23/Mar/2021:21:09:26 +0100] "POST /customerDeleteProcess HTTP/1.1" 302 -
::1 - - [23/Mar/2021:21:09:26 +0100] "GET /customers HTTP/1.1" 200 13693
::1 - - [23/Mar/2021:21:09:26 +0100] "GET /customersJSON?numberOfPage=0&numberOfRows=10&search= HTTP/1.1" 200 178
::1 - - [23/Mar/2021:21:09:30 +0100] "GET /invoices HTTP/1.1" 200 13592
::1 - - [23/Mar/2021:21:09:30 +0100] "GET /invoicesJSON?numberOfPage=0&numberOfRows=10&search= HTTP/1.1" 200 281
::1 - - [23/Mar/2021:21:10:05 +0100] "GET /invoices HTTP/1.1" 200 13592
::1 - - [23/Mar/2021:21:10:05 +0100] "GET /invoicesJSON?numberOfPage=0&numberOfRows=10&search= HTTP/1.1" 200 281
::1 - - [23/Mar/2021:21:10:07 +0100] "GET /invoices HTTP/1.1" 200 13592
::1 - - [23/Mar/2021:21:10:07 +0100] "GET /invoicesJSON?numberOfPage=0&numberOfRows=10&search= HTTP/1.1" 200 281
::1 - - [23/Mar/2021:21:10:09 +0100] "GET /customers HTTP/1.1" 200 13562
::1 - - [23/Mar/2021:21:10:10 +0100] "GET /customersJSON?numberOfPage=0&numberOfRows=10&search= HTTP/1.1" 200 178
::1 - - [23/Mar/2021:21:10:11 +0100] "GET /invoices HTTP/1.1" 200 13592
::1 - - [23/Mar/2021:21:10:11 +0100] "GET /invoicesJSON?numberOfPage=0&numberOfRows=10&search= HTTP/1.1" 200 281
::1 - - [23/Mar/2021:21:10:13 +0100] "GET /customers HTTP/1.1" 200 13562
::1 - - [23/Mar/2021:21:10:14 +0100] "GET /customersJSON?numberOfPage=0&numberOfRows=10&search= HTTP/1.1" 200 178
::1 - - [23/Mar/2021:21:10:15 +0100] "GET /invoices HTTP/1.1" 200 13592
::1 - - [23/Mar/2021:21:10:15 +0100] "GET /invoicesJSON?numberOfPage=0&numberOfRows=10&search= HTTP/1.1" 200 281
::1 - - [23/Mar/2021:21:10:19 +0100] "GET /invoiceDetails?id=5 HTTP/1.1" 200 602
::1 - - [23/Mar/2021:21:10:20 +0100] "GET /invoices HTTP/1.1" 200 13592
::1 - - [23/Mar/2021:21:10:21 +0100] "GET /invoicesJSON?numberOfPage=0&numberOfRows=10&search= HTTP/1.1" 200 281
::1 - - [23/Mar/2021:21:10:22 +0100] "GET /invoiceDetails?id=5 HTTP/1.1" 200 602
::1 - - [23/Mar/2021:21:10:25 +0100] "GET /invoices HTTP/1.1" 200 13592
::1 - - [23/Mar/2021:21:10:25 +0100] "GET /invoicesJSON?numberOfPage=0&numberOfRows=10&search= HTTP/1.1" 200 281
::1 - - [23/Mar/2021:21:10:27 +0100] "GET /customers HTTP/1.1" 200 13562
::1 - - [23/Mar/2021:21:10:27 +0100] "GET /customersJSON?numberOfPage=0&numberOfRows=10&search= HTTP/1.1" 200 178
::1 - - [23/Mar/2021:21:10:28 +0100] "GET /customerDetails?id=2 HTTP/1.1" 200 9675
::1 - - [23/Mar/2021:21:10:30 +0100] "GET /products HTTP/1.1" 200 13459
::1 - - [23/Mar/2021:21:10:30 +0100] "GET /productsJSON?numberOfPage=0&numberOfRows=10&search= HTTP/1.1" 200 2572
::1 - - [23/Mar/2021:21:10:31 +0100] "GET /productDetails?id=2115 HTTP/1.1" 200 9617
::1 - - [23/Mar/2021:21:10:33 +0100] "GET /products HTTP/1.1" 200 13459
::1 - - [23/Mar/2021:21:10:33 +0100] "GET /productsJSON?numberOfPage=0&numberOfRows=10&search= HTTP/1.1" 200 2572
::1 - - [23/Mar/2021:21:10:51 +0100] "GET /products HTTP/1.1" 200 13459
::1 - - [23/Mar/2021:21:10:51 +0100] "GET /productsJSON?numberOfPage=0&numberOfRows=10&search= HTTP/1.1" 200 2572
::1 - - [23/Mar/2021:21:10:52 +0100] "GET /invoices HTTP/1.1" 200 13592
::1 - - [23/Mar/2021:21:10:52 +0100] "GET /invoicesJSON?numberOfPage=0&numberOfRows=10&search= HTTP/1.1" 200 281
::1 - - [23/Mar/2021:21:10:54 +0100] "GET /invoiceDetails?id=5 HTTP/1.1" 200 602
::1 - - [23/Mar/2021:21:10:56 +0100] "GET /invoices HTTP/1.1" 200 13592
::1 - - [23/Mar/2021:21:10:56 +0100] "GET /invoicesJSON?numberOfPage=0&numberOfRows=10&search= HTTP/1.1" 200 281
::1 - - [23/Mar/2021:21:11:09 +0100] "GET /invoices HTTP/1.1" 200 13592
::1 - - [23/Mar/2021:21:11:10 +0100] "GET /invoicesJSON?numberOfPage=0&numberOfRows=10&search= HTTP/1.1" 200 281
::1 - - [23/Mar/2021:21:12:22 +0100] "GET /products HTTP/1.1" 200 13459
::1 - - [23/Mar/2021:21:12:22 +0100] "GET /productsJSON?numberOfPage=0&numberOfRows=10&search= HTTP/1.1" 200 2572
::1 - - [23/Mar/2021:21:13:48 +0100] "GET /products HTTP/1.1" 200 13461
::1 - - [23/Mar/2021:21:13:48 +0100] "GET /productsJSON?numberOfPage=0&numberOfRows=10&search= HTTP/1.1" 200 2572
::1 - - [23/Mar/2021:21:13:55 +0100] "GET /productDetails?id=2115 HTTP/1.1" 200 9617
::1 - - [23/Mar/2021:21:13:57 +0100] "GET /products HTTP/1.1" 200 13461
::1 - - [23/Mar/2021:21:13:57 +0100] "GET /products HTTP/1.1" 200 13461
::1 - - [23/Mar/2021:21:13:57 +0100] "GET /productsJSON?numberOfPage=0&numberOfRows=10&search= HTTP/1.1" 200 2572
::1 - - [23/Mar/2021:21:13:58 +0100] "GET /productCreate HTTP/1.1" 200 11599
::1 - - [23/Mar/2021:21:15:24 +0100] "GET /products HTTP/1.1" 200 13461
::1 - - [23/Mar/2021:21:15:24 +0100] "GET /productsJSON?numberOfPage=0&numberOfRows=10&search= HTTP/1.1" 200 2572
::1 - - [23/Mar/2021:21:15:27 +0100] "GET /productCreate HTTP/1.1" 200 11599
::1 - - [23/Mar/2021:21:15:29 +0100] "GET /products HTTP/1.1" 200 13461
::1 - - [23/Mar/2021:21:15:29 +0100] "GET /productsJSON?numberOfPage=0&numberOfRows=10&search= HTTP/1.1" 200 2572
::1 - - [23/Mar/2021:21:15:30 +0100] "GET /productEdit?id=2115 HTTP/1.1" 200 11190
::1 - - [23/Mar/2021:21:15:33 +0100] "GET /products HTTP/1.1" 200 13461
::1 - - [23/Mar/2021:21:15:33 +0100] "GET /productsJSON?numberOfPage=0&numberOfRows=10&search= HTTP/1.1" 200 2572
::1 - - [23/Mar/2021:21:15:39 +0100] "GET /productDetails?id=2115 HTTP/1.1" 200 9622
::1 - - [23/Mar/2021:21:15:47 +0100] "GET /products HTTP/1.1" 200 13461
::1 - - [23/Mar/2021:21:15:47 +0100] "GET /productsJSON?numberOfPage=0&numberOfRows=10&search= HTTP/1.1" 200 2572
::1 - - [23/Mar/2021:21:16:21 +0100] "GET /productDelete?id=2115 HTTP/1.1" 200 9847
::1 - - [23/Mar/2021:21:16:28 +0100] "GET /products HTTP/1.1" 200 13461
::1 - - [23/Mar/2021:21:16:28 +0100] "GET /productsJSON?numberOfPage=0&numberOfRows=10&search= HTTP/1.1" 200 2572
::1 - - [23/Mar/2021:21:16:47 +0100] "GET /productEdit?id=2115 HTTP/1.1" 200 11190
::1 - - [23/Mar/2021:21:16:52 +0100] "POST /productUpdateProcess HTTP/1.1" 302 -
::1 - - [23/Mar/2021:21:16:52 +0100] "GET /productEdit?id=2115 HTTP/1.1" 200 11662
::1 - - [23/Mar/2021:21:16:55 +0100] "GET /productEdit?id=2115 HTTP/1.1" 200 11191
::1 - - [23/Mar/2021:21:16:56 +0100] "GET /products HTTP/1.1" 200 13461
::1 - - [23/Mar/2021:21:16:57 +0100] "GET /productsJSON?numberOfPage=0&numberOfRows=10&search= HTTP/1.1" 200 2573
::1 - - [23/Mar/2021:21:18:10 +0100] "GET /productCreate HTTP/1.1" 200 11596
::1 - - [23/Mar/2021:21:19:58 +0100] "GET /assets/plugins/bootstrap/js/bootstrap.bundle.min.js.map HTTP/1.1" 200 318045
::1 - - [23/Mar/2021:21:19:58 +0100] "GET /assets/dist/js/adminlte.min.js.map HTTP/1.1" 200 82896
::1 - - [23/Mar/2021:21:19:58 +0100] "GET /assets/dist/css/adminlte.min.css.map HTTP/1.1" 200 1483437
::1 - - [23/Mar/2021:21:19:58 +0100] "GET /assets/plugins/select2/css/select2.bundle.css.map HTTP/1.1" 404 2009
::1 - - [23/Mar/2021:21:23:23 +0100] "GET /productCreate HTTP/1.1" 200 11600
::1 - - [23/Mar/2021:21:23:23 +0100] "GET /assets/dist/js/adminlte.min.js.map HTTP/1.1" 200 82896
::1 - - [23/Mar/2021:21:23:23 +0100] "GET /assets/plugins/bootstrap/js/bootstrap.bundle.min.js.map HTTP/1.1" 200 318045
::1 - - [23/Mar/2021:21:23:23 +0100] "GET /assets/dist/css/adminlte.min.css.map HTTP/1.1" 200 1483437
::1 - - [23/Mar/2021:21:23:23 +0100] "GET /assets/plugins/select2/css/select2.bundle.css.map HTTP/1.1" 404 2009
::1 - - [23/Mar/2021:21:30:48 +0100] "GET /productCreate HTTP/1.1" 200 11600
::1 - - [23/Mar/2021:21:30:48 +0100] "GET /assets/dist/css/adminlte.min.css.map HTTP/1.1" 200 1483437
::1 - - [23/Mar/2021:21:30:48 +0100] "GET /assets/plugins/select2/css/select2.bundle.css.map HTTP/1.1" 404 2009
::1 - - [23/Mar/2021:21:30:48 +0100] "GET /assets/plugins/bootstrap/js/bootstrap.bundle.min.js.map HTTP/1.1" 200 318045
::1 - - [23/Mar/2021:21:30:48 +0100] "GET /assets/dist/js/adminlte.min.js.map HTTP/1.1" 200 82896
::1 - - [23/Mar/2021:21:30:52 +0100] "GET /products HTTP/1.1" 200 13461
::1 - - [23/Mar/2021:21:30:53 +0100] "GET /productsJSON?numberOfPage=0&numberOfRows=10&search= HTTP/1.1" 200 2573
::1 - - [23/Mar/2021:21:30:56 +0100] "GET /productCreate HTTP/1.1" 200 11600
::1 - - [23/Mar/2021:21:30:59 +0100] "GET /products HTTP/1.1" 200 13461
::1 - - [23/Mar/2021:21:30:59 +0100] "GET /productsJSON?numberOfPage=0&numberOfRows=10&search= HTTP/1.1" 200 2573
::1 - - [23/Mar/2021:21:31:01 +0100] "GET /productEdit?id=2115 HTTP/1.1" 200 11188
::1 - - [23/Mar/2021:21:31:04 +0100] "GET /products HTTP/1.1" 200 13461
::1 - - [23/Mar/2021:21:31:04 +0100] "GET /productsJSON?numberOfPage=0&numberOfRows=10&search= HTTP/1.1" 200 2573
::1 - - [23/Mar/2021:21:31:04 +0100] "GET /productDelete?id=2115 HTTP/1.1" 200 9848
::1 - - [23/Mar/2021:21:31:07 +0100] "GET /products HTTP/1.1" 200 13461
::1 - - [23/Mar/2021:21:31:07 +0100] "GET /productsJSON?numberOfPage=0&numberOfRows=10&search= HTTP/1.1" 200 2573
::1 - - [23/Mar/2021:21:31:08 +0100] "GET /productDetails?id=2115 HTTP/1.1" 200 9623
::1 - - [23/Mar/2021:21:31:09 +0100] "GET /products HTTP/1.1" 200 13461
::1 - - [23/Mar/2021:21:31:09 +0100] "GET /productsJSON?numberOfPage=0&numberOfRows=10&search= HTTP/1.1" 200 2573
::1 - - [23/Mar/2021:21:31:13 +0100] "GET /productCreate HTTP/1.1" 200 11600
::1 - - [23/Mar/2021:21:31:17 +0100] "GET /products HTTP/1.1" 200 13461
::1 - - [23/Mar/2021:21:31:17 +0100] "GET /productsJSON?numberOfPage=0&numberOfRows=10&search= HTTP/1.1" 200 2573
::1 - - [23/Mar/2021:21:31:52 +0100] "GET /assets/plugins/bootstrap/js/bootstrap.bundle.min.js.map HTTP/1.1" 200 318045
::1 - - [23/Mar/2021:21:31:52 +0100] "GET /assets/dist/js/adminlte.min.js.map HTTP/1.1" 200 82896
::1 - - [23/Mar/2021:21:31:52 +0100] "GET /assets/dist/css/adminlte.min.css.map HTTP/1.1" 200 1483437
::1 - - [23/Mar/2021:21:31:52 +0100] "GET /assets/plugins/select2/css/select2.bundle.css.map HTTP/1.1" 404 2009
::1 - - [23/Mar/2021:21:32:01 +0100] "GET /productCreate HTTP/1.1" 200 11600
::1 - - [23/Mar/2021:21:32:01 +0100] "GET /assets/dist/css/adminlte.min.css.map HTTP/1.1" 200 1483437
::1 - - [23/Mar/2021:21:32:01 +0100] "GET /assets/plugins/select2/css/select2.bundle.css.map HTTP/1.1" 404 2009
::1 - - [23/Mar/2021:21:32:01 +0100] "GET /assets/dist/js/adminlte.min.js.map HTTP/1.1" 200 82896
::1 - - [23/Mar/2021:21:32:01 +0100] "GET /assets/plugins/bootstrap/js/bootstrap.bundle.min.js.map HTTP/1.1" 200 318045
::1 - - [23/Mar/2021:21:35:36 +0100] "GET /home HTTP/1.1" 200 8828
::1 - - [23/Mar/2021:21:35:36 +0100] "GET /home HTTP/1.1" 200 8828
::1 - - [23/Mar/2021:21:35:38 +0100] "GET /profile HTTP/1.1" 200 12501
::1 - - [23/Mar/2021:21:35:39 +0100] "GET /home HTTP/1.1" 200 8828
::1 - - [23/Mar/2021:21:42:30 +0100] "GET /home HTTP/1.1" 200 8826
::1 - - [23/Mar/2021:21:42:38 +0100] "GET /products HTTP/1.1" 200 13459
::1 - - [23/Mar/2021:21:42:39 +0100] "GET /productsJSON?numberOfPage=0&numberOfRows=10&search= HTTP/1.1" 200 2573
::1 - - [23/Mar/2021:21:42:41 +0100] "GET /customers HTTP/1.1" 200 13560
::1 - - [23/Mar/2021:21:42:42 +0100] "GET /customersJSON?numberOfPage=0&numberOfRows=10&search= HTTP/1.1" 200 178
::1 - - [23/Mar/2021:21:42:47 +0100] "GET /logout HTTP/1.1" 302 -
::1 - - [23/Mar/2021:21:42:47 +0100] "GET /login HTTP/1.1" 200 2709
::1 - - [23/Mar/2021:21:43:32 +0100] "GET /login HTTP/1.1" 200 2711
::1 - - [23/Mar/2021:21:43:42 +0100] "GET /login HTTP/1.1" 200 2712
::1 - - [23/Mar/2021:21:43:45 +0100] "GET /register HTTP/1.1" 200 3014
::1 - - [23/Mar/2021:21:43:50 +0100] "GET /login HTTP/1.1" 200 2712
::1 - - [23/Mar/2021:21:44:01 +0100] "POST /loginProcess HTTP/1.1" 302 -
::1 - - [23/Mar/2021:21:44:01 +0100] "GET /profile HTTP/1.1" 200 12499
::1 - - [23/Mar/2021:21:44:06 +0100] "GET /profile HTTP/1.1" 200 12499
::1 - - [23/Mar/2021:21:44:07 +0100] "GET /invoices HTTP/1.1" 200 13590
::1 - - [23/Mar/2021:21:44:07 +0100] "GET /invoicesJSON?numberOfPage=0&numberOfRows=10&search= HTTP/1.1" 200 281
::1 - - [23/Mar/2021:21:44:10 +0100] "GET /invoiceCreate HTTP/1.1" 200 15633
::1 - - [23/Mar/2021:21:44:13 +0100] "GET /products HTTP/1.1" 200 13459
::1 - - [23/Mar/2021:21:44:13 +0100] "GET /productsJSON?numberOfPage=0&numberOfRows=10&search= HTTP/1.1" 200 2573
::1 - - [23/Mar/2021:21:44:17 +0100] "GET /productEdit?id=2115 HTTP/1.1" 200 11186
::1 - - [23/Mar/2021:21:44:24 +0100] "GET /assets/plugins/bootstrap/js/bootstrap.bundle.min.js.map HTTP/1.1" 200 318045
::1 - - [23/Mar/2021:21:44:24 +0100] "GET /assets/dist/js/adminlte.min.js.map HTTP/1.1" 200 82896
::1 - - [23/Mar/2021:21:44:24 +0100] "GET /assets/dist/css/adminlte.min.css.map HTTP/1.1" 200 1483437
::1 - - [23/Mar/2021:21:44:24 +0100] "GET /assets/plugins/select2/css/select2.bundle.css.map HTTP/1.1" 404 2009
::1 - - [23/Mar/2021:21:46:20 +0100] "GET /productEdit?id=2115 HTTP/1.1" 200 11191
::1 - - [23/Mar/2021:21:46:20 +0100] "GET /assets/dist/css/adminlte.min.css.map HTTP/1.1" 200 1483437
::1 - - [23/Mar/2021:21:46:20 +0100] "GET /assets/plugins/select2/css/select2.bundle.css.map HTTP/1.1" 404 2009
::1 - - [23/Mar/2021:21:46:20 +0100] "GET /assets/dist/js/adminlte.min.js.map HTTP/1.1" 200 82896
::1 - - [23/Mar/2021:21:46:20 +0100] "GET /assets/plugins/bootstrap/js/bootstrap.bundle.min.js.map HTTP/1.1" 200 318045
::1 - - [23/Mar/2021:21:46:34 +0100] "GET /productEdit?id=2115 HTTP/1.1" 200 11191
::1 - - [23/Mar/2021:21:46:37 +0100] "GET /products HTTP/1.1" 200 13459
::1 - - [23/Mar/2021:21:46:37 +0100] "GET /productsJSON?numberOfPage=0&numberOfRows=10&search= HTTP/1.1" 200 2573
::1 - - [23/Mar/2021:21:46:39 +0100] "GET /productDetails?id=2115 HTTP/1.1" 200 9621
::1 - - [23/Mar/2021:21:46:40 +0100] "GET /products HTTP/1.1" 200 13459
::1 - - [23/Mar/2021:21:46:40 +0100] "GET /productsJSON?numberOfPage=0&numberOfRows=10&search= HTTP/1.1" 200 2573
::1 - - [23/Mar/2021:21:46:41 +0100] "GET /productDelete?id=2115 HTTP/1.1" 200 9846
::1 - - [23/Mar/2021:21:46:43 +0100] "GET /products HTTP/1.1" 200 13459
::1 - - [23/Mar/2021:21:46:43 +0100] "GET /productsJSON?numberOfPage=0&numberOfRows=10&search= HTTP/1.1" 200 2573
::1 - - [23/Mar/2021:21:46:44 +0100] "GET /productCreate HTTP/1.1" 200 11603
::1 - - [23/Mar/2021:21:46:46 +0100] "GET /products HTTP/1.1" 200 13459
::1 - - [23/Mar/2021:21:46:46 +0100] "GET /productsJSON?numberOfPage=0&numberOfRows=10&search= HTTP/1.1" 200 2573
::1 - - [23/Mar/2021:21:46:47 +0100] "GET /productEdit?id=2115 HTTP/1.1" 200 11191
::1 - - [23/Mar/2021:21:46:50 +0100] "GET /products HTTP/1.1" 200 13459
::1 - - [23/Mar/2021:21:46:50 +0100] "GET /productsJSON?numberOfPage=0&numberOfRows=10&search= HTTP/1.1" 200 2573
::1 - - [23/Mar/2021:21:46:55 +0100] "GET /productsJSON?numberOfPage=0&numberOfRows=10&search=sto HTTP/1.1" 200 305
::1 - - [23/Mar/2021:21:46:59 +0100] "GET /productsJSON?numberOfPage=0&numberOfRows=10&search= HTTP/1.1" 200 2573
::1 - - [23/Mar/2021:21:51:34 +0100] "-" 408 -
::1 - - [23/Mar/2021:21:54:43 +0100] "GET /products HTTP/1.1" 200 13459
::1 - - [23/Mar/2021:21:54:43 +0100] "GET /productsJSON?numberOfPage=0&numberOfRows=10&search= HTTP/1.1" 200 2573
::1 - - [23/Mar/2021:21:54:45 +0100] "GET /invoices HTTP/1.1" 200 13590
::1 - - [23/Mar/2021:21:54:46 +0100] "GET /invoicesJSON?numberOfPage=0&numberOfRows=10&search= HTTP/1.1" 200 281
::1 - - [23/Mar/2021:21:54:49 +0100] "GET /invoices HTTP/1.1" 200 13590
::1 - - [23/Mar/2021:21:54:49 +0100] "GET /invoicesJSON?numberOfPage=0&numberOfRows=10&search= HTTP/1.1" 200 281
::1 - - [23/Mar/2021:21:54:50 +0100] "GET /products HTTP/1.1" 200 13459
::1 - - [23/Mar/2021:21:54:51 +0100] "GET /productsJSON?numberOfPage=0&numberOfRows=10&search= HTTP/1.1" 200 2573
::1 - - [23/Mar/2021:21:54:52 +0100] "GET /products HTTP/1.1" 200 13459
::1 - - [23/Mar/2021:21:54:52 +0100] "GET /products HTTP/1.1" 200 13459
::1 - - [23/Mar/2021:21:54:52 +0100] "GET /productsJSON?numberOfPage=0&numberOfRows=10&search= HTTP/1.1" 200 2573
::1 - - [23/Mar/2021:21:54:52 +0100] "GET /invoices HTTP/1.1" 200 13590
::1 - - [23/Mar/2021:21:54:53 +0100] "GET /invoicesJSON?numberOfPage=0&numberOfRows=10&search= HTTP/1.1" 200 281
::1 - - [23/Mar/2021:21:54:53 +0100] "GET /customers HTTP/1.1" 200 13560
::1 - - [23/Mar/2021:21:54:54 +0100] "GET /customersJSON?numberOfPage=0&numberOfRows=10&search= HTTP/1.1" 200 178
::1 - - [23/Mar/2021:21:54:55 +0100] "GET /invoices HTTP/1.1" 200 13590
::1 - - [23/Mar/2021:21:54:55 +0100] "GET /invoicesJSON?numberOfPage=0&numberOfRows=10&search= HTTP/1.1" 200 281
::1 - - [23/Mar/2021:21:54:56 +0100] "GET /profile HTTP/1.1" 200 12499
::1 - - [23/Mar/2021:21:54:58 +0100] "GET /invoices HTTP/1.1" 200 13590
::1 - - [23/Mar/2021:21:54:58 +0100] "GET /invoicesJSON?numberOfPage=0&numberOfRows=10&search= HTTP/1.1" 200 281
::1 - - [23/Mar/2021:21:56:12 +0100] "GET /products HTTP/1.1" 200 13459
::1 - - [23/Mar/2021:21:56:12 +0100] "GET /productsJSON?numberOfPage=0&numberOfRows=10&search= HTTP/1.1" 200 2
::1 - - [23/Mar/2021:21:56:15 +0100] "GET /productCreate HTTP/1.1" 200 11603
::1 - - [23/Mar/2021:21:58:01 +0100] "POST /productCreateProcess HTTP/1.1" 302 -
::1 - - [23/Mar/2021:21:58:01 +0100] "GET /productCreate HTTP/1.1" 200 12070
::1 - - [23/Mar/2021:21:58:02 +0100] "GET /products HTTP/1.1" 200 13459
::1 - - [23/Mar/2021:21:58:02 +0100] "GET /productsJSON?numberOfPage=0&numberOfRows=10&search= HTTP/1.1" 200 1490
::1 - - [23/Mar/2021:21:58:31 +0100] "GET /productCreate HTTP/1.1" 200 11603
::1 - - [23/Mar/2021:21:58:42 +0100] "POST /productCreateProcess HTTP/1.1" 302 -
::1 - - [23/Mar/2021:21:58:43 +0100] "GET /productCreate HTTP/1.1" 200 12114
::1 - - [23/Mar/2021:21:59:11 +0100] "POST /productCreateProcess HTTP/1.1" 302 -
::1 - - [23/Mar/2021:21:59:11 +0100] "GET /productCreate HTTP/1.1" 200 12070
::1 - - [23/Mar/2021:21:59:12 +0100] "GET /products HTTP/1.1" 200 13459
::1 - - [23/Mar/2021:21:59:12 +0100] "GET /productsJSON?numberOfPage=0&numberOfRows=10&search= HTTP/1.1" 200 2866
::1 - - [23/Mar/2021:21:59:15 +0100] "GET /productEdit?id=2519 HTTP/1.1" 200 11672
::1 - - [23/Mar/2021:21:59:17 +0100] "GET /products HTTP/1.1" 200 13459
::1 - - [23/Mar/2021:21:59:17 +0100] "GET /productsJSON?numberOfPage=0&numberOfRows=10&search= HTTP/1.1" 200 2866
::1 - - [23/Mar/2021:22:02:03 +0100] "GET /invoices HTTP/1.1" 200 13590
::1 - - [23/Mar/2021:22:02:04 +0100] "GET /invoicesJSON?numberOfPage=0&numberOfRows=10&search= HTTP/1.1" 200 281
::1 - - [23/Mar/2021:22:02:06 +0100] "GET /invoiceCreate HTTP/1.1" 200 15633
::1 - - [23/Mar/2021:22:02:10 +0100] "GET /productsDropdown?id=ana HTTP/1.1" 200 50
::1 - - [23/Mar/2021:22:02:15 +0100] "GET /customersDropdown?id=ned HTTP/1.1" 200 51
::1 - - [23/Mar/2021:22:02:19 +0100] "POST /invoiceCreateProcess HTTP/1.1" 302 -
::1 - - [23/Mar/2021:22:02:19 +0100] "GET /invoiceCreate HTTP/1.1" 200 15802
::1 - - [23/Mar/2021:22:02:21 +0100] "GET /invoices HTTP/1.1" 200 13590
::1 - - [23/Mar/2021:22:02:22 +0100] "GET /invoicesJSON?numberOfPage=0&numberOfRows=10&search= HTTP/1.1" 200 421
::1 - - [23/Mar/2021:22:02:30 +0100] "GET /invoiceDetails?id=5 HTTP/1.1" 200 602
::1 - - [23/Mar/2021:22:02:32 +0100] "GET /invoices HTTP/1.1" 200 13590
::1 - - [23/Mar/2021:22:02:32 +0100] "GET /invoicesJSON?numberOfPage=0&numberOfRows=10&search= HTTP/1.1" 200 421
::1 - - [23/Mar/2021:22:02:51 +0100] "GET /customers HTTP/1.1" 200 13560
::1 - - [23/Mar/2021:22:02:52 +0100] "GET /customersJSON?numberOfPage=0&numberOfRows=10&search= HTTP/1.1" 200 178
::1 - - [23/Mar/2021:22:02:54 +0100] "GET /products HTTP/1.1" 200 13459
::1 - - [23/Mar/2021:22:02:54 +0100] "GET /productsJSON?numberOfPage=0&numberOfRows=10&search= HTTP/1.1" 200 2866
::1 - - [23/Mar/2021:22:03:38 +0100] "GET /invoices HTTP/1.1" 200 13590
::1 - - [23/Mar/2021:22:03:38 +0100] "GET /invoicesJSON?numberOfPage=0&numberOfRows=10&search= HTTP/1.1" 200 421
::1 - - [23/Mar/2021:22:03:39 +0100] "GET /invoiceCreate HTTP/1.1" 200 15633
::1 - - [23/Mar/2021:22:05:33 +0100] "GET /products HTTP/1.1" 200 13459
::1 - - [23/Mar/2021:22:05:33 +0100] "GET /productsJSON?numberOfPage=0&numberOfRows=10&search= HTTP/1.1" 200 2866
::1 - - [23/Mar/2021:22:10:20 +0100] "GET /productCreate HTTP/1.1" 200 11603
::1 - - [23/Mar/2021:22:10:27 +0100] "POST /productCreateProcess HTTP/1.1" 302 -
::1 - - [23/Mar/2021:22:10:27 +0100] "GET /productCreate HTTP/1.1" 200 12070
::1 - - [23/Mar/2021:22:10:29 +0100] "GET /products HTTP/1.1" 200 13459
::1 - - [23/Mar/2021:22:10:29 +0100] "GET /productsJSON?numberOfPage=0&numberOfRows=10&search= HTTP/1.1" 200 3019
::1 - - [23/Mar/2021:22:11:31 +0100] "GET /productDetails?id=2519 HTTP/1.1" 200 10102
::1 - - [23/Mar/2021:22:11:35 +0100] "GET /products HTTP/1.1" 200 13459
::1 - - [23/Mar/2021:22:11:35 +0100] "GET /productsJSON?numberOfPage=0&numberOfRows=10&search= HTTP/1.1" 200 3019
::1 - - [23/Mar/2021:22:13:56 +0100] "GET /productCreate HTTP/1.1" 200 11603
::1 - - [23/Mar/2021:22:14:01 +0100] "POST /productCreateProcess HTTP/1.1" 302 -
::1 - - [23/Mar/2021:22:14:01 +0100] "GET /productCreate HTTP/1.1" 200 12070
::1 - - [23/Mar/2021:22:14:03 +0100] "POST /productCreateProcess HTTP/1.1" 302 -
::1 - - [23/Mar/2021:22:14:03 +0100] "GET /productCreate HTTP/1.1" 200 12178
::1 - - [23/Mar/2021:22:14:05 +0100] "GET /products HTTP/1.1" 200 13459
::1 - - [23/Mar/2021:22:14:05 +0100] "GET /productsJSON?numberOfPage=0&numberOfRows=10&search= HTTP/1.1" 200 3189
::1 - - [23/Mar/2021:22:14:46 +0100] "GET /products HTTP/1.1" 200 13459
::1 - - [23/Mar/2021:22:14:47 +0100] "GET /productsJSON?numberOfPage=0&numberOfRows=10&search= HTTP/1.1" 200 3189
::1 - - [23/Mar/2021:22:14:47 +0100] "GET /products HTTP/1.1" 200 13459
::1 - - [23/Mar/2021:22:14:47 +0100] "GET /productsJSON?numberOfPage=0&numberOfRows=10&search= HTTP/1.1" 200 3189
::1 - - [23/Mar/2021:22:15:02 +0100] "GET /products HTTP/1.1" 200 13459
::1 - - [23/Mar/2021:22:15:02 +0100] "GET /productsJSON?numberOfPage=0&numberOfRows=10&search= HTTP/1.1" 200 3189
::1 - - [23/Mar/2021:22:15:03 +0100] "GET /products HTTP/1.1" 200 13459
::1 - - [23/Mar/2021:22:15:03 +0100] "GET /productsJSON?numberOfPage=0&numberOfRows=10&search= HTTP/1.1" 200 3189
::1 - - [23/Mar/2021:22:15:07 +0100] "GET /productsJSON?numberOfPage=0&numberOfRows=30&search= HTTP/1.1" 200 3189
::1 - - [23/Mar/2021:22:15:09 +0100] "GET /productCreate HTTP/1.1" 200 11603
::1 - - [23/Mar/2021:22:15:10 +0100] "GET /products HTTP/1.1" 200 13459
::1 - - [23/Mar/2021:22:15:11 +0100] "GET /productsJSON?numberOfPage=0&numberOfRows=10&search= HTTP/1.1" 200 3189
::1 - - [23/Mar/2021:22:15:17 +0100] "GET /assets/dist/js/adminlte.min.js.map HTTP/1.1" 200 82896
::1 - - [23/Mar/2021:22:15:17 +0100] "GET /assets/plugins/bootstrap/js/bootstrap.bundle.min.js.map HTTP/1.1" 200 318045
::1 - - [23/Mar/2021:22:15:17 +0100] "GET /assets/dist/css/adminlte.min.css.map HTTP/1.1" 200 1483437
::1 - - [23/Mar/2021:22:15:17 +0100] "GET /assets/plugins/select2/css/select2.bundle.css.map HTTP/1.1" 404 2009
::1 - - [23/Mar/2021:22:20:43 +0100] "GET /products HTTP/1.1" 200 13467
::1 - - [23/Mar/2021:22:20:44 +0100] "GET /productsJSON?numberOfPage=0&numberOfRows=10&search= HTTP/1.1" 200 3213
::1 - - [23/Mar/2021:22:20:45 +0100] "GET /products HTTP/1.1" 200 13467
::1 - - [23/Mar/2021:22:20:46 +0100] "GET /productsJSON?numberOfPage=0&numberOfRows=10&search= HTTP/1.1" 200 3213
::1 - - [23/Mar/2021:22:20:49 +0100] "GET /productCreate HTTP/1.1" 200 11629
::1 - - [23/Mar/2021:22:20:54 +0100] "POST /productCreateProcess HTTP/1.1" 302 -
::1 - - [23/Mar/2021:22:20:54 +0100] "GET /productCreate HTTP/1.1" 200 12096
::1 - - [23/Mar/2021:22:20:56 +0100] "GET /products HTTP/1.1" 200 13467
::1 - - [23/Mar/2021:22:20:56 +0100] "GET /productsJSON?numberOfPage=0&numberOfRows=10&search= HTTP/1.1" 200 3376
::1 - - [23/Mar/2021:22:21:18 +0100] "GET /productCreate HTTP/1.1" 200 11629
::1 - - [23/Mar/2021:22:21:30 +0100] "POST /productCreateProcess HTTP/1.1" 302 -
::1 - - [23/Mar/2021:22:21:30 +0100] "GET /productCreate HTTP/1.1" 200 12096
::1 - - [23/Mar/2021:22:21:31 +0100] "GET /products HTTP/1.1" 200 13467
::1 - - [23/Mar/2021:22:21:31 +0100] "GET /productsJSON?numberOfPage=0&numberOfRows=10&search= HTTP/1.1" 200 3535
::1 - - [23/Mar/2021:22:22:26 +0100] "GET /home HTTP/1.1" 200 8826
::1 - - [23/Mar/2021:22:22:27 +0100] "GET /home HTTP/1.1" 200 8826
::1 - - [23/Mar/2021:22:22:28 +0100] "GET /profile HTTP/1.1" 200 12499
::1 - - [23/Mar/2021:22:22:30 +0100] "GET /home HTTP/1.1" 200 8826
::1 - - [23/Mar/2021:22:22:39 +0100] "GET /profile HTTP/1.1" 200 12499
::1 - - [23/Mar/2021:22:22:43 +0100] "GET /invoices HTTP/1.1" 200 13590
::1 - - [23/Mar/2021:22:22:43 +0100] "GET /invoicesJSON?numberOfPage=0&numberOfRows=10&search= HTTP/1.1" 200 421
::1 - - [23/Mar/2021:22:22:53 +0100] "GET /invoices HTTP/1.1" 200 13590
::1 - - [23/Mar/2021:22:22:54 +0100] "GET /invoicesJSON?numberOfPage=0&numberOfRows=10&search= HTTP/1.1" 200 421
::1 - - [23/Mar/2021:22:22:56 +0100] "GET /invoiceDetails?id=5 HTTP/1.1" 200 602
::1 - - [23/Mar/2021:22:22:58 +0100] "GET /invoices HTTP/1.1" 200 13590
::1 - - [23/Mar/2021:22:22:58 +0100] "GET /invoicesJSON?numberOfPage=0&numberOfRows=10&search= HTTP/1.1" 200 421
::1 - - [23/Mar/2021:22:23:01 +0100] "GET /invoiceCreate HTTP/1.1" 200 15633
::1 - - [23/Mar/2021:22:23:04 +0100] "GET /customersDropdown?id=ned HTTP/1.1" 200 51
::1 - - [23/Mar/2021:22:23:08 +0100] "GET /productsDropdown?id=an HTTP/1.1" 200 50
::1 - - [23/Mar/2021:22:23:11 +0100] "POST /invoiceCreateProcess HTTP/1.1" 302 -
::1 - - [23/Mar/2021:22:23:11 +0100] "GET /invoiceCreate HTTP/1.1" 200 15802
::1 - - [23/Mar/2021:22:23:13 +0100] "GET /invoices HTTP/1.1" 200 13590
::1 - - [23/Mar/2021:22:23:13 +0100] "GET /invoicesJSON?numberOfPage=0&numberOfRows=10&search= HTTP/1.1" 200 561
::1 - - [23/Mar/2021:22:23:21 +0100] "GET /products HTTP/1.1" 200 13467
::1 - - [23/Mar/2021:22:23:21 +0100] "GET /productsJSON?numberOfPage=0&numberOfRows=10&search= HTTP/1.1" 200 3535
::1 - - [23/Mar/2021:22:23:23 +0100] "GET /customers HTTP/1.1" 200 13560
::1 - - [23/Mar/2021:22:23:23 +0100] "GET /customersJSON?numberOfPage=0&numberOfRows=10&search= HTTP/1.1" 200 178
::1 - - [23/Mar/2021:22:23:24 +0100] "GET /products HTTP/1.1" 200 13467
::1 - - [23/Mar/2021:22:23:25 +0100] "GET /productsJSON?numberOfPage=0&numberOfRows=10&search= HTTP/1.1" 200 3535
::1 - - [23/Mar/2021:22:23:26 +0100] "GET /customers HTTP/1.1" 200 13560
::1 - - [23/Mar/2021:22:23:26 +0100] "GET /customersJSON?numberOfPage=0&numberOfRows=10&search= HTTP/1.1" 200 178
::1 - - [23/Mar/2021:22:23:29 +0100] "GET /customers HTTP/1.1" 200 13560
::1 - - [23/Mar/2021:22:23:29 +0100] "GET /customersJSON?numberOfPage=0&numberOfRows=10&search= HTTP/1.1" 200 178
::1 - - [23/Mar/2021:22:23:40 +0100] "GET /customers HTTP/1.1" 200 13560
::1 - - [23/Mar/2021:22:23:40 +0100] "GET /customersJSON?numberOfPage=0&numberOfRows=10&search= HTTP/1.1" 200 178
::1 - - [23/Mar/2021:22:23:41 +0100] "GET /products HTTP/1.1" 200 13467
::1 - - [23/Mar/2021:22:23:41 +0100] "GET /productsJSON?numberOfPage=0&numberOfRows=10&search= HTTP/1.1" 200 3535
::1 - - [23/Mar/2021:22:23:44 +0100] "GET /invoices HTTP/1.1" 200 13590
::1 - - [23/Mar/2021:22:23:44 +0100] "GET /invoices HTTP/1.1" 200 13590
::1 - - [23/Mar/2021:22:23:44 +0100] "GET /invoicesJSON?numberOfPage=0&numberOfRows=10&search= HTTP/1.1" 200 561
::1 - - [23/Mar/2021:22:23:45 +0100] "GET /invoices HTTP/1.1" 200 13590
::1 - - [23/Mar/2021:22:23:45 +0100] "GET /invoicesJSON?numberOfPage=0&numberOfRows=10&search= HTTP/1.1" 200 561
::1 - - [23/Mar/2021:22:23:46 +0100] "GET /products HTTP/1.1" 200 13467
::1 - - [23/Mar/2021:22:23:46 +0100] "GET /productsJSON?numberOfPage=0&numberOfRows=10&search= HTTP/1.1" 200 3535
::1 - - [23/Mar/2021:22:23:51 +0100] "GET /customerReports HTTP/1.1" 200 15964
::1 - - [23/Mar/2021:22:23:51 +0100] "GET /customersPerDay HTTP/1.1" 200 54
::1 - - [23/Mar/2021:22:23:51 +0100] "GET /customersActive HTTP/1.1" 200 48
::1 - - [23/Mar/2021:22:23:57 +0100] "GET /customers HTTP/1.1" 200 13560
::1 - - [23/Mar/2021:22:23:57 +0100] "GET /customersJSON?numberOfPage=0&numberOfRows=10&search= HTTP/1.1" 200 178
::1 - - [23/Mar/2021:22:23:59 +0100] "GET /products HTTP/1.1" 200 13467
::1 - - [23/Mar/2021:22:23:59 +0100] "GET /productsJSON?numberOfPage=0&numberOfRows=10&search= HTTP/1.1" 200 3535
::1 - - [23/Mar/2021:22:24:04 +0100] "GET /customers HTTP/1.1" 200 13560
::1 - - [23/Mar/2021:22:24:04 +0100] "GET /customersJSON?numberOfPage=0&numberOfRows=10&search= HTTP/1.1" 200 178
::1 - - [23/Mar/2021:22:32:37 +0100] "GET /customers HTTP/1.1" 200 13560
::1 - - [23/Mar/2021:22:32:37 +0100] "GET /customersJSON?numberOfPage=0&numberOfRows=10&search= HTTP/1.1" 200 178
::1 - - [23/Mar/2021:22:32:38 +0100] "GET /customers HTTP/1.1" 200 13560
::1 - - [23/Mar/2021:22:32:38 +0100] "GET /customersJSON?numberOfPage=0&numberOfRows=10&search= HTTP/1.1" 200 178
::1 - - [23/Mar/2021:22:32:39 +0100] "GET /customerCreate HTTP/1.1" 200 11973
::1 - - [23/Mar/2021:22:32:45 +0100] "POST /importCustomerJsonProcess HTTP/1.1" 302 146
::1 - - [23/Mar/2021:22:32:46 +0100] "GET /customerCreate HTTP/1.1" 200 11973
::1 - - [23/Mar/2021:22:33:15 +0100] "POST /importCustomerJsonProcess HTTP/1.1" 302 146
::1 - - [23/Mar/2021:22:33:15 +0100] "GET /customerCreate HTTP/1.1" 200 11973
::1 - - [23/Mar/2021:22:33:16 +0100] "GET /customers HTTP/1.1" 200 13560
::1 - - [23/Mar/2021:22:33:17 +0100] "GET /customersJSON?numberOfPage=0&numberOfRows=10&search= HTTP/1.1" 200 3495
::1 - - [23/Mar/2021:22:33:19 +0100] "GET /customersJSON?numberOfPage=1&numberOfRows=10&search= HTTP/1.1" 200 3376
::1 - - [23/Mar/2021:22:33:21 +0100] "GET /customersJSON?numberOfPage=0&numberOfRows=50&search= HTTP/1.1" 200 16548
::1 - - [23/Mar/2021:22:33:22 +0100] "GET /customersJSON?numberOfPage=0&numberOfRows=20&search= HTTP/1.1" 200 6870
::1 - - [23/Mar/2021:22:33:23 +0100] "GET /customersJSON?numberOfPage=0&numberOfRows=10&search= HTTP/1.1" 200 3495
::1 - - [23/Mar/2021:22:33:35 +0100] "GET /customerCreate HTTP/1.1" 200 11973
::1 - - [23/Mar/2021:22:34:12 +0100] "POST /customerCreateProcess HTTP/1.1" 302 -
::1 - - [23/Mar/2021:22:34:12 +0100] "GET /customerCreate HTTP/1.1" 200 12438
::1 - - [23/Mar/2021:22:34:15 +0100] "GET /customers HTTP/1.1" 200 13560
::1 - - [23/Mar/2021:22:34:15 +0100] "GET /customersJSON?numberOfPage=0&numberOfRows=10&search= HTTP/1.1" 200 3495
::1 - - [23/Mar/2021:22:34:18 +0100] "GET /customersJSON?numberOfPage=0&numberOfRows=50&search= HTTP/1.1" 200 16548
::1 - - [23/Mar/2021:22:34:32 +0100] "GET /customerCreate HTTP/1.1" 200 11973
::1 - - [23/Mar/2021:22:34:52 +0100] "POST /customerCreateProcess HTTP/1.1" 302 -
::1 - - [23/Mar/2021:22:34:52 +0100] "GET /customerCreate HTTP/1.1" 200 12438
::1 - - [23/Mar/2021:22:34:54 +0100] "GET /customers HTTP/1.1" 200 13560
::1 - - [23/Mar/2021:22:34:54 +0100] "GET /customersJSON?numberOfPage=0&numberOfRows=10&search= HTTP/1.1" 200 3495
::1 - - [23/Mar/2021:22:35:17 +0100] "GET /customersJSON?numberOfPage=0&numberOfRows=10&search=Sofija HTTP/1.1" 200 203
::1 - - [23/Mar/2021:22:35:21 +0100] "GET /customerEdit?id=104 HTTP/1.1" 200 11595
::1 - - [23/Mar/2021:22:35:26 +0100] "GET /customers HTTP/1.1" 200 13560
::1 - - [23/Mar/2021:22:35:26 +0100] "GET /customersJSON?numberOfPage=0&numberOfRows=10&search= HTTP/1.1" 200 3495
::1 - - [23/Mar/2021:22:35:27 +0100] "GET /products HTTP/1.1" 200 13467
::1 - - [23/Mar/2021:22:35:27 +0100] "GET /productsJSON?numberOfPage=0&numberOfRows=10&search= HTTP/1.1" 200 3535
::1 - - [23/Mar/2021:22:35:47 +0100] "GET /products HTTP/1.1" 200 13467
::1 - - [23/Mar/2021:22:35:47 +0100] "GET /productsJSON?numberOfPage=0&numberOfRows=10&search= HTTP/1.1" 200 2
::1 - - [23/Mar/2021:22:35:48 +0100] "GET /productCreate HTTP/1.1" 200 11629
::1 - - [23/Mar/2021:22:35:59 +0100] "POST /importProductJsonProcess HTTP/1.1" 302 -
::1 - - [23/Mar/2021:22:35:59 +0100] "GET /productCreate HTTP/1.1" 200 16004
::1 - - [23/Mar/2021:22:38:39 +0100] "GET /customers HTTP/1.1" 200 13560
::1 - - [23/Mar/2021:22:38:39 +0100] "GET /customersJSON?numberOfPage=0&numberOfRows=10&search= HTTP/1.1" 200 3495
::1 - - [23/Mar/2021:22:38:40 +0100] "GET /products HTTP/1.1" 200 13467
::1 - - [23/Mar/2021:22:38:41 +0100] "GET /productsJSON?numberOfPage=0&numberOfRows=10&search= HTTP/1.1" 200 2
::1 - - [23/Mar/2021:22:39:11 +0100] "GET /products HTTP/1.1" 200 13467
::1 - - [23/Mar/2021:22:39:11 +0100] "GET /productsJSON?numberOfPage=0&numberOfRows=10&search= HTTP/1.1" 200 2
::1 - - [23/Mar/2021:22:39:12 +0100] "GET /productCreate HTTP/1.1" 200 11629
::1 - - [23/Mar/2021:22:39:21 +0100] "POST /productCreateProcess HTTP/1.1" 302 -
::1 - - [23/Mar/2021:22:39:21 +0100] "GET /productCreate HTTP/1.1" 200 12204
::1 - - [23/Mar/2021:22:39:28 +0100] "POST /importProductJsonProcess HTTP/1.1" 302 -
::1 - - [23/Mar/2021:22:39:28 +0100] "GET /productCreate HTTP/1.1" 200 16004
::1 - - [23/Mar/2021:22:40:44 +0100] "GET /productCreate HTTP/1.1" 200 11629
::1 - - [23/Mar/2021:22:41:00 +0100] "GET /productCreate HTTP/1.1" 200 11629
::1 - - [23/Mar/2021:22:41:06 +0100] "POST /importProductJsonProcess HTTP/1.1" 302 -
::1 - - [23/Mar/2021:22:41:06 +0100] "GET /productCreate HTTP/1.1" 200 11814
::1 - - [23/Mar/2021:22:41:50 +0100] "GET /products HTTP/1.1" 200 13467
::1 - - [23/Mar/2021:22:41:50 +0100] "GET /productsJSON?numberOfPage=0&numberOfRows=10&search= HTTP/1.1" 200 2605
::1 - - [23/Mar/2021:22:42:00 +0100] "GET /productsJSON?numberOfPage=1&numberOfRows=10&search= HTTP/1.1" 200 3064
::1 - - [23/Mar/2021:22:42:03 +0100] "GET /productCreate HTTP/1.1" 200 11629
::1 - - [23/Mar/2021:22:42:17 +0100] "GET /products HTTP/1.1" 200 13467
::1 - - [23/Mar/2021:22:42:17 +0100] "GET /productsJSON?numberOfPage=0&numberOfRows=10&search= HTTP/1.1" 200 2605
::1 - - [23/Mar/2021:22:42:50 +0100] "GET /productCreate HTTP/1.1" 200 11629
::1 - - [23/Mar/2021:22:43:23 +0100] "POST /productCreateProcess HTTP/1.1" 302 -
::1 - - [23/Mar/2021:22:43:23 +0100] "GET /productCreate HTTP/1.1" 200 12096
::1 - - [23/Mar/2021:22:44:27 +0100] "POST /productCreateProcess HTTP/1.1" 302 -
::1 - - [23/Mar/2021:22:44:27 +0100] "GET /productCreate HTTP/1.1" 200 12096
::1 - - [23/Mar/2021:22:44:29 +0100] "GET /products HTTP/1.1" 200 13467
::1 - - [23/Mar/2021:22:44:29 +0100] "GET /productsJSON?numberOfPage=0&numberOfRows=10&search= HTTP/1.1" 200 2605
::1 - - [23/Mar/2021:22:44:42 +0100] "GET /products HTTP/1.1" 200 13467
::1 - - [23/Mar/2021:22:44:42 +0100] "GET /productsJSON?numberOfPage=0&numberOfRows=10&search= HTTP/1.1" 200 2605
::1 - - [23/Mar/2021:22:44:43 +0100] "GET /invoices HTTP/1.1" 200 13590
::1 - - [23/Mar/2021:22:44:43 +0100] "GET /invoicesJSON?numberOfPage=0&numberOfRows=10&search= HTTP/1.1" 200 2
::1 - - [23/Mar/2021:22:44:44 +0100] "GET /invoiceCreate HTTP/1.1" 200 15633
::1 - - [23/Mar/2021:22:44:47 +0100] "GET /customersDropdown?id=sof HTTP/1.1" 200 65
::1 - - [23/Mar/2021:22:44:50 +0100] "GET /productsDropdown?id=an HTTP/1.1" 200 503
::1 - - [23/Mar/2021:22:44:51 +0100] "GET /productsDropdown?id=ana HTTP/1.1" 200 254
::1 - - [23/Mar/2021:22:45:00 +0100] "POST /invoiceCreateProcess HTTP/1.1" 302 -
::1 - - [23/Mar/2021:22:45:00 +0100] "GET /invoiceCreate HTTP/1.1" 200 15802
::1 - - [23/Mar/2021:22:45:03 +0100] "GET /customersDropdown?id=neda HTTP/1.1" 200 61
::1 - - [23/Mar/2021:22:45:06 +0100] "GET /productsDropdown?id=hs HTTP/1.1" 200 2
::1 - - [23/Mar/2021:22:45:07 +0100] "GET /productsDropdown?id=har HTTP/1.1" 200 261
::1 - - [23/Mar/2021:22:45:14 +0100] "POST /invoiceCreateProcess HTTP/1.1" 302 -
::1 - - [23/Mar/2021:22:45:14 +0100] "GET /invoiceCreate HTTP/1.1" 200 15802
::1 - - [23/Mar/2021:22:45:18 +0100] "GET /customersDropdown?id=ssa HTTP/1.1" 200 115
::1 - - [23/Mar/2021:22:45:22 +0100] "GET /productsDropdown?id=sa HTTP/1.1" 200 202
::1 - - [23/Mar/2021:22:45:24 +0100] "GET /productsDropdown?id=sad HTTP/1.1" 200 2
::1 - - [23/Mar/2021:22:45:26 +0100] "GET /productsDropdown?id=sada HTTP/1.1" 200 2
::1 - - [23/Mar/2021:22:45:27 +0100] "GET /productsDropdown?id=sad HTTP/1.1" 200 2
::1 - - [23/Mar/2021:22:45:28 +0100] "GET /productsDropdown?id=sa HTTP/1.1" 200 202
::1 - - [23/Mar/2021:22:45:32 +0100] "POST /invoiceCreateProcess HTTP/1.1" 302 -
::1 - - [23/Mar/2021:22:45:32 +0100] "GET /invoiceCreate HTTP/1.1" 200 15802
::1 - - [23/Mar/2021:22:45:36 +0100] "GET /customersDropdown?id=gfh HTTP/1.1" 200 2
::1 - - [23/Mar/2021:22:45:38 +0100] "GET /customersDropdown?id=gfa HTTP/1.1" 200 2
::1 - - [23/Mar/2021:22:45:40 +0100] "GET /customersDropdown?id=gad HTTP/1.1" 200 2
::1 - - [23/Mar/2021:22:45:42 +0100] "GET /customersDropdown?id=gas HTTP/1.1" 200 2
::1 - - [23/Mar/2021:22:45:47 +0100] "GET /customersDropdown?id=har HTTP/1.1" 200 158
::1 - - [23/Mar/2021:22:45:51 +0100] "GET /productsDropdown?id=bn HTTP/1.1" 200 2
::1 - - [23/Mar/2021:22:45:52 +0100] "GET /productsDropdown?id=bnv HTTP/1.1" 200 2
::1 - - [23/Mar/2021:22:45:52 +0100] "GET /productsDropdown?id=bn HTTP/1.1" 200 2
::1 - - [23/Mar/2021:22:45:53 +0100] "GET /productsDropdown?id=ba HTTP/1.1" 200 52
::1 - - [23/Mar/2021:22:45:54 +0100] "GET /productsDropdown?id=bas HTTP/1.1" 200 2
::1 - - [23/Mar/2021:22:45:55 +0100] "GET /productsDropdown?id=ba HTTP/1.1" 200 52
::1 - - [23/Mar/2021:22:46:00 +0100] "POST /invoiceCreateProcess HTTP/1.1" 302 -
::1 - - [23/Mar/2021:22:46:00 +0100] "GET /invoiceCreate HTTP/1.1" 200 15802
::1 - - [23/Mar/2021:22:46:01 +0100] "GET /invoices HTTP/1.1" 200 13590
::1 - - [23/Mar/2021:22:46:01 +0100] "GET /invoicesJSON?numberOfPage=0&numberOfRows=10&search= HTTP/1.1" 200 604
::1 - - [23/Mar/2021:22:46:03 +0100] "GET /customerReports HTTP/1.1" 200 15964
::1 - - [23/Mar/2021:22:46:04 +0100] "GET /customersPerDay HTTP/1.1" 200 266
::1 - - [23/Mar/2021:22:46:04 +0100] "GET /customersActive HTTP/1.1" 200 48
::1 - - [23/Mar/2021:22:46:26 +0100] "GET /invoices HTTP/1.1" 200 13590
::1 - - [23/Mar/2021:22:46:26 +0100] "GET /invoicesJSON?numberOfPage=0&numberOfRows=10&search= HTTP/1.1" 200 604
::1 - - [23/Mar/2021:22:46:32 +0100] "GET /invoiceCreate HTTP/1.1" 200 15633
::1 - - [23/Mar/2021:22:46:35 +0100] "GET /customersDropdown?id=sof HTTP/1.1" 200 65
::1 - - [23/Mar/2021:22:46:37 +0100] "GET /productsDropdown?id=har HTTP/1.1" 200 261
::1 - - [23/Mar/2021:22:46:41 +0100] "POST /invoiceCreateProcess HTTP/1.1" 302 -
::1 - - [23/Mar/2021:22:46:41 +0100] "GET /invoiceCreate HTTP/1.1" 200 15802
::1 - - [23/Mar/2021:22:46:43 +0100] "GET /customers HTTP/1.1" 200 13560
::1 - - [23/Mar/2021:22:46:43 +0100] "GET /customersJSON?numberOfPage=0&numberOfRows=10&search= HTTP/1.1" 200 3495
::1 - - [23/Mar/2021:22:46:46 +0100] "GET /customerReports HTTP/1.1" 200 15964
::1 - - [23/Mar/2021:22:46:46 +0100] "GET /customersPerDay HTTP/1.1" 200 266
::1 - - [23/Mar/2021:22:46:46 +0100] "GET /customersActive HTTP/1.1" 200 48
::1 - - [23/Mar/2021:22:46:56 +0100] "GET /invoices HTTP/1.1" 200 13590
::1 - - [23/Mar/2021:22:46:56 +0100] "GET /invoicesJSON?numberOfPage=0&numberOfRows=10&search= HTTP/1.1" 200 760
::1 - - [23/Mar/2021:22:47:03 +0100] "GET /customers HTTP/1.1" 200 13560
::1 - - [23/Mar/2021:22:47:03 +0100] "GET /customersJSON?numberOfPage=0&numberOfRows=10&search= HTTP/1.1" 200 3495
::1 - - [23/Mar/2021:22:47:11 +0100] "GET /customerCreate HTTP/1.1" 200 11973
::1 - - [23/Mar/2021:22:47:28 +0100] "POST /customerCreateProcess HTTP/1.1" 302 -
::1 - - [23/Mar/2021:22:47:28 +0100] "GET /customerCreate HTTP/1.1" 200 12438
::1 - - [23/Mar/2021:22:47:30 +0100] "GET /profile HTTP/1.1" 200 12499
::1 - - [23/Mar/2021:22:47:31 +0100] "GET /invoices HTTP/1.1" 200 13590
::1 - - [23/Mar/2021:22:47:31 +0100] "GET /invoicesJSON?numberOfPage=0&numberOfRows=10&search= HTTP/1.1" 200 760
::1 - - [23/Mar/2021:22:47:32 +0100] "GET /invoiceCreate HTTP/1.1" 200 15633
::1 - - [23/Mar/2021:22:47:35 +0100] "GET /customersDropdown?id=ned HTTP/1.1" 200 178
::1 - - [23/Mar/2021:22:47:35 +0100] "GET /customersDropdown?id=neda HTTP/1.1" 200 105
::1 - - [23/Mar/2021:22:47:38 +0100] "GET /productsDropdown?id=ha HTTP/1.1" 200 507
::1 - - [23/Mar/2021:22:47:42 +0100] "POST /invoiceCreateProcess HTTP/1.1" 302 -
::1 - - [23/Mar/2021:22:47:42 +0100] "GET /invoiceCreate HTTP/1.1" 200 15802
::1 - - [23/Mar/2021:22:47:44 +0100] "GET /customerReports HTTP/1.1" 200 15964
::1 - - [23/Mar/2021:22:47:44 +0100] "GET /customersPerDay HTTP/1.1" 200 266
::1 - - [23/Mar/2021:22:47:44 +0100] "GET /customersActive HTTP/1.1" 200 95
::1 - - [23/Mar/2021:22:47:55 +0100] "GET /invoices HTTP/1.1" 200 13590
::1 - - [23/Mar/2021:22:47:56 +0100] "GET /invoicesJSON?numberOfPage=0&numberOfRows=10&search= HTTP/1.1" 200 901
::1 - - [23/Mar/2021:22:47:58 +0100] "GET /customerReports HTTP/1.1" 200 15964
::1 - - [23/Mar/2021:22:47:58 +0100] "GET /customersActive HTTP/1.1" 200 95
::1 - - [23/Mar/2021:22:47:58 +0100] "GET /customersPerDay HTTP/1.1" 200 266
::1 - - [23/Mar/2021:22:50:47 +0100] "GET /home HTTP/1.1" 200 8826
::1 - - [23/Mar/2021:22:50:55 +0100] "GET /home HTTP/1.1" 200 8826
::1 - - [23/Mar/2021:22:50:55 +0100] "GET /profile HTTP/1.1" 200 12499
::1 - - [23/Mar/2021:22:50:57 +0100] "GET /invoices HTTP/1.1" 200 13590
::1 - - [23/Mar/2021:22:50:58 +0100] "GET /invoicesJSON?numberOfPage=0&numberOfRows=10&search= HTTP/1.1" 200 901
::1 - - [23/Mar/2021:22:51:00 +0100] "GET /products HTTP/1.1" 200 13467
::1 - - [23/Mar/2021:22:51:00 +0100] "GET /productsJSON?numberOfPage=0&numberOfRows=10&search= HTTP/1.1" 200 2605
::1 - - [23/Mar/2021:22:51:02 +0100] "GET /customers HTTP/1.1" 200 13560
::1 - - [23/Mar/2021:22:51:02 +0100] "GET /customersJSON?numberOfPage=0&numberOfRows=10&search= HTTP/1.1" 200 3495
::1 - - [23/Mar/2021:22:51:04 +0100] "GET /home HTTP/1.1" 200 8826
::1 - - [23/Mar/2021:22:51:11 +0100] "GET /products HTTP/1.1" 200 13467
::1 - - [23/Mar/2021:22:51:11 +0100] "GET /products HTTP/1.1" 200 13467
::1 - - [23/Mar/2021:22:51:11 +0100] "GET /productsJSON?numberOfPage=0&numberOfRows=10&search= HTTP/1.1" 200 2605
::1 - - [23/Mar/2021:22:51:12 +0100] "GET /customers HTTP/1.1" 200 13560
::1 - - [23/Mar/2021:22:51:12 +0100] "GET /customersJSON?numberOfPage=0&numberOfRows=10&search= HTTP/1.1" 200 3495
::1 - - [23/Mar/2021:22:51:16 +0100] "GET /customers HTTP/1.1" 200 13560
::1 - - [23/Mar/2021:22:51:16 +0100] "GET /customersJSON?numberOfPage=0&numberOfRows=10&search= HTTP/1.1" 200 3495
::1 - - [23/Mar/2021:22:51:17 +0100] "GET /products HTTP/1.1" 200 13467
::1 - - [23/Mar/2021:22:51:17 +0100] "GET /productsJSON?numberOfPage=0&numberOfRows=10&search= HTTP/1.1" 200 2605
::1 - - [23/Mar/2021:22:51:17 +0100] "GET /customers HTTP/1.1" 200 13560
::1 - - [23/Mar/2021:22:51:17 +0100] "GET /customersJSON?numberOfPage=0&numberOfRows=10&search= HTTP/1.1" 200 3495
::1 - - [23/Mar/2021:22:51:22 +0100] "GET /home HTTP/1.1" 200 8826
::1 - - [23/Mar/2021:22:51:23 +0100] "GET /profile HTTP/1.1" 200 12499
::1 - - [23/Mar/2021:22:51:24 +0100] "GET /invoices HTTP/1.1" 200 13590
::1 - - [23/Mar/2021:22:51:24 +0100] "GET /invoicesJSON?numberOfPage=0&numberOfRows=10&search= HTTP/1.1" 200 901
::1 - - [23/Mar/2021:22:51:24 +0100] "GET /home HTTP/1.1" 200 8826
::1 - - [23/Mar/2021:22:51:25 +0100] "GET /profile HTTP/1.1" 200 12499
::1 - - [23/Mar/2021:22:51:25 +0100] "GET /invoices HTTP/1.1" 200 13590
::1 - - [23/Mar/2021:22:51:26 +0100] "GET /invoicesJSON?numberOfPage=0&numberOfRows=10&search= HTTP/1.1" 200 901
::1 - - [23/Mar/2021:22:51:26 +0100] "GET /products HTTP/1.1" 200 13467
::1 - - [23/Mar/2021:22:51:27 +0100] "GET /productsJSON?numberOfPage=0&numberOfRows=10&search= HTTP/1.1" 200 2605
::1 - - [23/Mar/2021:22:51:29 +0100] "GET /customerReports HTTP/1.1" 200 15964
::1 - - [23/Mar/2021:22:51:30 +0100] "GET /customersPerDay HTTP/1.1" 200 266
::1 - - [23/Mar/2021:22:51:30 +0100] "GET /customersActive HTTP/1.1" 200 95
::1 - - [23/Mar/2021:22:51:53 +0100] "GET /customerReports HTTP/1.1" 200 15964
::1 - - [23/Mar/2021:22:51:53 +0100] "GET /customersPerDay HTTP/1.1" 200 266
::1 - - [23/Mar/2021:22:51:53 +0100] "GET /customersActive HTTP/1.1" 200 95
::1 - - [23/Mar/2021:22:51:57 +0100] "GET /customers HTTP/1.1" 200 13560
::1 - - [23/Mar/2021:22:51:57 +0100] "GET /customersJSON?numberOfPage=0&numberOfRows=10&search= HTTP/1.1" 200 3495
::1 - - [23/Mar/2021:22:51:57 +0100] "GET /products HTTP/1.1" 200 13467
::1 - - [23/Mar/2021:22:51:58 +0100] "GET /productsJSON?numberOfPage=0&numberOfRows=10&search= HTTP/1.1" 200 2605
::1 - - [23/Mar/2021:22:51:58 +0100] "GET /customers HTTP/1.1" 200 13560
::1 - - [23/Mar/2021:22:51:59 +0100] "GET /customersJSON?numberOfPage=0&numberOfRows=10&search= HTTP/1.1" 200 3495
::1 - - [23/Mar/2021:22:52:00 +0100] "GET /invoices HTTP/1.1" 200 13590
::1 - - [23/Mar/2021:22:52:00 +0100] "GET /invoicesJSON?numberOfPage=0&numberOfRows=10&search= HTTP/1.1" 200 901
::1 - - [23/Mar/2021:22:52:05 +0100] "GET /products HTTP/1.1" 200 13467
::1 - - [23/Mar/2021:22:52:05 +0100] "GET /products HTTP/1.1" 200 13467
::1 - - [23/Mar/2021:22:52:05 +0100] "GET /productsJSON?numberOfPage=0&numberOfRows=10&search= HTTP/1.1" 200 2605
::1 - - [23/Mar/2021:22:52:07 +0100] "GET /profile HTTP/1.1" 200 12499
::1 - - [23/Mar/2021:22:52:24 +0100] "POST /profileUpdate HTTP/1.1" 302 -
::1 - - [23/Mar/2021:22:52:24 +0100] "GET /profile HTTP/1.1" 200 12988
::1 - - [23/Mar/2021:22:52:27 +0100] "GET /profile HTTP/1.1" 200 12517
::1 - - [23/Mar/2021:22:52:40 +0100] "GET /products HTTP/1.1" 200 13473
::1 - - [23/Mar/2021:22:52:40 +0100] "GET /productsJSON?numberOfPage=0&numberOfRows=10&search= HTTP/1.1" 200 2605
::1 - - [23/Mar/2021:22:52:50 +0100] "GET /invoices HTTP/1.1" 200 13596
::1 - - [23/Mar/2021:22:52:50 +0100] "GET /invoicesJSON?numberOfPage=0&numberOfRows=10&search= HTTP/1.1" 200 937
::1 - - [23/Mar/2021:22:52:53 +0100] "GET /profile HTTP/1.1" 200 12517
::1 - - [23/Mar/2021:22:52:55 +0100] "GET /home HTTP/1.1" 200 8832
::1 - - [23/Mar/2021:22:52:56 +0100] "GET /profile HTTP/1.1" 200 12517
::1 - - [23/Mar/2021:22:53:00 +0100] "GET /products HTTP/1.1" 200 13473
::1 - - [23/Mar/2021:22:53:01 +0100] "GET /productsJSON?numberOfPage=0&numberOfRows=10&search= HTTP/1.1" 200 2605
::1 - - [23/Mar/2021:22:53:01 +0100] "GET /customers HTTP/1.1" 200 13566
::1 - - [23/Mar/2021:22:53:02 +0100] "GET /customersJSON?numberOfPage=0&numberOfRows=10&search= HTTP/1.1" 200 3495
::1 - - [23/Mar/2021:22:53:08 +0100] "GET /customerReports HTTP/1.1" 200 15970
::1 - - [23/Mar/2021:22:53:08 +0100] "GET /customersPerDay HTTP/1.1" 200 266
::1 - - [23/Mar/2021:22:53:08 +0100] "GET /customersActive HTTP/1.1" 200 95
::1 - - [23/Mar/2021:22:53:21 +0100] "GET /customers HTTP/1.1" 200 13566
::1 - - [23/Mar/2021:22:53:22 +0100] "GET /customersJSON?numberOfPage=0&numberOfRows=10&search= HTTP/1.1" 200 3495
::1 - - [23/Mar/2021:22:53:24 +0100] "GET /invoices HTTP/1.1" 200 13596
::1 - - [23/Mar/2021:22:53:24 +0100] "GET /invoicesJSON?numberOfPage=0&numberOfRows=10&search= HTTP/1.1" 200 937
::1 - - [23/Mar/2021:22:53:25 +0100] "GET /invoiceCreate HTTP/1.1" 200 15639
::1 - - [23/Mar/2021:22:53:29 +0100] "GET /customersDropdown?id=neda HTTP/1.1" 200 105
::1 - - [23/Mar/2021:22:53:32 +0100] "GET /productsDropdown?id=da HTTP/1.1" 200 398
::1 - - [23/Mar/2021:22:53:40 +0100] "POST /invoiceCreateProcess HTTP/1.1" 302 -
::1 - - [23/Mar/2021:22:53:40 +0100] "GET /invoiceCreate HTTP/1.1" 200 15808
::1 - - [23/Mar/2021:22:53:42 +0100] "GET /customers HTTP/1.1" 200 13566
::1 - - [23/Mar/2021:22:53:42 +0100] "GET /customersJSON?numberOfPage=0&numberOfRows=10&search= HTTP/1.1" 200 3495
::1 - - [23/Mar/2021:22:53:44 +0100] "GET /customerReports HTTP/1.1" 200 15970
::1 - - [23/Mar/2021:22:53:45 +0100] "GET /customersPerDay HTTP/1.1" 200 266
::1 - - [23/Mar/2021:22:53:45 +0100] "GET /customersActive HTTP/1.1" 200 95
::1 - - [23/Mar/2021:22:53:53 +0100] "GET /home HTTP/1.1" 200 8832
::1 - - [23/Mar/2021:22:53:54 +0100] "GET /profile HTTP/1.1" 200 12517
::1 - - [23/Mar/2021:22:53:55 +0100] "GET /home HTTP/1.1" 200 8832
::1 - - [23/Mar/2021:22:53:58 +0100] "GET /profile HTTP/1.1" 200 12517
::1 - - [23/Mar/2021:22:54:02 +0100] "GET /invoices HTTP/1.1" 200 13596
::1 - - [23/Mar/2021:22:54:02 +0100] "GET /invoicesJSON?numberOfPage=0&numberOfRows=10&search= HTTP/1.1" 200 1093
::1 - - [23/Mar/2021:22:54:03 +0100] "GET /profile HTTP/1.1" 200 12517
::1 - - [23/Mar/2021:22:54:04 +0100] "GET /profile HTTP/1.1" 200 12517
::1 - - [23/Mar/2021:22:54:06 +0100] "GET /invoices HTTP/1.1" 200 13596
::1 - - [23/Mar/2021:22:54:06 +0100] "GET /invoicesJSON?numberOfPage=0&numberOfRows=10&search= HTTP/1.1" 200 1093
::1 - - [23/Mar/2021:22:54:20 +0100] "GET /customers HTTP/1.1" 200 13566
::1 - - [23/Mar/2021:22:54:21 +0100] "GET /customersJSON?numberOfPage=0&numberOfRows=10&search= HTTP/1.1" 200 3495
::1 - - [23/Mar/2021:22:54:28 +0100] "GET /products HTTP/1.1" 200 13473
::1 - - [23/Mar/2021:22:54:28 +0100] "GET /productsJSON?numberOfPage=0&numberOfRows=10&search= HTTP/1.1" 200 2605
::1 - - [23/Mar/2021:22:54:35 +0100] "GET /invoices HTTP/1.1" 200 13596
::1 - - [23/Mar/2021:22:54:36 +0100] "GET /invoicesJSON?numberOfPage=0&numberOfRows=10&search= HTTP/1.1" 200 1093
::1 - - [23/Mar/2021:22:54:45 +0100] "GET /customerReports HTTP/1.1" 200 15970
::1 - - [23/Mar/2021:22:54:46 +0100] "GET /customersPerDay HTTP/1.1" 200 266
::1 - - [23/Mar/2021:22:54:46 +0100] "GET /customersActive HTTP/1.1" 200 95
::1 - - [23/Mar/2021:22:54:49 +0100] "GET /productReports HTTP/1.1" 404 2009
::1 - - [23/Mar/2021:22:54:50 +0100] "GET /customerReports HTTP/1.1" 200 15970
::1 - - [23/Mar/2021:22:54:51 +0100] "GET /customersPerDay HTTP/1.1" 200 266
::1 - - [23/Mar/2021:22:54:51 +0100] "GET /customersActive HTTP/1.1" 200 95
::1 - - [23/Mar/2021:22:54:52 +0100] "GET /home HTTP/1.1" 200 8832
::1 - - [23/Mar/2021:22:55:53 +0100] "GET /customerReports HTTP/1.1" 200 15970
::1 - - [23/Mar/2021:22:55:53 +0100] "GET /customersActive HTTP/1.1" 200 95
::1 - - [23/Mar/2021:22:55:53 +0100] "GET /customersPerDay HTTP/1.1" 200 266
::1 - - [23/Mar/2021:22:56:26 +0100] "GET /products HTTP/1.1" 200 13473
::1 - - [23/Mar/2021:22:56:26 +0100] "GET /productsJSON?numberOfPage=0&numberOfRows=10&search= HTTP/1.1" 200 2605
::1 - - [23/Mar/2021:22:57:20 +0100] "GET /home HTTP/1.1" 200 8832
::1 - - [23/Mar/2021:22:58:33 +0100] "GET /home HTTP/1.1" 200 8832
::1 - - [23/Mar/2021:22:58:34 +0100] "GET /home HTTP/1.1" 200 8832
::1 - - [23/Mar/2021:22:58:35 +0100] "GET /profile HTTP/1.1" 200 12517
::1 - - [23/Mar/2021:22:58:39 +0100] "GET /home HTTP/1.1" 200 8832
::1 - - [23/Mar/2021:22:58:41 +0100] "GET /profile HTTP/1.1" 200 12517
::1 - - [23/Mar/2021:22:58:42 +0100] "GET /invoices HTTP/1.1" 200 13596
::1 - - [23/Mar/2021:22:58:42 +0100] "GET /invoicesJSON?numberOfPage=0&numberOfRows=10&search= HTTP/1.1" 200 1093
::1 - - [23/Mar/2021:22:58:42 +0100] "GET /products HTTP/1.1" 200 13473
::1 - - [23/Mar/2021:22:58:43 +0100] "GET /productsJSON?numberOfPage=0&numberOfRows=10&search= HTTP/1.1" 200 2605
::1 - - [23/Mar/2021:22:58:43 +0100] "GET /customers HTTP/1.1" 200 13566
::1 - - [23/Mar/2021:22:58:43 +0100] "GET /customersJSON?numberOfPage=0&numberOfRows=10&search= HTTP/1.1" 200 3495
::1 - - [23/Mar/2021:22:58:46 +0100] "GET /customers HTTP/1.1" 200 13566
::1 - - [23/Mar/2021:22:58:46 +0100] "GET /customersJSON?numberOfPage=0&numberOfRows=10&search= HTTP/1.1" 200 3495
::1 - - [23/Mar/2021:22:58:49 +0100] "GET /products HTTP/1.1" 200 13473
::1 - - [23/Mar/2021:22:58:49 +0100] "GET /productsJSON?numberOfPage=0&numberOfRows=10&search= HTTP/1.1" 200 2605
::1 - - [23/Mar/2021:22:58:57 +0100] "GET /products HTTP/1.1" 200 13473
::1 - - [23/Mar/2021:22:58:58 +0100] "GET /productsJSON?numberOfPage=0&numberOfRows=10&search= HTTP/1.1" 200 2605
::1 - - [23/Mar/2021:22:58:59 +0100] "GET /productCreate HTTP/1.1" 200 11635
::1 - - [23/Mar/2021:22:59:01 +0100] "GET /customers HTTP/1.1" 200 13566
::1 - - [23/Mar/2021:22:59:01 +0100] "GET /customersJSON?numberOfPage=0&numberOfRows=10&search= HTTP/1.1" 200 3495
::1 - - [23/Mar/2021:22:59:06 +0100] "GET /customerReports HTTP/1.1" 200 15970
::1 - - [23/Mar/2021:22:59:06 +0100] "GET /customersPerDay HTTP/1.1" 200 266
::1 - - [23/Mar/2021:22:59:06 +0100] "GET /customersActive HTTP/1.1" 200 95
::1 - - [23/Mar/2021:22:59:13 +0100] "GET /productReports HTTP/1.1" 404 2009
::1 - - [23/Mar/2021:22:59:15 +0100] "GET /customerReports HTTP/1.1" 200 15970
::1 - - [23/Mar/2021:22:59:16 +0100] "GET /customersPerDay HTTP/1.1" 200 266
::1 - - [23/Mar/2021:22:59:16 +0100] "GET /customersActive HTTP/1.1" 200 95
::1 - - [23/Mar/2021:22:59:21 +0100] "GET /productReports HTTP/1.1" 404 2009
::1 - - [23/Mar/2021:22:59:23 +0100] "GET /customerReports HTTP/1.1" 200 15970
::1 - - [23/Mar/2021:22:59:23 +0100] "GET /customersPerDay HTTP/1.1" 200 266
::1 - - [23/Mar/2021:22:59:23 +0100] "GET /customersActive HTTP/1.1" 200 95
::1 - - [23/Mar/2021:22:59:31 +0100] "GET /productReports HTTP/1.1" 404 2009
::1 - - [23/Mar/2021:22:59:33 +0100] "GET /customerReports HTTP/1.1" 200 15970
::1 - - [23/Mar/2021:22:59:34 +0100] "GET /customersPerDay HTTP/1.1" 200 266
::1 - - [23/Mar/2021:22:59:34 +0100] "GET /customersActive HTTP/1.1" 200 95
::1 - - [23/Mar/2021:22:59:36 +0100] "GET / HTTP/1.1" 200 8832
::1 - - [23/Mar/2021:22:59:39 +0100] "GET /sffssf HTTP/1.1" 404 2009
::1 - - [23/Mar/2021:22:59:42 +0100] "GET /customerReports HTTP/1.1" 200 15970
::1 - - [23/Mar/2021:22:59:42 +0100] "GET /customersPerDay HTTP/1.1" 200 266
::1 - - [23/Mar/2021:22:59:42 +0100] "GET /customersActive HTTP/1.1" 200 95
::1 - - [23/Mar/2021:22:59:45 +0100] "GET /login HTTP/1.1" 302 2712
::1 - - [23/Mar/2021:22:59:45 +0100] "GET /accessDenied HTTP/1.1" 200 1988
::1 - - [23/Mar/2021:22:59:45 +0100] "GET /login HTTP/1.1" 302 2712
::1 - - [23/Mar/2021:22:59:45 +0100] "GET /accessDenied HTTP/1.1" 200 1988
::1 - - [23/Mar/2021:22:59:49 +0100] "GET /customerReports HTTP/1.1" 200 15970
::1 - - [23/Mar/2021:22:59:49 +0100] "GET /customersPerDay HTTP/1.1" 200 266
::1 - - [23/Mar/2021:22:59:49 +0100] "GET /customersActive HTTP/1.1" 200 95
::1 - - [23/Mar/2021:22:59:50 +0100] "GET /logout HTTP/1.1" 302 -
::1 - - [23/Mar/2021:22:59:50 +0100] "GET /login HTTP/1.1" 200 2712
::1 - - [23/Mar/2021:22:59:55 +0100] "GET /home HTTP/1.1" 302 9122
::1 - - [23/Mar/2021:22:59:57 +0100] "GET /home HTTP/1.1" 302 9122
::1 - - [23/Mar/2021:22:59:57 +0100] "GET /login HTTP/1.1" 200 2712
::1 - - [23/Mar/2021:23:00:00 +0100] "GET /register HTTP/1.1" 200 3014
::1 - - [23/Mar/2021:23:00:01 +0100] "POST /registerProcess HTTP/1.1" 302 -
::1 - - [23/Mar/2021:23:00:01 +0100] "GET /register HTTP/1.1" 200 3125
::1 - - [23/Mar/2021:23:00:02 +0100] "GET /login HTTP/1.1" 200 2712
::1 - - [24/Mar/2021:11:52:10 +0100] "GET / HTTP/1.1" 302 9122
::1 - - [24/Mar/2021:11:52:10 +0100] "GET /login HTTP/1.1" 200 2712
::1 - - [24/Mar/2021:11:52:11 +0100] "GET /favicon.ico HTTP/1.1" 404 2009
::1 - - [24/Mar/2021:11:52:24 +0100] "POST /loginProcess HTTP/1.1" 302 -
::1 - - [24/Mar/2021:11:52:24 +0100] "GET /profile HTTP/1.1" 200 12517
::1 - - [24/Mar/2021:11:54:57 +0100] "GET /profile HTTP/1.1" 200 12517
::1 - - [24/Mar/2021:11:54:58 +0100] "GET /home HTTP/1.1" 200 8832
::1 - - [24/Mar/2021:11:55:00 +0100] "GET /profile HTTP/1.1" 200 12517
::1 - - [24/Mar/2021:11:55:01 +0100] "GET /home HTTP/1.1" 200 8832
::1 - - [24/Mar/2021:11:55:03 +0100] "GET /profile HTTP/1.1" 200 12517
::1 - - [24/Mar/2021:11:55:04 +0100] "GET /home HTTP/1.1" 200 8832
::1 - - [24/Mar/2021:11:55:06 +0100] "GET /profile HTTP/1.1" 200 12517
::1 - - [24/Mar/2021:11:55:07 +0100] "GET /invoices HTTP/1.1" 200 13596
::1 - - [24/Mar/2021:11:55:08 +0100] "GET /invoicesJSON?numberOfPage=0&numberOfRows=10&search= HTTP/1.1" 200 1093
::1 - - [24/Mar/2021:11:55:08 +0100] "GET /products HTTP/1.1" 200 13473
::1 - - [24/Mar/2021:11:55:09 +0100] "GET /productsJSON?numberOfPage=0&numberOfRows=10&search= HTTP/1.1" 200 2605
::1 - - [24/Mar/2021:11:55:09 +0100] "GET /customers HTTP/1.1" 200 13566
::1 - - [24/Mar/2021:11:55:10 +0100] "GET /customersJSON?numberOfPage=0&numberOfRows=10&search= HTTP/1.1" 200 3495
::1 - - [24/Mar/2021:11:55:11 +0100] "GET /products HTTP/1.1" 200 13473
::1 - - [24/Mar/2021:11:55:11 +0100] "GET /productsJSON?numberOfPage=0&numberOfRows=10&search= HTTP/1.1" 200 2605
::1 - - [24/Mar/2021:11:55:15 +0100] "GET /productCreate HTTP/1.1" 200 11635
::1 - - [24/Mar/2021:11:55:20 +0100] "POST /importProductJsonProcess HTTP/1.1" 302 -
::1 - - [24/Mar/2021:11:55:20 +0100] "GET /productCreate HTTP/1.1" 200 11635
::1 - - [24/Mar/2021:11:55:22 +0100] "GET /customers HTTP/1.1" 200 13566
::1 - - [24/Mar/2021:11:55:22 +0100] "GET /customersJSON?numberOfPage=0&numberOfRows=10&search= HTTP/1.1" 200 3495
::1 - - [24/Mar/2021:11:55:25 +0100] "GET /invoices HTTP/1.1" 200 13596
::1 - - [24/Mar/2021:11:55:25 +0100] "GET /invoicesJSON?numberOfPage=0&numberOfRows=10&search= HTTP/1.1" 200 1093
::1 - - [24/Mar/2021:11:55:26 +0100] "GET /invoiceDetails?id=9 HTTP/1.1" 200 602
::1 - - [24/Mar/2021:11:55:28 +0100] "GET /invoices HTTP/1.1" 200 13596
::1 - - [24/Mar/2021:11:55:28 +0100] "GET /invoicesJSON?numberOfPage=0&numberOfRows=10&search= HTTP/1.1" 200 1093
::1 - - [24/Mar/2021:11:55:55 +0100] "GET /customerReports HTTP/1.1" 200 15970
::1 - - [24/Mar/2021:11:55:55 +0100] "GET /customersPerDay HTTP/1.1" 200 266
::1 - - [24/Mar/2021:11:55:55 +0100] "GET /customersActive HTTP/1.1" 200 95
::1 - - [24/Mar/2021:11:55:58 +0100] "GET /customerReports HTTP/1.1" 200 15970
::1 - - [24/Mar/2021:11:55:59 +0100] "GET /customersPerDay HTTP/1.1" 200 266
::1 - - [24/Mar/2021:11:55:59 +0100] "GET /customersActive HTTP/1.1" 200 95
::1 - - [24/Mar/2021:11:56:10 +0100] "GET /products HTTP/1.1" 200 13473
::1 - - [24/Mar/2021:11:56:10 +0100] "GET /productsJSON?numberOfPage=0&numberOfRows=10&search= HTTP/1.1" 200 2605
::1 - - [24/Mar/2021:11:56:13 +0100] "GET /productCreate HTTP/1.1" 200 11635
::1 - - [24/Mar/2021:11:56:19 +0100] "GET /profile HTTP/1.1" 200 12517
::1 - - [24/Mar/2021:11:56:21 +0100] "GET /invoices HTTP/1.1" 200 13596
::1 - - [24/Mar/2021:11:56:22 +0100] "GET /invoicesJSON?numberOfPage=0&numberOfRows=10&search= HTTP/1.1" 200 1093
::1 - - [24/Mar/2021:11:56:23 +0100] "GET /products HTTP/1.1" 200 13473
::1 - - [24/Mar/2021:11:56:24 +0100] "GET /productsJSON?numberOfPage=0&numberOfRows=10&search= HTTP/1.1" 200 2605
::1 - - [24/Mar/2021:11:56:25 +0100] "GET /invoices HTTP/1.1" 200 13596
::1 - - [24/Mar/2021:11:56:25 +0100] "GET /invoicesJSON?numberOfPage=0&numberOfRows=10&search= HTTP/1.1" 200 1093
::1 - - [24/Mar/2021:11:56:26 +0100] "GET /profile HTTP/1.1" 200 12517
::1 - - [24/Mar/2021:11:56:28 +0100] "GET /invoices HTTP/1.1" 200 13596
::1 - - [24/Mar/2021:11:56:28 +0100] "GET /invoicesJSON?numberOfPage=0&numberOfRows=10&search= HTTP/1.1" 200 1093
::1 - - [24/Mar/2021:11:56:30 +0100] "GET /products HTTP/1.1" 200 13473
::1 - - [24/Mar/2021:11:56:30 +0100] "GET /productsJSON?numberOfPage=0&numberOfRows=10&search= HTTP/1.1" 200 2605
::1 - - [24/Mar/2021:11:56:39 +0100] "GET /invoices HTTP/1.1" 200 13596
::1 - - [24/Mar/2021:11:56:39 +0100] "GET /invoicesJSON?numberOfPage=0&numberOfRows=10&search= HTTP/1.1" 200 1093
::1 - - [24/Mar/2021:11:56:45 +0100] "GET /products HTTP/1.1" 200 13473
::1 - - [24/Mar/2021:11:56:45 +0100] "GET /productsJSON?numberOfPage=0&numberOfRows=10&search= HTTP/1.1" 200 2605
::1 - - [24/Mar/2021:11:58:18 +0100] "GET /customers HTTP/1.1" 200 13566
::1 - - [24/Mar/2021:11:58:18 +0100] "GET /customersJSON?numberOfPage=0&numberOfRows=10&search= HTTP/1.1" 200 3495
::1 - - [24/Mar/2021:11:58:19 +0100] "GET /customerCreate HTTP/1.1" 200 11979
::1 - - [24/Mar/2021:11:58:20 +0100] "POST /importCustomerJsonProcess HTTP/1.1" 302 146
::1 - - [24/Mar/2021:11:58:20 +0100] "GET /customerCreate HTTP/1.1" 200 11979
::1 - - [24/Mar/2021:11:58:25 +0100] "GET /products HTTP/1.1" 200 13473
::1 - - [24/Mar/2021:11:58:26 +0100] "GET /productsJSON?numberOfPage=0&numberOfRows=10&search= HTTP/1.1" 200 2605
::1 - - [24/Mar/2021:11:58:28 +0100] "GET /productCreate HTTP/1.1" 200 11635
::1 - - [24/Mar/2021:11:58:29 +0100] "POST /importProductJsonProcess HTTP/1.1" 302 -
::1 - - [24/Mar/2021:11:58:29 +0100] "GET /productCreate HTTP/1.1" 200 11635
::1 - - [24/Mar/2021:11:58:32 +0100] "GET /customers HTTP/1.1" 200 13566
::1 - - [24/Mar/2021:11:58:32 +0100] "GET /customersJSON?numberOfPage=0&numberOfRows=10&search= HTTP/1.1" 200 3495
::1 - - [24/Mar/2021:11:58:33 +0100] "GET /invoices HTTP/1.1" 200 13596
::1 - - [24/Mar/2021:11:58:33 +0100] "GET /invoicesJSON?numberOfPage=0&numberOfRows=10&search= HTTP/1.1" 200 1093
::1 - - [24/Mar/2021:11:58:35 +0100] "GET /products HTTP/1.1" 200 13473
::1 - - [24/Mar/2021:11:58:35 +0100] "GET /productsJSON?numberOfPage=0&numberOfRows=10&search= HTTP/1.1" 200 2605
::1 - - [24/Mar/2021:12:01:39 +0100] "GET /invoices HTTP/1.1" 200 13596
::1 - - [24/Mar/2021:12:01:40 +0100] "GET /invoicesJSON?numberOfPage=0&numberOfRows=10&search= HTTP/1.1" 200 1093
::1 - - [24/Mar/2021:12:01:42 +0100] "GET /profile HTTP/1.1" 200 12517
::1 - - [24/Mar/2021:12:01:45 +0100] "GET /invoices HTTP/1.1" 200 13596
::1 - - [24/Mar/2021:12:01:45 +0100] "GET /invoicesJSON?numberOfPage=0&numberOfRows=10&search= HTTP/1.1" 200 1093
::1 - - [24/Mar/2021:12:01:51 +0100] "GET /customers HTTP/1.1" 200 13566
::1 - - [24/Mar/2021:12:01:51 +0100] "GET /customersJSON?numberOfPage=0&numberOfRows=10&search= HTTP/1.1" 200 3495
::1 - - [24/Mar/2021:12:01:54 +0100] "GET /products HTTP/1.1" 200 13473
::1 - - [24/Mar/2021:12:01:54 +0100] "GET /productsJSON?numberOfPage=0&numberOfRows=10&search= HTTP/1.1" 200 2605
::1 - - [24/Mar/2021:12:01:56 +0100] "GET /invoices HTTP/1.1" 200 13596
::1 - - [24/Mar/2021:12:01:56 +0100] "GET /invoicesJSON?numberOfPage=0&numberOfRows=10&search= HTTP/1.1" 200 1093
::1 - - [24/Mar/2021:12:01:59 +0100] "GET /customerReports HTTP/1.1" 200 15970
::1 - - [24/Mar/2021:12:02:00 +0100] "GET /customersPerDay HTTP/1.1" 200 266
::1 - - [24/Mar/2021:12:02:00 +0100] "GET /customersActive HTTP/1.1" 200 95
::1 - - [24/Mar/2021:12:02:20 +0100] "GET /invoices HTTP/1.1" 200 13596
::1 - - [24/Mar/2021:12:02:20 +0100] "GET /invoicesJSON?numberOfPage=0&numberOfRows=10&search= HTTP/1.1" 200 1093
::1 - - [24/Mar/2021:12:02:22 +0100] "GET /products HTTP/1.1" 200 13473
::1 - - [24/Mar/2021:12:02:23 +0100] "GET /productsJSON?numberOfPage=0&numberOfRows=10&search= HTTP/1.1" 200 2605
::1 - - [24/Mar/2021:12:02:38 +0100] "GET /productCreate HTTP/1.1" 200 11635
::1 - - [24/Mar/2021:12:02:41 +0100] "POST /importProductJsonProcess HTTP/1.1" 302 -
::1 - - [24/Mar/2021:12:02:41 +0100] "GET /productCreate HTTP/1.1" 200 11635
::1 - - [24/Mar/2021:12:02:44 +0100] "GET /products HTTP/1.1" 200 13473
::1 - - [24/Mar/2021:12:02:44 +0100] "GET /productsJSON?numberOfPage=0&numberOfRows=10&search= HTTP/1.1" 200 2605
::1 - - [24/Mar/2021:12:02:46 +0100] "GET /productCreate HTTP/1.1" 200 11635
::1 - - [24/Mar/2021:12:02:47 +0100] "POST /importProductJsonProcess HTTP/1.1" 302 -
::1 - - [24/Mar/2021:12:02:47 +0100] "GET /productCreate HTTP/1.1" 200 11635
::1 - - [24/Mar/2021:12:03:02 +0100] "POST /importProductJsonProcess HTTP/1.1" 302 -
::1 - - [24/Mar/2021:12:03:02 +0100] "GET /productCreate HTTP/1.1" 200 11820
::1 - - [24/Mar/2021:12:03:09 +0100] "GET /products HTTP/1.1" 200 13473
::1 - - [24/Mar/2021:12:03:09 +0100] "GET /productsJSON?numberOfPage=0&numberOfRows=10&search= HTTP/1.1" 200 2605
::1 - - [24/Mar/2021:12:03:16 +0100] "GET /invoices HTTP/1.1" 200 13596
::1 - - [24/Mar/2021:12:03:16 +0100] "GET /invoicesJSON?numberOfPage=0&numberOfRows=10&search= HTTP/1.1" 200 1093
::1 - - [24/Mar/2021:12:03:18 +0100] "GET /invoiceDetails?id=9 HTTP/1.1" 200 602
::1 - - [24/Mar/2021:12:03:31 +0100] "GET /invoices HTTP/1.1" 200 13596
::1 - - [24/Mar/2021:12:03:31 +0100] "GET /invoicesJSON?numberOfPage=0&numberOfRows=10&search= HTTP/1.1" 200 1093
::1 - - [24/Mar/2021:12:03:34 +0100] "GET /customers HTTP/1.1" 200 13566
::1 - - [24/Mar/2021:12:03:35 +0100] "GET /customersJSON?numberOfPage=0&numberOfRows=10&search= HTTP/1.1" 200 3495
::1 - - [24/Mar/2021:12:03:36 +0100] "GET /products HTTP/1.1" 200 13473
::1 - - [24/Mar/2021:12:03:36 +0100] "GET /productsJSON?numberOfPage=0&numberOfRows=10&search= HTTP/1.1" 200 2605
::1 - - [24/Mar/2021:12:03:56 +0100] "GET /products HTTP/1.1" 200 13473
::1 - - [24/Mar/2021:12:03:56 +0100] "GET /productsJSON?numberOfPage=0&numberOfRows=10&search= HTTP/1.1" 200 2605
::1 - - [24/Mar/2021:12:04:00 +0100] "GET /productCreate HTTP/1.1" 200 11635
::1 - - [24/Mar/2021:12:04:16 +0100] "GET /customers HTTP/1.1" 200 13566
::1 - - [24/Mar/2021:12:04:16 +0100] "GET /customersJSON?numberOfPage=0&numberOfRows=10&search= HTTP/1.1" 200 3495
::1 - - [24/Mar/2021:12:04:21 +0100] "GET /invoices HTTP/1.1" 200 13596
::1 - - [24/Mar/2021:12:04:21 +0100] "GET /invoicesJSON?numberOfPage=0&numberOfRows=10&search= HTTP/1.1" 200 1093
::1 - - [24/Mar/2021:12:04:22 +0100] "GET /invoiceDetails?id=9 HTTP/1.1" 200 602
::1 - - [24/Mar/2021:12:04:24 +0100] "GET /invoices HTTP/1.1" 200 13596
::1 - - [24/Mar/2021:12:04:25 +0100] "GET /invoicesJSON?numberOfPage=0&numberOfRows=10&search= HTTP/1.1" 200 1093
::1 - - [24/Mar/2021:12:04:28 +0100] "GET /invoices HTTP/1.1" 200 13596
::1 - - [24/Mar/2021:12:04:28 +0100] "GET /invoicesJSON?numberOfPage=0&numberOfRows=10&search= HTTP/1.1" 200 1093
::1 - - [24/Mar/2021:12:04:46 +0100] "GET /customers HTTP/1.1" 200 13566
::1 - - [24/Mar/2021:12:04:46 +0100] "GET /customersJSON?numberOfPage=0&numberOfRows=10&search= HTTP/1.1" 200 3495
::1 - - [24/Mar/2021:12:04:50 +0100] "GET /customers HTTP/1.1" 200 13566
::1 - - [24/Mar/2021:12:04:50 +0100] "GET /customersJSON?numberOfPage=0&numberOfRows=10&search= HTTP/1.1" 200 3495
::1 - - [24/Mar/2021:12:04:52 +0100] "GET /products HTTP/1.1" 200 13473
::1 - - [24/Mar/2021:12:04:52 +0100] "GET /productsJSON?numberOfPage=0&numberOfRows=10&search= HTTP/1.1" 200 2605
::1 - - [24/Mar/2021:18:55:51 +0100] "GET / HTTP/1.1" 302 9122
::1 - - [24/Mar/2021:18:55:52 +0100] "GET /login HTTP/1.1" 200 2712
::1 - - [24/Mar/2021:18:55:52 +0100] "GET /favicon.ico HTTP/1.1" 404 2009
::1 - - [24/Mar/2021:18:56:03 +0100] "POST /loginProcess HTTP/1.1" 302 -
::1 - - [24/Mar/2021:18:56:03 +0100] "GET /profile HTTP/1.1" 200 12517
::1 - - [24/Mar/2021:19:06:52 +0100] "GET /logout HTTP/1.1" 302 -
::1 - - [24/Mar/2021:19:06:52 +0100] "GET /logout HTTP/1.1" 302 -
::1 - - [24/Mar/2021:19:06:52 +0100] "GET /login HTTP/1.1" 200 2712
::1 - - [24/Mar/2021:19:11:37 +0100] "GET / HTTP/1.1" 302 9122
::1 - - [24/Mar/2021:19:11:37 +0100] "GET /login HTTP/1.1" 200 2712
::1 - - [24/Mar/2021:19:13:17 +0100] "GET /register HTTP/1.1" 200 3014
::1 - - [24/Mar/2021:19:13:18 +0100] "GET /login HTTP/1.1" 200 2712
::1 - - [24/Mar/2021:19:13:27 +0100] "POST /loginProcess HTTP/1.1" 302 -
::1 - - [24/Mar/2021:19:13:27 +0100] "GET /login HTTP/1.1" 200 3206
::1 - - [24/Mar/2021:19:13:46 +0100] "POST /loginProcess HTTP/1.1" 302 -
::1 - - [24/Mar/2021:19:13:46 +0100] "GET /login HTTP/1.1" 200 3206
::1 - - [24/Mar/2021:19:14:02 +0100] "GET /register HTTP/1.1" 200 3014
::1 - - [24/Mar/2021:19:14:33 +0100] "GET /login HTTP/1.1" 200 2712
::1 - - [24/Mar/2021:19:15:33 +0100] "POST /loginProcess HTTP/1.1" 302 -
::1 - - [24/Mar/2021:19:15:33 +0100] "GET /login HTTP/1.1" 200 3206
::1 - - [24/Mar/2021:19:15:40 +0100] "POST /loginProcess HTTP/1.1" 302 -
::1 - - [24/Mar/2021:19:15:40 +0100] "GET /profile HTTP/1.1" 200 12517
::1 - - [24/Mar/2021:19:16:10 +0100] "GET /invoices HTTP/1.1" 200 13596
::1 - - [24/Mar/2021:19:16:11 +0100] "GET /invoicesJSON?numberOfPage=0&numberOfRows=10&search= HTTP/1.1" 200 1093
::1 - - [24/Mar/2021:19:16:13 +0100] "GET /profile HTTP/1.1" 200 12517
::1 - - [24/Mar/2021:19:16:35 +0100] "GET /products HTTP/1.1" 200 13473
::1 - - [24/Mar/2021:19:16:35 +0100] "GET /productsJSON?numberOfPage=0&numberOfRows=10&search= HTTP/1.1" 200 2605
::1 - - [24/Mar/2021:19:16:38 +0100] "GET /profile HTTP/1.1" 200 12517
::1 - - [24/Mar/2021:19:20:09 +0100] "GET /assets/dist/js/adminlte.min.js.map HTTP/1.1" 200 82896
::1 - - [24/Mar/2021:19:20:09 +0100] "GET /assets/plugins/bootstrap/js/bootstrap.bundle.min.js.map HTTP/1.1" 200 318045
::1 - - [24/Mar/2021:19:20:09 +0100] "GET /assets/dist/css/adminlte.min.css.map HTTP/1.1" 200 1483437
::1 - - [24/Mar/2021:19:20:09 +0100] "GET /assets/plugins/select2/css/select2.bundle.css.map HTTP/1.1" 404 2009
::1 - - [24/Mar/2021:19:23:17 +0100] "GET /products HTTP/1.1" 200 13473
::1 - - [24/Mar/2021:19:23:18 +0100] "GET /productsJSON?numberOfPage=0&numberOfRows=10&search= HTTP/1.1" 200 2605
::1 - - [24/Mar/2021:19:23:28 +0100] "GET /productCreate HTTP/1.1" 200 11635
::1 - - [24/Mar/2021:19:23:37 +0100] "GET /products HTTP/1.1" 200 13473
::1 - - [24/Mar/2021:19:23:37 +0100] "GET /productsJSON?numberOfPage=0&numberOfRows=10&search= HTTP/1.1" 200 2605
::1 - - [24/Mar/2021:19:23:39 +0100] "GET /customers HTTP/1.1" 200 13566
::1 - - [24/Mar/2021:19:23:39 +0100] "GET /customersJSON?numberOfPage=0&numberOfRows=10&search= HTTP/1.1" 200 3495
::1 - - [24/Mar/2021:19:23:53 +0100] "GET /invoices HTTP/1.1" 200 13596
::1 - - [24/Mar/2021:19:23:53 +0100] "GET /invoicesJSON?numberOfPage=0&numberOfRows=10&search= HTTP/1.1" 200 1093
::1 - - [24/Mar/2021:19:23:58 +0100] "GET /invoiceCreate HTTP/1.1" 200 15639
::1 - - [24/Mar/2021:19:24:11 +0100] "GET /invoices HTTP/1.1" 200 13596
::1 - - [24/Mar/2021:19:24:11 +0100] "GET /invoicesJSON?numberOfPage=0&numberOfRows=10&search= HTTP/1.1" 200 1093
::1 - - [24/Mar/2021:19:24:23 +0100] "GET /invoiceDetails?id=9 HTTP/1.1" 200 602
::1 - - [24/Mar/2021:19:24:31 +0100] "GET /invoices HTTP/1.1" 200 13596
::1 - - [24/Mar/2021:19:24:32 +0100] "GET /invoicesJSON?numberOfPage=0&numberOfRows=10&search= HTTP/1.1" 200 1093
::1 - - [24/Mar/2021:19:24:35 +0100] "GET /invoiceDetails?id=9 HTTP/1.1" 200 602
::1 - - [24/Mar/2021:19:26:54 +0100] "GET /invoices HTTP/1.1" 200 13596
::1 - - [24/Mar/2021:19:26:54 +0100] "GET /invoicesJSON?numberOfPage=0&numberOfRows=10&search= HTTP/1.1" 200 1093
::1 - - [24/Mar/2021:19:26:59 +0100] "GET /invoiceDetails?id=9 HTTP/1.1" 200 602
::1 - - [24/Mar/2021:19:31:54 +0100] "-" 408 -
::1 - - [24/Mar/2021:19:32:02 +0100] "GET /invoiceDetails?id=9 HTTP/1.1" 200 602
::1 - - [24/Mar/2021:19:33:20 +0100] "GET /invoices HTTP/1.1" 200 13596
::1 - - [24/Mar/2021:19:33:20 +0100] "GET /invoicesJSON?numberOfPage=0&numberOfRows=10&search= HTTP/1.1" 200 1093
::1 - - [24/Mar/2021:19:33:23 +0100] "GET /customerReports HTTP/1.1" 200 15970
::1 - - [24/Mar/2021:19:33:23 +0100] "GET /customersPerDay HTTP/1.1" 200 266
::1 - - [24/Mar/2021:19:33:23 +0100] "GET /customersActive HTTP/1.1" 200 95
::1 - - [29/Mar/2021:13:47:06 +0200] "GET / HTTP/1.1" 302 9122
::1 - - [29/Mar/2021:13:47:06 +0200] "GET /login HTTP/1.1" 200 2712
::1 - - [29/Mar/2021:13:47:06 +0200] "GET /assets/plugins/fontawesome-free/css/all.min.css HTTP/1.1" 200 58578
::1 - - [29/Mar/2021:13:47:06 +0200] "GET /assets/plugins/icheck-bootstrap/icheck-bootstrap.min.css HTTP/1.1" 200 12505
::1 - - [29/Mar/2021:13:47:06 +0200] "GET /assets/plugins/sweetalert2-theme-bootstrap-4/bootstrap-4.min.css HTTP/1.1" 200 34949
::1 - - [29/Mar/2021:13:47:06 +0200] "GET /assets/dist/css/adminlte.min.css HTTP/1.1" 200 689674
::1 - - [29/Mar/2021:13:47:06 +0200] "GET /assets/plugins/sweetalert2/sweetalert2.min.js HTTP/1.1" 200 40832
::1 - - [29/Mar/2021:13:47:06 +0200] "GET /assets/plugins/jquery/jquery.min.js HTTP/1.1" 200 88145
::1 - - [29/Mar/2021:13:47:06 +0200] "GET /assets/plugins/bootstrap/js/bootstrap.bundle.min.js HTTP/1.1" 200 80698
::1 - - [29/Mar/2021:13:47:06 +0200] "GET /assets/dist/js/adminlte.min.js HTTP/1.1" 200 25193
::1 - - [29/Mar/2021:13:47:07 +0200] "GET /favicon.ico HTTP/1.1" 404 2009
::1 - - [29/Mar/2021:13:59:10 +0200] "GET /login HTTP/1.1" 200 2712
192.168.0.19 - - [29/Mar/2021:14:16:47 +0200] "GET / HTTP/1.1" 302 9122
192.168.0.19 - - [29/Mar/2021:14:16:47 +0200] "GET /login HTTP/1.1" 200 2712
192.168.0.19 - - [29/Mar/2021:14:16:53 +0200] "GET /HNAP1/ HTTP/1.1" 404 2009
::1 - - [29/Mar/2021:17:05:52 +0200] "POST /loginProcess HTTP/1.1" 302 -
::1 - - [29/Mar/2021:17:05:52 +0200] "GET /profile HTTP/1.1" 200 12517
::1 - - [29/Mar/2021:17:05:52 +0200] "GET /assets/plugins/select2-bootstrap4-theme/select2-bootstrap4.css HTTP/1.1" 200 6012
::1 - - [29/Mar/2021:17:05:52 +0200] "GET /assets/plugins/select2/css/select2.bundle.css HTTP/1.1" 200 38640
::1 - - [29/Mar/2021:17:05:52 +0200] "GET /assets/plugins/select2/js/select2.full.min.js HTTP/1.1" 200 79172
::1 - - [29/Mar/2021:17:05:52 +0200] "GET /assets/plugins/chart.js/Chart.min.js HTTP/1.1" 200 172812
::1 - - [29/Mar/2021:17:05:52 +0200] "GET /assets/dist/img/invoiceWhite.png HTTP/1.1" 200 12726
::1 - - [29/Mar/2021:17:05:52 +0200] "GET /assets/dist/img/user2-160x160.jpg HTTP/1.1" 200 7070
::1 - - [29/Mar/2021:17:05:52 +0200] "GET /assets/plugins/fontawesome-free/webfonts/fa-solid-900.woff2 HTTP/1.1" 200 79444
::1 - - [29/Mar/2021:17:08:54 +0200] "GET /assets/dist/js/adminlte.min.js.map HTTP/1.1" 200 82896
::1 - - [29/Mar/2021:17:08:54 +0200] "GET /assets/plugins/bootstrap/js/bootstrap.bundle.min.js.map HTTP/1.1" 200 318045
::1 - - [29/Mar/2021:17:08:54 +0200] "GET /assets/dist/css/adminlte.min.css.map HTTP/1.1" 200 1483437
::1 - - [29/Mar/2021:17:08:54 +0200] "GET /assets/plugins/select2/css/select2.bundle.css.map HTTP/1.1" 404 2009
::1 - - [29/Mar/2021:17:19:56 +0200] "GET /profile HTTP/1.1" 200 11986
::1 - - [29/Mar/2021:17:20:49 +0200] "GET /profile HTTP/1.1" 200 11971
::1 - - [29/Mar/2021:17:21:23 +0200] "GET /customerReports HTTP/1.1" 200 15970
::1 - - [29/Mar/2021:17:21:23 +0200] "GET /customersPerDay HTTP/1.1" 200 266
::1 - - [29/Mar/2021:17:21:23 +0200] "GET /customersActive HTTP/1.1" 200 95
::1 - - [29/Mar/2021:17:21:29 +0200] "GET /assets/dist/js/adminlte.min.js.map HTTP/1.1" 200 82896
::1 - - [29/Mar/2021:17:21:29 +0200] "GET /assets/plugins/bootstrap/js/bootstrap.bundle.min.js.map HTTP/1.1" 200 318045
::1 - - [29/Mar/2021:17:21:29 +0200] "GET /assets/plugins/select2/css/select2.bundle.css.map HTTP/1.1" 404 2009
::1 - - [29/Mar/2021:17:21:29 +0200] "GET /assets/dist/css/adminlte.min.css.map HTTP/1.1" 200 1483437
::1 - - [29/Mar/2021:17:24:52 +0200] "GET /customers HTTP/1.1" 200 13566
::1 - - [29/Mar/2021:17:24:52 +0200] "GET /assets/dist/js/WBISFrameworkScripts.js HTTP/1.1" 200 7609
::1 - - [29/Mar/2021:17:24:52 +0200] "GET /customersJSON?numberOfPage=0&numberOfRows=10&search= HTTP/1.1" 200 3495
::1 - - [29/Mar/2021:17:24:55 +0200] "GET /products HTTP/1.1" 200 13473
::1 - - [29/Mar/2021:17:24:55 +0200] "GET /productsJSON?numberOfPage=0&numberOfRows=10&search= HTTP/1.1" 200 2605
::1 - - [29/Mar/2021:17:25:00 +0200] "GET /customers HTTP/1.1" 200 13566
::1 - - [29/Mar/2021:17:25:00 +0200] "GET /customersJSON?numberOfPage=0&numberOfRows=10&search= HTTP/1.1" 200 3495
::1 - - [29/Mar/2021:17:25:07 +0200] "GET /customerCreate HTTP/1.1" 200 11979
::1 - - [29/Mar/2021:17:25:10 +0200] "GET /customers HTTP/1.1" 200 13566
::1 - - [29/Mar/2021:17:25:10 +0200] "GET /customersJSON?numberOfPage=0&numberOfRows=10&search= HTTP/1.1" 200 3495
::1 - - [29/Mar/2021:17:25:11 +0200] "GET /invoices HTTP/1.1" 200 13596
::1 - - [29/Mar/2021:17:25:11 +0200] "GET /invoicesJSON?numberOfPage=0&numberOfRows=10&search= HTTP/1.1" 200 1093
::1 - - [29/Mar/2021:17:25:13 +0200] "GET /invoiceCreate HTTP/1.1" 200 15639
::1 - - [29/Mar/2021:17:25:21 +0200] "GET /customers HTTP/1.1" 200 13566
::1 - - [29/Mar/2021:17:25:21 +0200] "GET /customersJSON?numberOfPage=0&numberOfRows=10&search= HTTP/1.1" 200 3495
::1 - - [29/Mar/2021:17:25:23 +0200] "GET /invoices HTTP/1.1" 200 13596
::1 - - [29/Mar/2021:17:25:24 +0200] "GET /invoicesJSON?numberOfPage=0&numberOfRows=10&search= HTTP/1.1" 200 1093
::1 - - [29/Mar/2021:17:25:25 +0200] "GET /invoiceCreate HTTP/1.1" 200 15639
::1 - - [29/Mar/2021:17:25:27 +0200] "GET /customersDropdown?id=Neda HTTP/1.1" 200 105
::1 - - [29/Mar/2021:17:25:31 +0200] "GET /productsDropdown?id=Ma HTTP/1.1" 200 493
::1 - - [29/Mar/2021:17:25:37 +0200] "POST /invoiceCreateProcess HTTP/1.1" 302 -
::1 - - [29/Mar/2021:17:25:37 +0200] "GET /invoiceCreate HTTP/1.1" 200 15808
::1 - - [29/Mar/2021:17:25:41 +0200] "GET /invoices HTTP/1.1" 200 13596
::1 - - [29/Mar/2021:17:25:41 +0200] "GET /invoicesJSON?numberOfPage=0&numberOfRows=10&search= HTTP/1.1" 200 1249
::1 - - [29/Mar/2021:17:26:06 +0200] "GET /profile HTTP/1.1" 200 11971
::1 - - [29/Mar/2021:17:26:13 +0200] "GET /invoices HTTP/1.1" 200 13596
::1 - - [29/Mar/2021:17:26:13 +0200] "GET /invoicesJSON?numberOfPage=0&numberOfRows=10&search= HTTP/1.1" 200 1249
::1 - - [29/Mar/2021:17:28:14 +0200] "GET /assets/dist/js/adminlte.min.js.map HTTP/1.1" 200 82896
::1 - - [29/Mar/2021:17:28:14 +0200] "GET /assets/plugins/bootstrap/js/bootstrap.bundle.min.js.map HTTP/1.1" 200 318045
::1 - - [29/Mar/2021:17:28:14 +0200] "GET /assets/dist/css/adminlte.min.css.map HTTP/1.1" 200 1483437
::1 - - [29/Mar/2021:17:28:14 +0200] "GET /assets/plugins/select2/css/select2.bundle.css.map HTTP/1.1" 404 2009
::1 - - [29/Mar/2021:17:31:41 +0200] "GET /invoiceDetails?id=9 HTTP/1.1" 200 602
::1 - - [29/Mar/2021:17:31:43 +0200] "GET /invoiceDetails?id=9 HTTP/1.1" 200 602
::1 - - [29/Mar/2021:17:36:41 +0200] "-" 408 -
::1 - - [29/Mar/2021:17:42:03 +0200] "GET /invoices HTTP/1.1" 200 13596
::1 - - [29/Mar/2021:17:42:03 +0200] "GET /invoicesJSON?numberOfPage=0&numberOfRows=10&search= HTTP/1.1" 200 1249
::1 - - [29/Mar/2021:17:46:54 +0200] "GET /invoices HTTP/1.1" 200 13596
::1 - - [29/Mar/2021:17:46:55 +0200] "GET /invoicesJSON?numberOfPage=0&numberOfRows=10&search= HTTP/1.1" 200 1249
::1 - - [29/Mar/2021:17:46:55 +0200] "GET /invoiceDetails?id=9 HTTP/1.1" 200 602
::1 - - [29/Mar/2021:17:46:59 +0200] "GET /invoices HTTP/1.1" 200 13596
::1 - - [29/Mar/2021:17:46:59 +0200] "GET /invoicesJSON?numberOfPage=0&numberOfRows=10&search= HTTP/1.1" 200 1249
::1 - - [29/Mar/2021:17:47:01 +0200] "GET /invoiceDetails?id=9 HTTP/1.1" 200 602
::1 - - [29/Mar/2021:17:47:02 +0200] "GET /invoices HTTP/1.1" 200 13596
::1 - - [29/Mar/2021:17:47:02 +0200] "GET /invoicesJSON?numberOfPage=0&numberOfRows=10&search= HTTP/1.1" 200 1249
::1 - - [29/Mar/2021:17:47:27 +0200] "GET /invoiceDetails?id=9 HTTP/1.1" 200 602
::1 - - [29/Mar/2021:17:47:40 +0200] "GET /invoiceDetails HTTP/1.1" 200 602
::1 - - [29/Mar/2021:17:50:12 +0200] "GET /invoiceDetails HTTP/1.1" 200 602
::1 - - [29/Mar/2021:17:50:13 +0200] "GET /invoiceDetails?id=9 HTTP/1.1" 200 602
::1 - - [29/Mar/2021:17:50:14 +0200] "GET /invoices HTTP/1.1" 200 13596
::1 - - [29/Mar/2021:17:50:14 +0200] "GET /profile HTTP/1.1" 200 11971
::1 - - [29/Mar/2021:17:50:14 +0200] "GET /invoicesJSON?numberOfPage=0&numberOfRows=10&search= HTTP/1.1" 200 1249
::1 - - [29/Mar/2021:17:50:16 +0200] "GET /invoices HTTP/1.1" 200 13596
::1 - - [29/Mar/2021:17:50:16 +0200] "GET /invoicesJSON?numberOfPage=0&numberOfRows=10&search= HTTP/1.1" 200 1249
::1 - - [29/Mar/2021:17:50:17 +0200] "GET /invoiceDetails?id=9 HTTP/1.1" 200 602
::1 - - [29/Mar/2021:17:55:07 +0200] "GET /invoices HTTP/1.1" 200 13596
::1 - - [29/Mar/2021:17:55:07 +0200] "GET /invoicesJSON?numberOfPage=0&numberOfRows=10&search= HTTP/1.1" 200 1249
::1 - - [29/Mar/2021:17:55:16 +0200] "GET /invoiceCreate HTTP/1.1" 200 15639
::1 - - [29/Mar/2021:17:55:18 +0200] "GET /invoices HTTP/1.1" 200 13596
::1 - - [29/Mar/2021:17:55:18 +0200] "GET /invoicesJSON?numberOfPage=0&numberOfRows=10&search= HTTP/1.1" 200 1249
::1 - - [29/Mar/2021:17:55:24 +0200] "GET /invoiceDetails?id=9 HTTP/1.1" 200 602
::1 - - [29/Mar/2021:17:55:26 +0200] "GET /invoices HTTP/1.1" 200 13596
::1 - - [29/Mar/2021:17:55:26 +0200] "GET /invoicesJSON?numberOfPage=0&numberOfRows=10&search= HTTP/1.1" 200 1249
::1 - - [29/Mar/2021:17:58:37 +0200] "GET /invoices HTTP/1.1" 200 13596
::1 - - [29/Mar/2021:17:58:38 +0200] "GET /invoicesJSON?numberOfPage=0&numberOfRows=10&search= HTTP/1.1" 200 1249
::1 - - [29/Mar/2021:17:58:39 +0200] "GET /invoiceDetails?id=9 HTTP/1.1" 200 602
::1 - - [29/Mar/2021:17:58:43 +0200] "GET /invoices HTTP/1.1" 200 13596
::1 - - [29/Mar/2021:17:58:43 +0200] "GET /invoicesJSON?numberOfPage=0&numberOfRows=10&search= HTTP/1.1" 200 1249
::1 - - [29/Mar/2021:18:03:37 +0200] "-" 408 -
::1 - - [29/Mar/2021:18:05:21 +0200] "GET /invoices HTTP/1.1" 200 13596
::1 - - [29/Mar/2021:18:05:21 +0200] "GET /invoicesJSON?numberOfPage=0&numberOfRows=10&search= HTTP/1.1" 200 1249
::1 - - [29/Mar/2021:18:05:23 +0200] "GET /invoiceDetails?id=9 HTTP/1.1" 200 602
::1 - - [29/Mar/2021:18:05:27 +0200] "GET /invoices HTTP/1.1" 200 13596
::1 - - [29/Mar/2021:18:05:27 +0200] "GET /invoicesJSON?numberOfPage=0&numberOfRows=10&search= HTTP/1.1" 200 1249
::1 - - [29/Mar/2021:18:06:33 +0200] "GET /invoices HTTP/1.1" 200 13596
::1 - - [29/Mar/2021:18:06:33 +0200] "GET /invoicesJSON?numberOfPage=0&numberOfRows=10&search= HTTP/1.1" 200 1249
::1 - - [29/Mar/2021:18:06:35 +0200] "GET /invoiceDetails?id=9 HTTP/1.1" 200 602
::1 - - [29/Mar/2021:18:06:46 +0200] "GET /invoiceDetails?id=9 HTTP/1.1" 200 602
::1 - - [29/Mar/2021:18:06:47 +0200] "GET /invoiceDetails?id=9 HTTP/1.1" 200 602
::1 - - [29/Mar/2021:18:06:47 +0200] "GET /invoiceDetails?id=9 HTTP/1.1" 200 602
::1 - - [29/Mar/2021:18:06:47 +0200] "GET /invoiceDetails?id=9 HTTP/1.1" 200 602
::1 - - [29/Mar/2021:18:08:37 +0200] "GET /invoices HTTP/1.1" 200 13596
::1 - - [29/Mar/2021:18:08:38 +0200] "GET /invoicesJSON?numberOfPage=0&numberOfRows=10&search= HTTP/1.1" 200 1249
::1 - - [29/Mar/2021:18:08:43 +0200] "GET /assets/plugins/bootstrap/js/bootstrap.bundle.min.js.map HTTP/1.1" 200 318045
::1 - - [29/Mar/2021:18:08:43 +0200] "GET /assets/dist/js/adminlte.min.js.map HTTP/1.1" 200 82896
::1 - - [29/Mar/2021:18:08:44 +0200] "GET /assets/plugins/select2/css/select2.bundle.css.map HTTP/1.1" 404 2009
::1 - - [29/Mar/2021:18:08:44 +0200] "GET /assets/dist/css/adminlte.min.css.map HTTP/1.1" 200 1483437
::1 - - [29/Mar/2021:18:23:58 +0200] "GET /invoices HTTP/1.1" 200 13596
::1 - - [29/Mar/2021:18:23:59 +0200] "GET /assets/plugins/select2/css/select2.bundle.css.map HTTP/1.1" 404 2009
::1 - - [29/Mar/2021:18:23:59 +0200] "GET /assets/dist/css/adminlte.min.css.map HTTP/1.1" 200 1483437
::1 - - [29/Mar/2021:18:23:59 +0200] "GET /assets/dist/js/adminlte.min.js.map HTTP/1.1" 200 82896
::1 - - [29/Mar/2021:18:23:59 +0200] "GET /assets/plugins/bootstrap/js/bootstrap.bundle.min.js.map HTTP/1.1" 200 318045
::1 - - [29/Mar/2021:18:23:59 +0200] "GET /invoicesJSON?numberOfPage=0&numberOfRows=10&search= HTTP/1.1" 200 1249
::1 - - [29/Mar/2021:18:24:05 +0200] "GET /invoiceDetails?id=9 HTTP/1.1" 200 602
::1 - - [29/Mar/2021:18:24:07 +0200] "GET /invoices HTTP/1.1" 200 13596
::1 - - [29/Mar/2021:18:24:07 +0200] "GET /invoicesJSON?numberOfPage=0&numberOfRows=10&search= HTTP/1.1" 200 1249
::1 - - [29/Mar/2021:18:24:08 +0200] "GET /invoices HTTP/1.1" 200 13596
::1 - - [29/Mar/2021:18:24:08 +0200] "GET /invoicesJSON?numberOfPage=0&numberOfRows=10&search= HTTP/1.1" 200 1249
::1 - - [29/Mar/2021:18:24:09 +0200] "GET /invoices HTTP/1.1" 200 13596
::1 - - [29/Mar/2021:18:24:09 +0200] "GET /invoicesJSON?numberOfPage=0&numberOfRows=10&search= HTTP/1.1" 200 1249
::1 - - [29/Mar/2021:18:24:09 +0200] "GET /invoices HTTP/1.1" 200 13596
::1 - - [29/Mar/2021:18:24:10 +0200] "GET /invoicesJSON?numberOfPage=0&numberOfRows=10&search= HTTP/1.1" 200 1249
::1 - - [29/Mar/2021:18:24:17 +0200] "GET /invoices HTTP/1.1" 200 13596
::1 - - [29/Mar/2021:18:24:18 +0200] "GET /invoicesJSON?numberOfPage=0&numberOfRows=10&search= HTTP/1.1" 200 1249
::1 - - [29/Mar/2021:18:24:19 +0200] "GET /products HTTP/1.1" 200 13473
::1 - - [29/Mar/2021:18:24:20 +0200] "GET /productsJSON?numberOfPage=0&numberOfRows=10&search= HTTP/1.1" 200 2605
::1 - - [29/Mar/2021:18:24:21 +0200] "GET /invoices HTTP/1.1" 200 13596
::1 - - [29/Mar/2021:18:24:21 +0200] "GET /invoicesJSON?numberOfPage=0&numberOfRows=10&search= HTTP/1.1" 200 1249
::1 - - [29/Mar/2021:18:24:22 +0200] "GET /customers HTTP/1.1" 200 13566
::1 - - [29/Mar/2021:18:24:22 +0200] "GET /customersJSON?numberOfPage=0&numberOfRows=10&search= HTTP/1.1" 200 3495
::1 - - [29/Mar/2021:18:24:24 +0200] "GET /invoices HTTP/1.1" 200 13596
::1 - - [29/Mar/2021:18:24:24 +0200] "GET /invoicesJSON?numberOfPage=0&numberOfRows=10&search= HTTP/1.1" 200 1249
::1 - - [29/Mar/2021:18:27:11 +0200] "GET /customers HTTP/1.1" 200 13566
::1 - - [29/Mar/2021:18:27:11 +0200] "GET /customersJSON?numberOfPage=0&numberOfRows=10&search= HTTP/1.1" 200 3495
::1 - - [29/Mar/2021:18:27:21 +0200] "GET /customerReports HTTP/1.1" 200 15970
::1 - - [29/Mar/2021:18:27:22 +0200] "GET /customersPerDay HTTP/1.1" 200 266
::1 - - [29/Mar/2021:18:27:22 +0200] "GET /customersActive HTTP/1.1" 200 95
::1 - - [29/Mar/2021:18:27:56 +0200] "GET /products HTTP/1.1" 200 13473
::1 - - [29/Mar/2021:18:27:56 +0200] "GET /productsJSON?numberOfPage=0&numberOfRows=10&search= HTTP/1.1" 200 2605
::1 - - [29/Mar/2021:18:28:16 +0200] "GET /customers HTTP/1.1" 200 13566
::1 - - [29/Mar/2021:18:28:16 +0200] "GET /customersJSON?numberOfPage=0&numberOfRows=10&search= HTTP/1.1" 200 3495
::1 - - [29/Mar/2021:18:28:21 +0200] "GET /invoices HTTP/1.1" 200 13596
::1 - - [29/Mar/2021:18:28:21 +0200] "GET /invoicesJSON?numberOfPage=0&numberOfRows=10&search= HTTP/1.1" 200 1249
::1 - - [29/Mar/2021:18:28:39 +0200] "GET /products HTTP/1.1" 200 13473
::1 - - [29/Mar/2021:18:28:40 +0200] "GET /productsJSON?numberOfPage=0&numberOfRows=10&search= HTTP/1.1" 200 2605
::1 - - [29/Mar/2021:18:29:53 +0200] "GET /productEdit?id=2725 HTTP/1.1" 200 11258
::1 - - [29/Mar/2021:18:29:57 +0200] "GET /products HTTP/1.1" 200 13473
::1 - - [29/Mar/2021:18:29:57 +0200] "GET /productsJSON?numberOfPage=0&numberOfRows=10&search= HTTP/1.1" 200 2605
::1 - - [29/Mar/2021:21:19:29 +0200] "GET / HTTP/1.1" 302 9122
::1 - - [29/Mar/2021:21:19:29 +0200] "GET /login HTTP/1.1" 200 2712
::1 - - [29/Mar/2021:21:19:30 +0200] "GET /favicon.ico HTTP/1.1" 404 2009
::1 - - [29/Mar/2021:21:19:35 +0200] "POST /loginProcess HTTP/1.1" 302 -
::1 - - [29/Mar/2021:21:19:35 +0200] "GET /profile HTTP/1.1" 200 11971
::1 - - [29/Mar/2021:21:19:40 +0200] "GET /invoices HTTP/1.1" 200 13596
::1 - - [29/Mar/2021:21:19:41 +0200] "GET /invoicesJSON?numberOfPage=0&numberOfRows=10&search= HTTP/1.1" 200 1249
::1 - - [29/Mar/2021:21:20:34 +0200] "GET /invoiceDetails?id=9 HTTP/1.1" 200 602
::1 - - [29/Mar/2021:21:20:35 +0200] "GET /invoices HTTP/1.1" 200 13596
::1 - - [29/Mar/2021:21:20:35 +0200] "GET /invoicesJSON?numberOfPage=0&numberOfRows=10&search= HTTP/1.1" 200 1249
::1 - - [29/Mar/2021:21:20:40 +0200] "GET /assets/dist/js/adminlte.min.js.map HTTP/1.1" 200 82896
::1 - - [29/Mar/2021:21:20:40 +0200] "GET /assets/plugins/bootstrap/js/bootstrap.bundle.min.js.map HTTP/1.1" 200 318045
::1 - - [29/Mar/2021:21:20:40 +0200] "GET /assets/plugins/select2/css/select2.bundle.css.map HTTP/1.1" 404 2009
::1 - - [29/Mar/2021:21:20:40 +0200] "GET /assets/dist/css/adminlte.min.css.map HTTP/1.1" 200 1483437
::1 - - [29/Mar/2021:21:20:48 +0200] "GET /invoiceDetails?id=9 HTTP/1.1" 200 602
::1 - - [29/Mar/2021:21:20:53 +0200] "GET /invoices HTTP/1.1" 200 13596
::1 - - [29/Mar/2021:21:20:53 +0200] "GET /assets/plugins/select2/css/select2.bundle.css.map HTTP/1.1" 404 2009
::1 - - [29/Mar/2021:21:20:54 +0200] "GET /assets/dist/css/adminlte.min.css.map HTTP/1.1" 200 1483437
::1 - - [29/Mar/2021:21:20:54 +0200] "GET /assets/dist/js/adminlte.min.js.map HTTP/1.1" 200 82896
::1 - - [29/Mar/2021:21:20:54 +0200] "GET /assets/plugins/bootstrap/js/bootstrap.bundle.min.js.map HTTP/1.1" 200 318045
::1 - - [29/Mar/2021:21:20:54 +0200] "GET /invoicesJSON?numberOfPage=0&numberOfRows=10&search= HTTP/1.1" 200 1249
::1 - - [29/Mar/2021:21:26:48 +0200] "GET /invoices HTTP/1.1" 200 13596
::1 - - [29/Mar/2021:21:26:49 +0200] "GET /assets/dist/css/adminlte.min.css.map HTTP/1.1" 200 1483437
::1 - - [29/Mar/2021:21:26:49 +0200] "GET /assets/plugins/select2/css/select2.bundle.css.map HTTP/1.1" 404 2009
::1 - - [29/Mar/2021:21:26:49 +0200] "GET /invoicesJSON?numberOfPage=0&numberOfRows=10&search= HTTP/1.1" 200 1249
::1 - - [29/Mar/2021:21:26:49 +0200] "GET /assets/plugins/bootstrap/js/bootstrap.bundle.min.js.map HTTP/1.1" 200 318045
::1 - - [29/Mar/2021:21:26:49 +0200] "GET /assets/dist/js/adminlte.min.js.map HTTP/1.1" 200 82896
::1 - - [29/Mar/2021:21:26:51 +0200] "GET /invoices HTTP/1.1" 200 13596
::1 - - [29/Mar/2021:21:26:52 +0200] "GET /assets/dist/css/adminlte.min.css.map HTTP/1.1" 200 1483437
::1 - - [29/Mar/2021:21:26:52 +0200] "GET /assets/plugins/select2/css/select2.bundle.css.map HTTP/1.1" 404 2009
::1 - - [29/Mar/2021:21:26:52 +0200] "GET /assets/dist/js/adminlte.min.js.map HTTP/1.1" 200 82896
::1 - - [29/Mar/2021:21:26:52 +0200] "GET /assets/plugins/bootstrap/js/bootstrap.bundle.min.js.map HTTP/1.1" 200 318045
::1 - - [29/Mar/2021:21:26:52 +0200] "GET /invoicesJSON?numberOfPage=0&numberOfRows=10&search= HTTP/1.1" 200 1249
::1 - - [29/Mar/2021:21:26:54 +0200] "GET /invoiceDetails?id=9 HTTP/1.1" 200 602
::1 - - [29/Mar/2021:21:26:55 +0200] "GET /invoices HTTP/1.1" 200 13596
::1 - - [29/Mar/2021:21:26:55 +0200] "GET /assets/plugins/select2/css/select2.bundle.css.map HTTP/1.1" 404 2009
::1 - - [29/Mar/2021:21:26:55 +0200] "GET /assets/dist/css/adminlte.min.css.map HTTP/1.1" 200 1483437
::1 - - [29/Mar/2021:21:26:56 +0200] "GET /assets/plugins/bootstrap/js/bootstrap.bundle.min.js.map HTTP/1.1" 200 318045
::1 - - [29/Mar/2021:21:26:56 +0200] "GET /assets/dist/js/adminlte.min.js.map HTTP/1.1" 200 82896
::1 - - [29/Mar/2021:21:26:56 +0200] "GET /invoicesJSON?numberOfPage=0&numberOfRows=10&search= HTTP/1.1" 200 1249
::1 - - [29/Mar/2021:21:27:33 +0200] "GET /profile HTTP/1.1" 200 11971
::1 - - [29/Mar/2021:21:27:33 +0200] "GET /assets/dist/css/adminlte.min.css.map HTTP/1.1" 200 1483437
::1 - - [29/Mar/2021:21:27:33 +0200] "GET /assets/plugins/select2/css/select2.bundle.css.map HTTP/1.1" 404 2009
::1 - - [29/Mar/2021:21:27:33 +0200] "GET /assets/plugins/bootstrap/js/bootstrap.bundle.min.js.map HTTP/1.1" 200 318045
::1 - - [29/Mar/2021:21:27:33 +0200] "GET /assets/dist/js/adminlte.min.js.map HTTP/1.1" 200 82896
::1 - - [29/Mar/2021:21:27:39 +0200] "GET /customers HTTP/1.1" 200 13566
::1 - - [29/Mar/2021:21:27:39 +0200] "GET /customersJSON?numberOfPage=0&numberOfRows=10&search= HTTP/1.1" 200 3495
::1 - - [29/Mar/2021:21:27:40 +0200] "GET /products HTTP/1.1" 200 13473
::1 - - [29/Mar/2021:21:27:40 +0200] "GET /productsJSON?numberOfPage=0&numberOfRows=10&search= HTTP/1.1" 200 2605
::1 - - [29/Mar/2021:21:27:45 +0200] "GET /assets/dist/js/adminlte.min.js.map HTTP/1.1" 200 82896
::1 - - [29/Mar/2021:21:27:45 +0200] "GET /assets/plugins/bootstrap/js/bootstrap.bundle.min.js.map HTTP/1.1" 200 318045
::1 - - [29/Mar/2021:21:27:45 +0200] "GET /assets/dist/css/adminlte.min.css.map HTTP/1.1" 200 1483437
::1 - - [29/Mar/2021:21:27:46 +0200] "GET /assets/plugins/select2/css/select2.bundle.css.map HTTP/1.1" 404 2009
::1 - - [29/Mar/2021:21:31:53 +0200] "GET /products HTTP/1.1" 200 13473
::1 - - [29/Mar/2021:21:31:54 +0200] "GET /productsJSON?numberOfPage=0&numberOfRows=10&search= HTTP/1.1" 200 2605
::1 - - [29/Mar/2021:21:32:05 +0200] "GET /productDetails?id=2725 HTTP/1.1" 200 9670
::1 - - [29/Mar/2021:21:32:07 +0200] "GET /products HTTP/1.1" 200 13473
::1 - - [29/Mar/2021:21:32:08 +0200] "GET /productsJSON?numberOfPage=0&numberOfRows=10&search= HTTP/1.1" 200 2605
::1 - - [29/Mar/2021:21:32:10 +0200] "GET /productDetails?id=2725 HTTP/1.1" 200 9670
::1 - - [29/Mar/2021:21:32:12 +0200] "GET /products HTTP/1.1" 200 13473
::1 - - [29/Mar/2021:21:32:12 +0200] "GET /productsJSON?numberOfPage=0&numberOfRows=10&search= HTTP/1.1" 200 2605
::1 - - [29/Mar/2021:21:32:15 +0200] "GET /productDetails?id=2725 HTTP/1.1" 200 9670
::1 - - [29/Mar/2021:21:32:17 +0200] "GET /products HTTP/1.1" 200 13473
::1 - - [29/Mar/2021:21:32:17 +0200] "GET /productsJSON?numberOfPage=0&numberOfRows=10&search= HTTP/1.1" 200 2605
::1 - - [29/Mar/2021:21:32:19 +0200] "GET /productDetails?id=2725 HTTP/1.1" 200 9670
::1 - - [29/Mar/2021:21:32:21 +0200] "GET /products HTTP/1.1" 200 13473
::1 - - [29/Mar/2021:21:32:22 +0200] "GET /productsJSON?numberOfPage=0&numberOfRows=10&search= HTTP/1.1" 200 2605
::1 - - [29/Mar/2021:21:32:28 +0200] "GET /productDetails?id=2725 HTTP/1.1" 200 9670
::1 - - [29/Mar/2021:21:32:32 +0200] "GET /products HTTP/1.1" 200 13473
::1 - - [29/Mar/2021:21:32:32 +0200] "GET /productsJSON?numberOfPage=0&numberOfRows=10&search= HTTP/1.1" 200 2605
::1 - - [29/Mar/2021:21:32:33 +0200] "GET /productDetails?id=2725 HTTP/1.1" 200 9670
::1 - - [29/Mar/2021:21:32:35 +0200] "GET /products HTTP/1.1" 200 13473
::1 - - [29/Mar/2021:21:32:35 +0200] "GET /productsJSON?numberOfPage=0&numberOfRows=10&search= HTTP/1.1" 200 2605
::1 - - [29/Mar/2021:21:32:37 +0200] "GET /productDetails?id=2725 HTTP/1.1" 200 9670
::1 - - [29/Mar/2021:21:34:01 +0200] "GET /productDetails?id=2725 HTTP/1.1" 200 9670
::1 - - [29/Mar/2021:21:34:32 +0200] "GET /invoices HTTP/1.1" 200 13596
::1 - - [29/Mar/2021:21:34:32 +0200] "GET /invoicesJSON?numberOfPage=0&numberOfRows=10&search= HTTP/1.1" 200 1249
::1 - - [29/Mar/2021:21:34:33 +0200] "GET /invoiceDetails?id=9 HTTP/1.1" 200 602
::1 - - [29/Mar/2021:21:34:35 +0200] "GET /invoices HTTP/1.1" 200 13596
::1 - - [29/Mar/2021:21:34:36 +0200] "GET /invoicesJSON?numberOfPage=0&numberOfRows=10&search= HTTP/1.1" 200 1249
::1 - - [29/Mar/2021:21:39:32 +0200] "-" 408 -
::1 - - [29/Mar/2021:21:42:20 +0200] "GET /invoices HTTP/1.1" 200 13596
::1 - - [29/Mar/2021:21:42:20 +0200] "GET /invoicesJSON?numberOfPage=0&numberOfRows=10&search= HTTP/1.1" 200 1249
::1 - - [29/Mar/2021:21:42:21 +0200] "GET /invoiceDetails?id=9 HTTP/1.1" 200 602
::1 - - [29/Mar/2021:21:42:36 +0200] "GET /invoices HTTP/1.1" 200 13596
::1 - - [29/Mar/2021:21:42:37 +0200] "GET /invoicesJSON?numberOfPage=0&numberOfRows=10&search= HTTP/1.1" 200 1249
::1 - - [29/Mar/2021:21:43:13 +0200] "GET /invoices HTTP/1.1" 200 13596
::1 - - [29/Mar/2021:21:43:13 +0200] "GET /invoicesJSON?numberOfPage=0&numberOfRows=10&search= HTTP/1.1" 200 1249
::1 - - [29/Mar/2021:21:43:14 +0200] "GET /invoiceDetails?id=9 HTTP/1.1" 200 602
::1 - - [29/Mar/2021:21:43:30 +0200] "GET /invoiceDetails?id=9 HTTP/1.1" 200 602
::1 - - [29/Mar/2021:21:43:31 +0200] "GET /invoiceDetails?id=9 HTTP/1.1" 200 602
::1 - - [29/Mar/2021:21:43:31 +0200] "GET /invoiceDetails?id=9 HTTP/1.1" 200 602
::1 - - [29/Mar/2021:21:43:32 +0200] "GET /invoiceDetails?id=9 HTTP/1.1" 200 602
::1 - - [29/Mar/2021:21:43:32 +0200] "GET /invoiceDetails?id=9 HTTP/1.1" 200 602
::1 - - [29/Mar/2021:21:43:49 +0200] "GET /invoiceDetails?id=9 HTTP/1.1" 200 602
::1 - - [29/Mar/2021:21:43:50 +0200] "GET /invoiceDetails?id=9 HTTP/1.1" 200 602
::1 - - [29/Mar/2021:21:43:50 +0200] "GET /invoiceDetails?id=9 HTTP/1.1" 200 602
::1 - - [29/Mar/2021:21:43:51 +0200] "GET /invoiceDetails?id=9 HTTP/1.1" 200 602
::1 - - [29/Mar/2021:21:43:59 +0200] "GET /invoiceDetails?id=9 HTTP/1.1" 200 -
::1 - - [29/Mar/2021:21:44:00 +0200] "GET /invoiceDetails?id=9 HTTP/1.1" 200 -
::1 - - [29/Mar/2021:21:44:00 +0200] "GET /invoiceDetails?id=9 HTTP/1.1" 200 -
::1 - - [29/Mar/2021:21:44:00 +0200] "GET /invoiceDetails?id=9 HTTP/1.1" 200 -
::1 - - [29/Mar/2021:21:44:00 +0200] "GET /invoiceDetails?id=9 HTTP/1.1" 200 -
::1 - - [29/Mar/2021:21:44:01 +0200] "GET /invoiceDetails?id=9 HTTP/1.1" 200 -
::1 - - [29/Mar/2021:21:44:01 +0200] "GET /invoiceDetails?id=9 HTTP/1.1" 200 -
::1 - - [29/Mar/2021:21:44:01 +0200] "GET /invoiceDetails?id=9 HTTP/1.1" 200 -
::1 - - [29/Mar/2021:21:44:03 +0200] "GET /invoices HTTP/1.1" 200 13596
::1 - - [29/Mar/2021:21:44:03 +0200] "GET /invoicesJSON?numberOfPage=0&numberOfRows=10&search= HTTP/1.1" 200 1249
::1 - - [29/Mar/2021:21:44:04 +0200] "GET /invoiceDetails?id=9 HTTP/1.1" 200 -
::1 - - [29/Mar/2021:21:44:13 +0200] "GET /invoiceDetails HTTP/1.1" 200 -
::1 - - [29/Mar/2021:21:44:14 +0200] "GET /invoiceDetails?id=9 HTTP/1.1" 200 -
::1 - - [29/Mar/2021:21:44:15 +0200] "GET /invoices HTTP/1.1" 200 13596
::1 - - [29/Mar/2021:21:44:16 +0200] "GET /invoicesJSON?numberOfPage=0&numberOfRows=10&search= HTTP/1.1" 200 1249
::1 - - [29/Mar/2021:21:49:13 +0200] "-" 408 -
::1 - - [29/Mar/2021:21:51:53 +0200] "GET /invoices HTTP/1.1" 200 13596
::1 - - [29/Mar/2021:21:51:54 +0200] "GET /invoicesJSON?numberOfPage=0&numberOfRows=10&search= HTTP/1.1" 200 1249
::1 - - [29/Mar/2021:21:51:54 +0200] "GET /invoiceDetails?id=9 HTTP/1.1" 200 -
::1 - - [29/Mar/2021:21:51:57 +0200] "GET /invoices HTTP/1.1" 200 13596
::1 - - [29/Mar/2021:21:51:57 +0200] "GET /invoicesJSON?numberOfPage=0&numberOfRows=10&search= HTTP/1.1" 200 1249
::1 - - [29/Mar/2021:21:51:59 +0200] "GET /customers HTTP/1.1" 200 13566
::1 - - [29/Mar/2021:21:51:59 +0200] "GET /customersJSON?numberOfPage=0&numberOfRows=10&search= HTTP/1.1" 200 3495
::1 - - [29/Mar/2021:21:52:01 +0200] "GET /customerDetails?id=3 HTTP/1.1" 200 9878
::1 - - [29/Mar/2021:21:52:05 +0200] "GET /customers HTTP/1.1" 200 13566
::1 - - [29/Mar/2021:21:52:05 +0200] "GET /invoices HTTP/1.1" 200 13596
::1 - - [29/Mar/2021:21:52:05 +0200] "GET /invoicesJSON?numberOfPage=0&numberOfRows=10&search= HTTP/1.1" 200 1249
::1 - - [29/Mar/2021:21:54:08 +0200] "GET /invoices HTTP/1.1" 200 13596
::1 - - [29/Mar/2021:21:54:08 +0200] "GET /invoicesJSON?numberOfPage=0&numberOfRows=10&search= HTTP/1.1" 200 1249
::1 - - [29/Mar/2021:21:54:09 +0200] "GET /customers HTTP/1.1" 200 13566
::1 - - [29/Mar/2021:21:54:09 +0200] "GET /customersJSON?numberOfPage=0&numberOfRows=10&search= HTTP/1.1" 200 3495
::1 - - [29/Mar/2021:21:54:11 +0200] "GET /customerDetails?id=3 HTTP/1.1" 200 9878
::1 - - [29/Mar/2021:21:54:15 +0200] "GET /customers HTTP/1.1" 200 13566
::1 - - [29/Mar/2021:21:54:15 +0200] "GET /customersJSON?numberOfPage=0&numberOfRows=10&search= HTTP/1.1" 200 3495
::1 - - [29/Mar/2021:21:54:28 +0200] "GET /invoices HTTP/1.1" 200 13596
::1 - - [29/Mar/2021:21:54:29 +0200] "GET /invoicesJSON?numberOfPage=0&numberOfRows=10&search= HTTP/1.1" 200 1249
::1 - - [29/Mar/2021:21:54:29 +0200] "GET /invoiceDetails?id=9 HTTP/1.1" 200 -
::1 - - [29/Mar/2021:21:54:31 +0200] "GET /invoices HTTP/1.1" 200 13596
::1 - - [29/Mar/2021:21:54:31 +0200] "GET /invoicesJSON?numberOfPage=0&numberOfRows=10&search= HTTP/1.1" 200 1249
::1 - - [29/Mar/2021:21:58:27 +0200] "GET /invoices HTTP/1.1" 200 13596
::1 - - [29/Mar/2021:21:58:27 +0200] "GET /invoicesJSON?numberOfPage=0&numberOfRows=10&search= HTTP/1.1" 200 1249
::1 - - [29/Mar/2021:21:58:28 +0200] "GET /invoiceDetails?id=9 HTTP/1.1" 200 -
::1 - - [29/Mar/2021:21:58:30 +0200] "GET /invoices HTTP/1.1" 200 13596
::1 - - [29/Mar/2021:21:58:30 +0200] "GET /invoicesJSON?numberOfPage=0&numberOfRows=10&search= HTTP/1.1" 200 1249
::1 - - [29/Mar/2021:21:58:31 +0200] "GET /invoiceDetails?id=10 HTTP/1.1" 200 -
::1 - - [29/Mar/2021:21:58:34 +0200] "GET /invoices HTTP/1.1" 200 13596
::1 - - [29/Mar/2021:21:58:34 +0200] "GET /invoicesJSON?numberOfPage=0&numberOfRows=10&search= HTTP/1.1" 200 1249
::1 - - [29/Mar/2021:22:00:35 +0200] "GET /invoices HTTP/1.1" 200 13596
::1 - - [29/Mar/2021:22:00:35 +0200] "GET /invoicesJSON?numberOfPage=0&numberOfRows=10&search= HTTP/1.1" 200 1249
::1 - - [29/Mar/2021:22:00:35 +0200] "GET /invoices HTTP/1.1" 200 13596
::1 - - [29/Mar/2021:22:00:36 +0200] "GET /invoicesJSON?numberOfPage=0&numberOfRows=10&search= HTTP/1.1" 200 1249
::1 - - [29/Mar/2021:22:00:37 +0200] "GET /invoiceDetails?id=9 HTTP/1.1" 200 -
::1 - - [29/Mar/2021:22:00:40 +0200] "GET /invoices HTTP/1.1" 200 13596
::1 - - [29/Mar/2021:22:00:41 +0200] "GET /invoicesJSON?numberOfPage=0&numberOfRows=10&search= HTTP/1.1" 200 1249
::1 - - [29/Mar/2021:22:00:52 +0200] "GET /invoices HTTP/1.1" 200 13596
::1 - - [29/Mar/2021:22:00:52 +0200] "GET /invoicesJSON?numberOfPage=0&numberOfRows=10&search= HTTP/1.1" 200 1249
::1 - - [29/Mar/2021:22:00:53 +0200] "GET /invoiceDetails?id=9 HTTP/1.1" 200 -
::1 - - [29/Mar/2021:22:00:54 +0200] "GET /invoices HTTP/1.1" 200 13596
::1 - - [29/Mar/2021:22:00:55 +0200] "GET /invoicesJSON?numberOfPage=0&numberOfRows=10&search= HTTP/1.1" 200 1249
::1 - - [29/Mar/2021:22:01:14 +0200] "GET /invoices HTTP/1.1" 200 13596
::1 - - [29/Mar/2021:22:01:14 +0200] "GET /invoicesJSON?numberOfPage=0&numberOfRows=10&search= HTTP/1.1" 200 1249
::1 - - [29/Mar/2021:22:01:15 +0200] "GET /invoiceDetails?id=9 HTTP/1.1" 200 -
::1 - - [29/Mar/2021:22:01:17 +0200] "GET /invoices HTTP/1.1" 200 13596
::1 - - [29/Mar/2021:22:01:17 +0200] "GET /invoicesJSON?numberOfPage=0&numberOfRows=10&search= HTTP/1.1" 200 1249
::1 - - [29/Mar/2021:22:01:35 +0200] "GET /invoices HTTP/1.1" 200 13596
::1 - - [29/Mar/2021:22:01:35 +0200] "GET /invoicesJSON?numberOfPage=0&numberOfRows=10&search= HTTP/1.1" 200 1249
::1 - - [29/Mar/2021:22:01:37 +0200] "GET /invoiceDetails?id=10 HTTP/1.1" 200 -
::1 - - [29/Mar/2021:22:01:38 +0200] "GET /invoices HTTP/1.1" 200 13596
::1 - - [29/Mar/2021:22:01:38 +0200] "GET /invoicesJSON?numberOfPage=0&numberOfRows=10&search= HTTP/1.1" 200 1249
::1 - - [29/Mar/2021:22:03:51 +0200] "GET /invoices HTTP/1.1" 200 13596
::1 - - [29/Mar/2021:22:03:52 +0200] "GET /invoicesJSON?numberOfPage=0&numberOfRows=10&search= HTTP/1.1" 200 1249
::1 - - [29/Mar/2021:22:03:53 +0200] "GET /invoiceDetails?id=9 HTTP/1.1" 200 -
::1 - - [29/Mar/2021:22:03:55 +0200] "GET /invoices HTTP/1.1" 200 13596
::1 - - [29/Mar/2021:22:03:55 +0200] "GET /invoicesJSON?numberOfPage=0&numberOfRows=10&search= HTTP/1.1" 200 1249
::1 - - [29/Mar/2021:22:05:07 +0200] "GET /invoices HTTP/1.1" 200 13596
::1 - - [29/Mar/2021:22:05:08 +0200] "GET /invoicesJSON?numberOfPage=0&numberOfRows=10&search= HTTP/1.1" 200 1249
::1 - - [29/Mar/2021:22:05:09 +0200] "GET /invoices HTTP/1.1" 200 13596
::1 - - [29/Mar/2021:22:05:09 +0200] "GET /invoicesJSON?numberOfPage=0&numberOfRows=10&search= HTTP/1.1" 200 1249
::1 - - [29/Mar/2021:22:05:10 +0200] "GET /invoiceDetails?id=9 HTTP/1.1" 200 -
::1 - - [29/Mar/2021:22:05:12 +0200] "GET /invoices HTTP/1.1" 200 13596
::1 - - [29/Mar/2021:22:05:12 +0200] "GET /invoicesJSON?numberOfPage=0&numberOfRows=10&search= HTTP/1.1" 200 1249
::1 - - [29/Mar/2021:22:05:13 +0200] "GET /products HTTP/1.1" 200 13473
::1 - - [29/Mar/2021:22:05:13 +0200] "GET /productsJSON?numberOfPage=0&numberOfRows=10&search= HTTP/1.1" 200 2605
::1 - - [29/Mar/2021:22:05:14 +0200] "GET /productDetails?id=2725 HTTP/1.1" 200 9670
::1 - - [29/Mar/2021:22:05:16 +0200] "GET /customers HTTP/1.1" 200 13566
::1 - - [29/Mar/2021:22:05:16 +0200] "GET /customersJSON?numberOfPage=0&numberOfRows=10&search= HTTP/1.1" 200 3495
::1 - - [29/Mar/2021:22:05:17 +0200] "GET /customerDetails?id=3 HTTP/1.1" 200 9878
::1 - - [29/Mar/2021:22:05:18 +0200] "GET /customers HTTP/1.1" 200 13566
::1 - - [29/Mar/2021:22:05:19 +0200] "GET /customersJSON?numberOfPage=0&numberOfRows=10&search= HTTP/1.1" 200 3495
::1 - - [29/Mar/2021:22:05:19 +0200] "GET /productDetails?id=2725 HTTP/1.1" 200 9670
::1 - - [29/Mar/2021:22:09:50 +0200] "GET /products HTTP/1.1" 200 13473
::1 - - [29/Mar/2021:22:09:50 +0200] "GET /productsJSON?numberOfPage=0&numberOfRows=10&search= HTTP/1.1" 200 2605
::1 - - [29/Mar/2021:22:09:52 +0200] "GET /customers HTTP/1.1" 200 13566
::1 - - [29/Mar/2021:22:09:52 +0200] "GET /customersJSON?numberOfPage=0&numberOfRows=10&search= HTTP/1.1" 200 3495
::1 - - [29/Mar/2021:22:09:56 +0200] "GET /products HTTP/1.1" 200 13473
::1 - - [29/Mar/2021:22:09:56 +0200] "GET /productsJSON?numberOfPage=0&numberOfRows=10&search= HTTP/1.1" 200 2605
::1 - - [29/Mar/2021:22:10:02 +0200] "GET /products HTTP/1.1" 200 13473
::1 - - [29/Mar/2021:22:10:02 +0200] "GET /productsJSON?numberOfPage=0&numberOfRows=10&search= HTTP/1.1" 200 2605
::1 - - [29/Mar/2021:22:10:04 +0200] "GET /customers HTTP/1.1" 200 13566
::1 - - [29/Mar/2021:22:10:04 +0200] "GET /customersJSON?numberOfPage=0&numberOfRows=10&search= HTTP/1.1" 200 3495
::1 - - [29/Mar/2021:22:10:19 +0200] "GET /customerDetails?id=3 HTTP/1.1" 200 9878
::1 - - [29/Mar/2021:22:15:19 +0200] "-" 408 -
::1 - - [29/Mar/2021:23:43:25 +0200] "GET /customerDetails?id=3 HTTP/1.1" 200 9878
::1 - - [29/Mar/2021:23:43:48 +0200] "GET /profile HTTP/1.1" 200 11971
::1 - - [29/Mar/2021:23:43:48 +0200] "GET /profile HTTP/1.1" 200 11971
::1 - - [29/Mar/2021:23:43:49 +0200] "GET /invoices HTTP/1.1" 200 13596
::1 - - [29/Mar/2021:23:43:49 +0200] "GET /invoicesJSON?numberOfPage=0&numberOfRows=10&search= HTTP/1.1" 200 1249
::1 - - [29/Mar/2021:23:43:50 +0200] "GET /profile HTTP/1.1" 200 11971
::1 - - [29/Mar/2021:23:43:53 +0200] "GET /invoices HTTP/1.1" 200 13596
::1 - - [29/Mar/2021:23:43:53 +0200] "GET /invoicesJSON?numberOfPage=0&numberOfRows=10&search= HTTP/1.1" 200 1249
::1 - - [29/Mar/2021:23:43:54 +0200] "GET /products HTTP/1.1" 200 13473
::1 - - [29/Mar/2021:23:43:55 +0200] "GET /productsJSON?numberOfPage=0&numberOfRows=10&search= HTTP/1.1" 200 2605
::1 - - [29/Mar/2021:23:44:07 +0200] "GET /products HTTP/1.1" 200 13473
::1 - - [29/Mar/2021:23:44:07 +0200] "GET /productsJSON?numberOfPage=0&numberOfRows=10&search= HTTP/1.1" 200 2605
::1 - - [29/Mar/2021:23:44:08 +0200] "GET /customers HTTP/1.1" 200 13566
::1 - - [29/Mar/2021:23:44:09 +0200] "GET /customersJSON?numberOfPage=0&numberOfRows=10&search= HTTP/1.1" 200 3495
::1 - - [29/Mar/2021:23:44:14 +0200] "GET /customers HTTP/1.1" 200 13566
::1 - - [29/Mar/2021:23:44:14 +0200] "GET /customersJSON?numberOfPage=0&numberOfRows=10&search= HTTP/1.1" 200 3495
::1 - - [29/Mar/2021:23:44:23 +0200] "GET /products HTTP/1.1" 200 13473
::1 - - [29/Mar/2021:23:44:23 +0200] "GET /productsJSON?numberOfPage=0&numberOfRows=10&search= HTTP/1.1" 200 2605
::1 - - [29/Mar/2021:23:44:25 +0200] "GET /customers HTTP/1.1" 200 13566
::1 - - [29/Mar/2021:23:44:25 +0200] "GET /customersJSON?numberOfPage=0&numberOfRows=10&search= HTTP/1.1" 200 3495
::1 - - [29/Mar/2021:23:44:32 +0200] "GET /customers HTTP/1.1" 200 13566
::1 - - [29/Mar/2021:23:44:32 +0200] "GET /customersJSON?numberOfPage=0&numberOfRows=10&search= HTTP/1.1" 200 3495
::1 - - [29/Mar/2021:23:44:35 +0200] "GET /customerCreate HTTP/1.1" 200 11979
::1 - - [29/Mar/2021:23:44:36 +0200] "POST /importCustomerJsonProcess HTTP/1.1" 302 146
::1 - - [29/Mar/2021:23:44:36 +0200] "GET /customerCreate HTTP/1.1" 200 11979
::1 - - [29/Mar/2021:23:44:37 +0200] "GET /products HTTP/1.1" 200 13473
::1 - - [29/Mar/2021:23:44:37 +0200] "GET /productsJSON?numberOfPage=0&numberOfRows=10&search= HTTP/1.1" 200 2605
::1 - - [29/Mar/2021:23:44:38 +0200] "GET /productCreate HTTP/1.1" 200 11635
::1 - - [29/Mar/2021:23:44:39 +0200] "POST /importProductJsonProcess HTTP/1.1" 302 -
::1 - - [29/Mar/2021:23:44:39 +0200] "GET /productCreate HTTP/1.1" 200 11635
::1 - - [29/Mar/2021:23:44:40 +0200] "GET /products HTTP/1.1" 200 13473
::1 - - [29/Mar/2021:23:44:41 +0200] "GET /productsJSON?numberOfPage=0&numberOfRows=10&search= HTTP/1.1" 200 2605
::1 - - [29/Mar/2021:23:44:41 +0200] "GET /productCreate HTTP/1.1" 200 11635
::1 - - [29/Mar/2021:23:44:43 +0200] "GET /invoices HTTP/1.1" 200 13596
::1 - - [29/Mar/2021:23:44:43 +0200] "GET /invoicesJSON?numberOfPage=0&numberOfRows=10&search= HTTP/1.1" 200 1249
::1 - - [29/Mar/2021:23:44:43 +0200] "GET /invoiceCreate HTTP/1.1" 200 15639
::1 - - [29/Mar/2021:23:49:32 +0200] "-" 408 -
::1 - - [29/Mar/2021:23:51:37 +0200] "GET /products HTTP/1.1" 200 13473
::1 - - [29/Mar/2021:23:51:37 +0200] "GET /productsJSON?numberOfPage=0&numberOfRows=10&search= HTTP/1.1" 200 2605
::1 - - [29/Mar/2021:23:51:42 +0200] "GET /invoices HTTP/1.1" 200 13596
::1 - - [29/Mar/2021:23:51:43 +0200] "GET /invoicesJSON?numberOfPage=0&numberOfRows=10&search= HTTP/1.1" 200 1249
::1 - - [29/Mar/2021:23:51:57 +0200] "GET /invoiceDetails?id=9 HTTP/1.1" 200 -
::1 - - [29/Mar/2021:23:52:10 +0200] "GET /invoices HTTP/1.1" 200 13596
::1 - - [29/Mar/2021:23:52:11 +0200] "GET /invoicesJSON?numberOfPage=0&numberOfRows=10&search= HTTP/1.1" 200 1249
::1 - - [29/Mar/2021:23:52:12 +0200] "GET /invoiceDetails?id=9 HTTP/1.1" 200 -
::1 - - [29/Mar/2021:23:52:14 +0200] "GET /invoices HTTP/1.1" 200 13596
::1 - - [29/Mar/2021:23:52:14 +0200] "GET /invoicesJSON?numberOfPage=0&numberOfRows=10&search= HTTP/1.1" 200 1249
::1 - - [29/Mar/2021:23:52:15 +0200] "GET /products HTTP/1.1" 200 13473
::1 - - [29/Mar/2021:23:52:15 +0200] "GET /productsJSON?numberOfPage=0&numberOfRows=10&search= HTTP/1.1" 200 2605
::1 - - [29/Mar/2021:23:52:16 +0200] "GET /productDetails?id=2725 HTTP/1.1" 200 9670
::1 - - [29/Mar/2021:23:52:20 +0200] "GET /products HTTP/1.1" 200 13473
::1 - - [29/Mar/2021:23:52:20 +0200] "GET /productsJSON?numberOfPage=0&numberOfRows=10&search= HTTP/1.1" 200 2605
::1 - - [29/Mar/2021:23:52:27 +0200] "GET /invoices HTTP/1.1" 200 13596
::1 - - [29/Mar/2021:23:52:27 +0200] "GET /invoicesJSON?numberOfPage=0&numberOfRows=10&search= HTTP/1.1" 200 1249
::1 - - [29/Mar/2021:23:52:29 +0200] "GET /invoiceDetails?id=11 HTTP/1.1" 200 -
::1 - - [29/Mar/2021:23:52:31 +0200] "GET /invoices HTTP/1.1" 200 13596
::1 - - [29/Mar/2021:23:52:32 +0200] "GET /invoicesJSON?numberOfPage=0&numberOfRows=10&search= HTTP/1.1" 200 1249
::1 - - [29/Mar/2021:23:52:41 +0200] "GET /customers HTTP/1.1" 200 13566
::1 - - [29/Mar/2021:23:52:42 +0200] "GET /customersJSON?numberOfPage=0&numberOfRows=10&search= HTTP/1.1" 200 3495
::1 - - [29/Mar/2021:23:52:43 +0200] "GET /customerDetails?id=3 HTTP/1.1" 200 9878
::1 - - [29/Mar/2021:23:52:47 +0200] "GET /customers HTTP/1.1" 200 13566
::1 - - [29/Mar/2021:23:52:47 +0200] "GET /customersJSON?numberOfPage=0&numberOfRows=10&search= HTTP/1.1" 200 3495
::1 - - [29/Mar/2021:23:52:48 +0200] "GET /customerDetails?id=3 HTTP/1.1" 200 9878
::1 - - [29/Mar/2021:23:52:56 +0200] "GET /invoices HTTP/1.1" 200 13596
::1 - - [29/Mar/2021:23:52:56 +0200] "GET /invoicesJSON?numberOfPage=0&numberOfRows=10&search= HTTP/1.1" 200 1249
::1 - - [29/Mar/2021:23:52:58 +0200] "GET /invoiceDetails?id=9 HTTP/1.1" 200 -
::1 - - [29/Mar/2021:23:53:00 +0200] "GET /invoices HTTP/1.1" 200 13596
::1 - - [29/Mar/2021:23:53:00 +0200] "GET /invoicesJSON?numberOfPage=0&numberOfRows=10&search= HTTP/1.1" 200 1249
::1 - - [29/Mar/2021:23:55:21 +0200] "GET /invoiceDetails?id=9 HTTP/1.1" 200 -
::1 - - [29/Mar/2021:23:55:25 +0200] "GET /invoices HTTP/1.1" 200 13596
::1 - - [29/Mar/2021:23:55:25 +0200] "GET /invoicesJSON?numberOfPage=0&numberOfRows=10&search= HTTP/1.1" 200 1249
::1 - - [29/Mar/2021:23:55:27 +0200] "GET /invoiceDetails?id=12 HTTP/1.1" 200 -
::1 - - [29/Mar/2021:23:55:29 +0200] "GET /invoices HTTP/1.1" 200 13596
::1 - - [29/Mar/2021:23:55:29 +0200] "GET /invoicesJSON?numberOfPage=0&numberOfRows=10&search= HTTP/1.1" 200 1249
::1 - - [29/Mar/2021:23:55:30 +0200] "GET /customers HTTP/1.1" 200 13566
::1 - - [29/Mar/2021:23:55:30 +0200] "GET /customersJSON?numberOfPage=0&numberOfRows=10&search= HTTP/1.1" 200 3495
::1 - - [29/Mar/2021:23:55:34 +0200] "GET /invoices HTTP/1.1" 200 13596
::1 - - [29/Mar/2021:23:55:34 +0200] "GET /invoicesJSON?numberOfPage=0&numberOfRows=10&search= HTTP/1.1" 200 1249
::1 - - [29/Mar/2021:23:56:11 +0200] "GET /invoiceDetails?id=9 HTTP/1.1" 200 -
::1 - - [29/Mar/2021:23:56:14 +0200] "GET /invoices HTTP/1.1" 200 13596
::1 - - [29/Mar/2021:23:56:14 +0200] "GET /invoicesJSON?numberOfPage=0&numberOfRows=10&search= HTTP/1.1" 200 1249
::1 - - [29/Mar/2021:23:59:03 +0200] "GET /customers HTTP/1.1" 200 13566
::1 - - [29/Mar/2021:23:59:03 +0200] "GET /customersJSON?numberOfPage=0&numberOfRows=10&search= HTTP/1.1" 200 3495
::1 - - [29/Mar/2021:23:59:04 +0200] "GET /products HTTP/1.1" 200 13473
::1 - - [29/Mar/2021:23:59:04 +0200] "GET /productsJSON?numberOfPage=0&numberOfRows=10&search= HTTP/1.1" 200 2605
::1 - - [29/Mar/2021:23:59:15 +0200] "GET /customers HTTP/1.1" 200 13566
::1 - - [29/Mar/2021:23:59:15 +0200] "GET /customersJSON?numberOfPage=0&numberOfRows=10&search= HTTP/1.1" 200 3495
::1 - - [29/Mar/2021:23:59:20 +0200] "GET /products HTTP/1.1" 200 13473
::1 - - [29/Mar/2021:23:59:20 +0200] "GET /productsJSON?numberOfPage=0&numberOfRows=10&search= HTTP/1.1" 200 2605
::1 - - [29/Mar/2021:23:59:42 +0200] "GET /products HTTP/1.1" 200 13473
::1 - - [29/Mar/2021:23:59:43 +0200] "GET /productsJSON?numberOfPage=0&numberOfRows=10&search= HTTP/1.1" 200 2605
::1 - - [29/Mar/2021:23:59:45 +0200] "GET /customers HTTP/1.1" 200 13566
::1 - - [29/Mar/2021:23:59:45 +0200] "GET /customersJSON?numberOfPage=0&numberOfRows=10&search= HTTP/1.1" 200 3495
::1 - - [29/Mar/2021:23:59:47 +0200] "GET /invoices HTTP/1.1" 200 13596
::1 - - [29/Mar/2021:23:59:47 +0200] "GET /invoicesJSON?numberOfPage=0&numberOfRows=10&search= HTTP/1.1" 200 1249
::1 - - [29/Mar/2021:23:59:48 +0200] "GET /products HTTP/1.1" 200 13473
::1 - - [29/Mar/2021:23:59:49 +0200] "GET /productsJSON?numberOfPage=0&numberOfRows=10&search= HTTP/1.1" 200 2605
::1 - - [29/Mar/2021:23:59:53 +0200] "GET /customers HTTP/1.1" 200 13566
::1 - - [29/Mar/2021:23:59:53 +0200] "GET /customersJSON?numberOfPage=0&numberOfRows=10&search= HTTP/1.1" 200 3495
::1 - - [30/Mar/2021:00:00:04 +0200] "GET /products HTTP/1.1" 200 13473
::1 - - [30/Mar/2021:00:00:04 +0200] "GET /productsJSON?numberOfPage=0&numberOfRows=10&search= HTTP/1.1" 200 2605
::1 - - [30/Mar/2021:00:00:07 +0200] "GET /profile HTTP/1.1" 200 11971
::1 - - [30/Mar/2021:00:00:08 +0200] "GET /invoices HTTP/1.1" 200 13596
::1 - - [30/Mar/2021:00:00:08 +0200] "GET /invoicesJSON?numberOfPage=0&numberOfRows=10&search= HTTP/1.1" 200 1249
::1 - - [30/Mar/2021:00:00:12 +0200] "GET /products HTTP/1.1" 200 13473
::1 - - [30/Mar/2021:00:00:12 +0200] "GET /productsJSON?numberOfPage=0&numberOfRows=10&search= HTTP/1.1" 200 2605
::1 - - [30/Mar/2021:00:00:13 +0200] "GET /customers HTTP/1.1" 200 13566
::1 - - [30/Mar/2021:00:00:13 +0200] "GET /customersJSON?numberOfPage=0&numberOfRows=10&search= HTTP/1.1" 200 3495
::1 - - [30/Mar/2021:00:00:16 +0200] "GET /customers HTTP/1.1" 200 13566
::1 - - [30/Mar/2021:00:00:16 +0200] "GET /customersJSON?numberOfPage=0&numberOfRows=10&search= HTTP/1.1" 200 3495
::1 - - [30/Mar/2021:00:00:17 +0200] "GET /customers HTTP/1.1" 200 13566
::1 - - [30/Mar/2021:00:00:18 +0200] "GET /customersJSON?numberOfPage=0&numberOfRows=10&search= HTTP/1.1" 200 3495
::1 - - [30/Mar/2021:00:00:32 +0200] "GET /customers HTTP/1.1" 200 13566
::1 - - [30/Mar/2021:00:00:33 +0200] "GET /customersJSON?numberOfPage=0&numberOfRows=10&search= HTTP/1.1" 200 3495
::1 - - [30/Mar/2021:00:05:32 +0200] "-" 408 -
::1 - - [30/Mar/2021:00:06:06 +0200] "GET /profile HTTP/1.1" 200 11971
::1 - - [30/Mar/2021:00:06:17 +0200] "GET /profile HTTP/1.1" 302 11971
::1 - - [30/Mar/2021:00:06:17 +0200] "GET /login HTTP/1.1" 302 2712
::1 - - [30/Mar/2021:00:06:17 +0200] "GET /accessDenied HTTP/1.1" 200 1988
::1 - - [30/Mar/2021:00:06:19 +0200] "GET /customers HTTP/1.1" 200 13566
::1 - - [30/Mar/2021:00:06:19 +0200] "GET /customersJSON?numberOfPage=0&numberOfRows=10&search= HTTP/1.1" 200 3495
::1 - - [30/Mar/2021:00:06:20 +0200] "GET /home HTTP/1.1" 200 8832
::1 - - [30/Mar/2021:00:06:21 +0200] "GET /profile HTTP/1.1" 302 11971
::1 - - [30/Mar/2021:00:06:21 +0200] "GET /login HTTP/1.1" 302 2712
::1 - - [30/Mar/2021:00:06:21 +0200] "GET /accessDenied HTTP/1.1" 200 1988
::1 - - [30/Mar/2021:00:06:22 +0200] "GET /home HTTP/1.1" 200 8832
::1 - - [30/Mar/2021:00:06:30 +0200] "GET /home HTTP/1.1" 200 8832
::1 - - [30/Mar/2021:00:06:31 +0200] "GET /home HTTP/1.1" 200 8832
::1 - - [30/Mar/2021:00:06:32 +0200] "GET /customers HTTP/1.1" 200 13566
::1 - - [30/Mar/2021:00:06:32 +0200] "GET /customersJSON?numberOfPage=0&numberOfRows=10&search= HTTP/1.1" 200 3495
::1 - - [30/Mar/2021:00:06:33 +0200] "GET /home HTTP/1.1" 200 8832
::1 - - [30/Mar/2021:00:06:34 +0200] "GET /profile HTTP/1.1" 200 11971
::1 - - [30/Mar/2021:00:06:35 +0200] "GET /profile HTTP/1.1" 200 11971
::1 - - [30/Mar/2021:00:06:36 +0200] "GET /invoices HTTP/1.1" 200 13596
::1 - - [30/Mar/2021:00:06:36 +0200] "GET /invoicesJSON?numberOfPage=0&numberOfRows=10&search= HTTP/1.1" 200 1249
::1 - - [30/Mar/2021:00:06:36 +0200] "GET /profile HTTP/1.1" 200 11971
::1 - - [30/Mar/2021:00:06:39 +0200] "GET /home HTTP/1.1" 200 8832
::1 - - [30/Mar/2021:00:06:39 +0200] "GET /profile HTTP/1.1" 200 11971
::1 - - [30/Mar/2021:00:06:41 +0200] "GET /invoices HTTP/1.1" 200 13596
::1 - - [30/Mar/2021:00:06:41 +0200] "GET /invoicesJSON?numberOfPage=0&numberOfRows=10&search= HTTP/1.1" 200 1249
::1 - - [30/Mar/2021:00:06:42 +0200] "GET /invoices HTTP/1.1" 200 13596
::1 - - [30/Mar/2021:00:06:42 +0200] "GET /invoicesJSON?numberOfPage=0&numberOfRows=10&search= HTTP/1.1" 200 1249
::1 - - [30/Mar/2021:00:06:43 +0200] "GET /invoices HTTP/1.1" 200 13596
::1 - - [30/Mar/2021:00:06:43 +0200] "GET /invoicesJSON?numberOfPage=0&numberOfRows=10&search= HTTP/1.1" 200 1249
::1 - - [30/Mar/2021:00:06:44 +0200] "GET /products HTTP/1.1" 200 13473
::1 - - [30/Mar/2021:00:06:44 +0200] "GET /productsJSON?numberOfPage=0&numberOfRows=10&search= HTTP/1.1" 200 2605
::1 - - [30/Mar/2021:00:07:01 +0200] "GET /products HTTP/1.1" 200 13473
::1 - - [30/Mar/2021:00:07:02 +0200] "GET /productsJSON?numberOfPage=0&numberOfRows=10&search= HTTP/1.1" 200 2605
::1 - - [30/Mar/2021:00:07:14 +0200] "GET /invoices HTTP/1.1" 200 13596
::1 - - [30/Mar/2021:00:07:14 +0200] "GET /invoicesJSON?numberOfPage=0&numberOfRows=10&search= HTTP/1.1" 200 1249
::1 - - [30/Mar/2021:00:07:19 +0200] "GET /invoices HTTP/1.1" 200 13596
::1 - - [30/Mar/2021:00:07:19 +0200] "GET /invoicesJSON?numberOfPage=0&numberOfRows=10&search= HTTP/1.1" 200 1249
::1 - - [30/Mar/2021:00:07:22 +0200] "GET /products HTTP/1.1" 200 13473
::1 - - [30/Mar/2021:00:07:22 +0200] "GET /productsJSON?numberOfPage=0&numberOfRows=10&search= HTTP/1.1" 200 2605
::1 - - [30/Mar/2021:00:07:23 +0200] "GET /invoices HTTP/1.1" 200 13596
::1 - - [30/Mar/2021:00:07:23 +0200] "GET /invoicesJSON?numberOfPage=0&numberOfRows=10&search= HTTP/1.1" 200 1249
::1 - - [30/Mar/2021:00:09:16 +0200] "GET /customers HTTP/1.1" 200 13566
::1 - - [30/Mar/2021:00:09:16 +0200] "GET /customersJSON?numberOfPage=0&numberOfRows=10&search= HTTP/1.1" 200 3495
::1 - - [30/Mar/2021:00:09:17 +0200] "GET /products HTTP/1.1" 200 13473
::1 - - [30/Mar/2021:00:09:17 +0200] "GET /productsJSON?numberOfPage=0&numberOfRows=10&search= HTTP/1.1" 200 2605
::1 - - [30/Mar/2021:00:09:18 +0200] "GET /invoices HTTP/1.1" 200 13596
::1 - - [30/Mar/2021:00:09:19 +0200] "GET /invoicesJSON?numberOfPage=0&numberOfRows=10&search= HTTP/1.1" 200 1249
::1 - - [30/Mar/2021:00:09:20 +0200] "GET /invoices HTTP/1.1" 200 13596
::1 - - [30/Mar/2021:00:09:21 +0200] "GET /invoicesJSON?numberOfPage=0&numberOfRows=10&search= HTTP/1.1" 200 1249
::1 - - [30/Mar/2021:00:09:54 +0200] "GET /invoices HTTP/1.1" 200 13596
::1 - - [30/Mar/2021:00:09:54 +0200] "GET /invoicesJSON?numberOfPage=0&numberOfRows=10&search= HTTP/1.1" 200 1249
::1 - - [30/Mar/2021:00:09:56 +0200] "GET /invoiceDetails?id=9 HTTP/1.1" 200 -
::1 - - [30/Mar/2021:00:09:59 +0200] "GET /invoices HTTP/1.1" 200 13596
::1 - - [30/Mar/2021:00:09:59 +0200] "GET /invoicesJSON?numberOfPage=0&numberOfRows=10&search= HTTP/1.1" 200 1249
::1 - - [30/Mar/2021:00:12:16 +0200] "GET /invoices HTTP/1.1" 200 13596
::1 - - [30/Mar/2021:00:12:16 +0200] "GET /invoicesJSON?numberOfPage=0&numberOfRows=10&search= HTTP/1.1" 200 1249
::1 - - [30/Mar/2021:00:12:17 +0200] "GET /invoiceDetails?id=9 HTTP/1.1" 200 9814
::1 - - [30/Mar/2021:00:12:31 +0200] "GET /invoices HTTP/1.1" 200 13596
::1 - - [30/Mar/2021:00:12:31 +0200] "GET /invoicesJSON?numberOfPage=0&numberOfRows=10&search= HTTP/1.1" 200 1249
::1 - - [30/Mar/2021:00:12:34 +0200] "GET /invoiceDetails?id=9 HTTP/1.1" 200 9814
::1 - - [30/Mar/2021:00:15:16 +0200] "GET /invoiceDetails?id=9 HTTP/1.1" 200 9336
::1 - - [30/Mar/2021:00:15:19 +0200] "GET /invoices HTTP/1.1" 200 13596
::1 - - [30/Mar/2021:00:15:19 +0200] "GET /invoicesJSON?numberOfPage=0&numberOfRows=10&search= HTTP/1.1" 200 1249
::1 - - [30/Mar/2021:00:15:26 +0200] "GET /invoiceDetails?id=9 HTTP/1.1" 200 9336
::1 - - [30/Mar/2021:00:16:46 +0200] "GET /invoiceDetails?id=9 HTTP/1.1" 200 9336
::1 - - [30/Mar/2021:00:16:49 +0200] "GET /invoices HTTP/1.1" 200 13596
::1 - - [30/Mar/2021:00:16:49 +0200] "GET /invoicesJSON?numberOfPage=0&numberOfRows=10&search= HTTP/1.1" 200 1249
::1 - - [30/Mar/2021:00:16:53 +0200] "GET /invoiceDetails?id=9 HTTP/1.1" 200 9336
::1 - - [30/Mar/2021:00:16:56 +0200] "GET /invoices HTTP/1.1" 200 13596
::1 - - [30/Mar/2021:00:16:57 +0200] "GET /invoicesJSON?numberOfPage=0&numberOfRows=10&search= HTTP/1.1" 200 1249
::1 - - [30/Mar/2021:00:17:00 +0200] "GET /invoiceDetails?id=9 HTTP/1.1" 200 9336
::1 - - [30/Mar/2021:00:17:04 +0200] "GET /invoices HTTP/1.1" 200 13596
::1 - - [30/Mar/2021:00:17:04 +0200] "GET /invoicesJSON?numberOfPage=0&numberOfRows=10&search= HTTP/1.1" 200 1249
::1 - - [30/Mar/2021:00:18:24 +0200] "GET /invoices HTTP/1.1" 200 13596
::1 - - [30/Mar/2021:00:18:24 +0200] "GET /invoicesJSON?numberOfPage=0&numberOfRows=10&search= HTTP/1.1" 200 1249
::1 - - [30/Mar/2021:00:18:25 +0200] "GET /invoiceDetails?id=9 HTTP/1.1" 200 9336
::1 - - [30/Mar/2021:00:21:15 +0200] "GET /invoiceDetails?id=9 HTTP/1.1" 200 9367
::1 - - [30/Mar/2021:00:21:21 +0200] "GET /invoices HTTP/1.1" 200 13596
::1 - - [30/Mar/2021:00:21:22 +0200] "GET /invoicesJSON?numberOfPage=0&numberOfRows=10&search= HTTP/1.1" 200 1249
::1 - - [30/Mar/2021:00:21:28 +0200] "GET /invoiceDetails?id=9 HTTP/1.1" 200 9367
::1 - - [30/Mar/2021:00:22:03 +0200] "GET /invoices HTTP/1.1" 200 13596
::1 - - [30/Mar/2021:00:22:03 +0200] "GET /invoicesJSON?numberOfPage=0&numberOfRows=10&search= HTTP/1.1" 200 1249
::1 - - [30/Mar/2021:00:22:05 +0200] "GET /invoiceDetails?id=9 HTTP/1.1" 200 9367
::1 - - [30/Mar/2021:00:22:10 +0200] "GET /invoices HTTP/1.1" 200 13596
::1 - - [30/Mar/2021:00:22:10 +0200] "GET /invoicesJSON?numberOfPage=0&numberOfRows=10&search= HTTP/1.1" 200 1249
::1 - - [30/Mar/2021:00:22:12 +0200] "GET /invoiceDetails?id=9 HTTP/1.1" 200 9367
::1 - - [30/Mar/2021:00:22:33 +0200] "GET /invoiceDetails?id=9 HTTP/1.1" 200 9523
::1 - - [30/Mar/2021:00:22:35 +0200] "GET /invoiceDetails?id=9 HTTP/1.1" 200 9523
::1 - - [30/Mar/2021:00:23:29 +0200] "GET /invoiceDetails?id=9 HTTP/1.1" 200 9367
::1 - - [30/Mar/2021:00:24:06 +0200] "GET /invoices HTTP/1.1" 200 13596
::1 - - [30/Mar/2021:00:24:06 +0200] "GET /invoicesJSON?numberOfPage=0&numberOfRows=10&search= HTTP/1.1" 200 1249
::1 - - [30/Mar/2021:00:24:09 +0200] "GET /invoiceDetails?id=9 HTTP/1.1" 200 9367
::1 - - [30/Mar/2021:00:24:16 +0200] "GET /invoices HTTP/1.1" 200 13596
::1 - - [30/Mar/2021:00:24:16 +0200] "GET /invoicesJSON?numberOfPage=0&numberOfRows=10&search= HTTP/1.1" 200 1249
::1 - - [30/Mar/2021:00:24:25 +0200] "GET /invoiceDetails?id=9 HTTP/1.1" 200 9367
::1 - - [30/Mar/2021:00:24:27 +0200] "GET /invoices HTTP/1.1" 200 13596
::1 - - [30/Mar/2021:00:24:27 +0200] "GET /invoicesJSON?numberOfPage=0&numberOfRows=10&search= HTTP/1.1" 200 1249
::1 - - [30/Mar/2021:00:24:31 +0200] "GET /assets/plugins/bootstrap/js/bootstrap.bundle.min.js.map HTTP/1.1" 200 318045
::1 - - [30/Mar/2021:00:24:31 +0200] "GET /assets/dist/js/adminlte.min.js.map HTTP/1.1" 200 82896
::1 - - [30/Mar/2021:00:24:31 +0200] "GET /assets/dist/css/adminlte.min.css.map HTTP/1.1" 200 1483437
::1 - - [30/Mar/2021:00:24:31 +0200] "GET /assets/plugins/select2/css/select2.bundle.css.map HTTP/1.1" 404 2009
::1 - - [30/Mar/2021:00:36:42 +0200] "GET /customers HTTP/1.1" 200 13566
::1 - - [30/Mar/2021:00:36:42 +0200] "GET /customersJSON?numberOfPage=0&numberOfRows=10&search= HTTP/1.1" 200 3495
::1 - - [30/Mar/2021:00:36:44 +0200] "GET /customerCreate HTTP/1.1" 200 11979
::1 - - [30/Mar/2021:00:36:52 +0200] "GET /invoices HTTP/1.1" 200 13596
::1 - - [30/Mar/2021:00:36:52 +0200] "GET /invoicesJSON?numberOfPage=0&numberOfRows=10&search= HTTP/1.1" 200 1249
::1 - - [30/Mar/2021:00:36:53 +0200] "GET /invoiceDetails?id=9 HTTP/1.1" 200 9367
::1 - - [30/Mar/2021:00:36:55 +0200] "GET /invoices HTTP/1.1" 200 13596
::1 - - [30/Mar/2021:00:36:55 +0200] "GET /invoicesJSON?numberOfPage=0&numberOfRows=10&search= HTTP/1.1" 200 1249
::1 - - [30/Mar/2021:00:36:56 +0200] "GET /invoiceDetails?id=11 HTTP/1.1" 200 9367
::1 - - [30/Mar/2021:00:36:58 +0200] "GET /invoices HTTP/1.1" 200 13596
::1 - - [30/Mar/2021:00:36:59 +0200] "GET /invoicesJSON?numberOfPage=0&numberOfRows=10&search= HTTP/1.1" 200 1249
::1 - - [30/Mar/2021:00:37:01 +0200] "GET /invoiceCreate HTTP/1.1" 200 15639
::1 - - [30/Mar/2021:00:37:04 +0200] "GET /customersDropdown?id=sof HTTP/1.1" 200 65
::1 - - [30/Mar/2021:00:37:08 +0200] "GET /productsDropdown?id=ana HTTP/1.1" 200 458
::1 - - [30/Mar/2021:00:37:10 +0200] "GET /productsDropdown?id=ana%20k HTTP/1.1" 200 50
::1 - - [30/Mar/2021:00:37:18 +0200] "GET /productsDropdown?id=ma HTTP/1.1" 200 493
::1 - - [30/Mar/2021:00:37:21 +0200] "POST /invoiceCreateProcess HTTP/1.1" 302 -
::1 - - [30/Mar/2021:00:37:21 +0200] "GET /invoiceCreate HTTP/1.1" 200 15808
::1 - - [30/Mar/2021:00:37:23 +0200] "GET /invoices HTTP/1.1" 200 13596
::1 - - [30/Mar/2021:00:37:23 +0200] "GET /invoicesJSON?numberOfPage=0&numberOfRows=10&search= HTTP/1.1" 200 1412
::1 - - [30/Mar/2021:00:37:30 +0200] "GET /invoicesJSON?numberOfPage=0&numberOfRows=20&search= HTTP/1.1" 200 1412
::1 - - [30/Mar/2021:00:37:33 +0200] "GET /invoicesJSON?numberOfPage=0&numberOfRows=10&search= HTTP/1.1" 200 1412
::1 - - [30/Mar/2021:00:37:45 +0200] "GET /invoiceDetails?id=17 HTTP/1.1" 200 9369
::1 - - [30/Mar/2021:00:37:58 +0200] "GET /invoices HTTP/1.1" 200 13596
::1 - - [30/Mar/2021:00:37:58 +0200] "GET /invoicesJSON?numberOfPage=0&numberOfRows=10&search= HTTP/1.1" 200 1412
::1 - - [30/Mar/2021:00:38:05 +0200] "GET /products HTTP/1.1" 200 13473
::1 - - [30/Mar/2021:00:38:05 +0200] "GET /productsJSON?numberOfPage=0&numberOfRows=10&search= HTTP/1.1" 200 2605
::1 - - [30/Mar/2021:00:38:07 +0200] "GET /productEdit?id=2725 HTTP/1.1" 200 11258
::1 - - [30/Mar/2021:00:38:09 +0200] "GET /products HTTP/1.1" 200 13473
::1 - - [30/Mar/2021:00:38:09 +0200] "GET /productsJSON?numberOfPage=0&numberOfRows=10&search= HTTP/1.1" 200 2605
::1 - - [30/Mar/2021:00:38:11 +0200] "GET /productCreate HTTP/1.1" 200 11635
::1 - - [30/Mar/2021:00:38:55 +0200] "POST /productCreateProcess HTTP/1.1" 302 -
::1 - - [30/Mar/2021:00:38:55 +0200] "GET /productCreate HTTP/1.1" 200 12102
::1 - - [30/Mar/2021:00:39:04 +0200] "POST /importProductJsonProcess HTTP/1.1" 302 -
::1 - - [30/Mar/2021:00:39:04 +0200] "GET /productCreate HTTP/1.1" 200 11820
::1 - - [30/Mar/2021:00:39:15 +0200] "POST /importProductJsonProcess HTTP/1.1" 302 -
::1 - - [30/Mar/2021:00:39:15 +0200] "GET /productCreate HTTP/1.1" 200 19700
::1 - - [30/Mar/2021:00:39:40 +0200] "GET /customers HTTP/1.1" 200 13566
::1 - - [30/Mar/2021:00:39:40 +0200] "GET /customersJSON?numberOfPage=0&numberOfRows=10&search= HTTP/1.1" 200 3495
::1 - - [30/Mar/2021:00:39:42 +0200] "GET /customerCreate HTTP/1.1" 200 11979
::1 - - [30/Mar/2021:00:40:11 +0200] "POST /customerCreateProcess HTTP/1.1" 302 -
::1 - - [30/Mar/2021:00:40:11 +0200] "GET /customerCreate HTTP/1.1" 200 12444
::1 - - [30/Mar/2021:00:40:18 +0200] "POST /importCustomerJsonProcess HTTP/1.1" 302 -
::1 - - [30/Mar/2021:00:40:18 +0200] "GET /customerCreate HTTP/1.1" 200 12444
::1 - - [30/Mar/2021:00:40:32 +0200] "POST /importCustomerJsonProcess HTTP/1.1" 302 146
::1 - - [30/Mar/2021:00:40:33 +0200] "GET /customerCreate HTTP/1.1" 200 11979
::1 - - [30/Mar/2021:00:40:53 +0200] "POST /importCustomerJsonProcess HTTP/1.1" 302 146
::1 - - [30/Mar/2021:00:40:53 +0200] "GET /customerCreate HTTP/1.1" 200 11979
::1 - - [30/Mar/2021:00:46:00 +0200] "GET /customerCreate HTTP/1.1" 200 11983
::1 - - [30/Mar/2021:00:46:03 +0200] "POST /importCustomerJsonProcess HTTP/1.1" 302 146
::1 - - [30/Mar/2021:00:46:03 +0200] "GET /customerCreate HTTP/1.1" 200 11983
::1 - - [30/Mar/2021:00:46:08 +0200] "POST /importCustomerJsonProcess HTTP/1.1" 302 -
::1 - - [30/Mar/2021:00:46:08 +0200] "GET /customerCreate HTTP/1.1" 200 12448
::1 - - [30/Mar/2021:00:46:14 +0200] "POST /importCustomerJsonProcess HTTP/1.1" 302 146
::1 - - [30/Mar/2021:00:46:15 +0200] "GET /customerCreate HTTP/1.1" 200 11983
::1 - - [30/Mar/2021:00:46:36 +0200] "GET /customerCreate HTTP/1.1" 200 11983
::1 - - [30/Mar/2021:00:46:38 +0200] "GET /customers HTTP/1.1" 200 13566
::1 - - [30/Mar/2021:00:46:38 +0200] "GET /customersJSON?numberOfPage=0&numberOfRows=10&search= HTTP/1.1" 200 3495
::1 - - [30/Mar/2021:00:46:39 +0200] "GET /products HTTP/1.1" 200 13473
::1 - - [30/Mar/2021:00:46:39 +0200] "GET /productsJSON?numberOfPage=0&numberOfRows=10&search= HTTP/1.1" 200 2605
::1 - - [30/Mar/2021:00:46:40 +0200] "GET /invoices HTTP/1.1" 200 13596
::1 - - [30/Mar/2021:00:46:40 +0200] "GET /invoicesJSON?numberOfPage=0&numberOfRows=10&search= HTTP/1.1" 200 1412
::1 - - [30/Mar/2021:00:46:41 +0200] "GET /invoices HTTP/1.1" 200 13596
::1 - - [30/Mar/2021:00:46:42 +0200] "GET /invoicesJSON?numberOfPage=0&numberOfRows=10&search= HTTP/1.1" 200 1412
::1 - - [30/Mar/2021:00:46:42 +0200] "GET /products HTTP/1.1" 200 13473
::1 - - [30/Mar/2021:00:46:43 +0200] "GET /productsJSON?numberOfPage=0&numberOfRows=10&search= HTTP/1.1" 200 2605
::1 - - [30/Mar/2021:00:46:43 +0200] "GET /invoices HTTP/1.1" 200 13596
::1 - - [30/Mar/2021:00:46:44 +0200] "GET /invoicesJSON?numberOfPage=0&numberOfRows=10&search= HTTP/1.1" 200 1412
::1 - - [30/Mar/2021:00:46:44 +0200] "GET /profile HTTP/1.1" 200 11971
::1 - - [30/Mar/2021:00:47:03 +0200] "GET /invoices HTTP/1.1" 200 13596
::1 - - [30/Mar/2021:00:47:03 +0200] "GET /invoicesJSON?numberOfPage=0&numberOfRows=10&search= HTTP/1.1" 200 1412
::1 - - [30/Mar/2021:00:47:09 +0200] "GET /products HTTP/1.1" 200 13473
::1 - - [30/Mar/2021:00:47:09 +0200] "GET /productsJSON?numberOfPage=0&numberOfRows=10&search= HTTP/1.1" 200 2605
::1 - - [30/Mar/2021:00:47:12 +0200] "GET /productCreate HTTP/1.1" 200 11635
::1 - - [30/Mar/2021:00:47:14 +0200] "GET /customers HTTP/1.1" 200 13566
::1 - - [30/Mar/2021:00:47:14 +0200] "GET /customersJSON?numberOfPage=0&numberOfRows=10&search= HTTP/1.1" 200 3495
::1 - - [30/Mar/2021:00:47:15 +0200] "GET /customerCreate HTTP/1.1" 200 11983
::1 - - [30/Mar/2021:00:47:17 +0200] "GET /products HTTP/1.1" 200 13473
::1 - - [30/Mar/2021:00:47:17 +0200] "GET /productsJSON?numberOfPage=0&numberOfRows=10&search= HTTP/1.1" 200 2605
::1 - - [30/Mar/2021:00:47:34 +0200] "GET /customerReports HTTP/1.1" 200 15970
::1 - - [30/Mar/2021:00:47:34 +0200] "GET /customersPerDay HTTP/1.1" 200 319
::1 - - [30/Mar/2021:00:47:34 +0200] "GET /customersActive HTTP/1.1" 200 95
::1 - - [30/Mar/2021:00:47:47 +0200] "GET /customerReports HTTP/1.1" 200 15970
::1 - - [30/Mar/2021:00:47:48 +0200] "GET /customersPerDay HTTP/1.1" 200 319
::1 - - [30/Mar/2021:00:47:48 +0200] "GET /customersActive HTTP/1.1" 200 95
::1 - - [30/Mar/2021:00:47:51 +0200] "GET /customerReports HTTP/1.1" 200 15970
::1 - - [30/Mar/2021:00:47:51 +0200] "GET /customersPerDay HTTP/1.1" 200 319
::1 - - [30/Mar/2021:00:47:51 +0200] "GET /customersActive HTTP/1.1" 200 95
::1 - - [30/Mar/2021:00:48:22 +0200] "GET /invoices HTTP/1.1" 200 13596
::1 - - [30/Mar/2021:00:48:22 +0200] "GET /invoicesJSON?numberOfPage=0&numberOfRows=10&search= HTTP/1.1" 200 1412
::1 - - [30/Mar/2021:00:48:34 +0200] "GET /productReports HTTP/1.1" 404 2009
::1 - - [30/Mar/2021:00:48:35 +0200] "GET /invoices HTTP/1.1" 200 13596
::1 - - [30/Mar/2021:00:48:36 +0200] "GET /invoicesJSON?numberOfPage=0&numberOfRows=10&search= HTTP/1.1" 200 1412
::1 - - [30/Mar/2021:00:48:38 +0200] "GET /home HTTP/1.1" 200 8832
::1 - - [30/Mar/2021:00:48:42 +0200] "GET /home HTTP/1.1" 200 8832
::1 - - [30/Mar/2021:00:48:45 +0200] "GET /invoices HTTP/1.1" 200 13596
::1 - - [30/Mar/2021:00:48:45 +0200] "GET /invoicesJSON?numberOfPage=0&numberOfRows=10&search= HTTP/1.1" 200 1412
::1 - - [30/Mar/2021:00:48:58 +0200] "GET /products HTTP/1.1" 200 13473
::1 - - [30/Mar/2021:00:48:59 +0200] "GET /productsJSON?numberOfPage=0&numberOfRows=10&search= HTTP/1.1" 200 2605
::1 - - [30/Mar/2021:00:49:00 +0200] "GET /invoices HTTP/1.1" 200 13596
::1 - - [30/Mar/2021:00:49:00 +0200] "GET /invoicesJSON?numberOfPage=0&numberOfRows=10&search= HTTP/1.1" 200 1412
::1 - - [30/Mar/2021:00:49:27 +0200] "GET /home HTTP/1.1" 200 8832
::1 - - [30/Mar/2021:00:49:28 +0200] "GET /profile HTTP/1.1" 200 11971
::1 - - [30/Mar/2021:00:49:34 +0200] "GET /customerReports HTTP/1.1" 200 15970
::1 - - [30/Mar/2021:00:49:34 +0200] "GET /customersPerDay HTTP/1.1" 200 319
::1 - - [30/Mar/2021:00:49:34 +0200] "GET /customersActive HTTP/1.1" 200 95
::1 - - [30/Mar/2021:14:34:06 +0200] "GET / HTTP/1.1" 302 9122
::1 - - [30/Mar/2021:14:34:06 +0200] "GET /login HTTP/1.1" 200 2712
::1 - - [30/Mar/2021:14:34:07 +0200] "GET /favicon.ico HTTP/1.1" 404 2009
::1 - - [30/Mar/2021:14:34:16 +0200] "POST /loginProcess HTTP/1.1" 302 -
::1 - - [30/Mar/2021:14:34:16 +0200] "GET /profile HTTP/1.1" 200 11971
::1 - - [30/Mar/2021:14:46:58 +0200] "GET /invoices HTTP/1.1" 200 13596
::1 - - [30/Mar/2021:14:46:58 +0200] "GET /assets/dist/js/WBISFrameworkScripts.js HTTP/1.1" 200 7609
::1 - - [30/Mar/2021:14:46:58 +0200] "GET /invoicesJSON?numberOfPage=0&numberOfRows=10&search= HTTP/1.1" 200 1412
::1 - - [30/Mar/2021:14:47:37 +0200] "GET /invoiceCreate HTTP/1.1" 200 15639
::1 - - [30/Mar/2021:14:47:49 +0200] "GET /customers HTTP/1.1" 200 13566
::1 - - [30/Mar/2021:14:47:49 +0200] "GET /customers HTTP/1.1" 200 13566
::1 - - [30/Mar/2021:14:47:49 +0200] "GET /customersJSON?numberOfPage=0&numberOfRows=10&search= HTTP/1.1" 200 3495
::1 - - [30/Mar/2021:14:47:55 +0200] "GET /invoices HTTP/1.1" 200 13596
::1 - - [30/Mar/2021:14:47:56 +0200] "GET /invoicesJSON?numberOfPage=0&numberOfRows=10&search= HTTP/1.1" 200 1412
::1 - - [30/Mar/2021:14:47:56 +0200] "GET /invoiceCreate HTTP/1.1" 200 15639
::1 - - [30/Mar/2021:14:47:59 +0200] "GET /customersDropdown?id=ned HTTP/1.1" 200 328
::1 - - [30/Mar/2021:14:48:05 +0200] "GET /productsDropdown?id=an HTTP/1.1" 200 503
::1 - - [30/Mar/2021:14:48:51 +0200] "GET /customers HTTP/1.1" 200 13566
::1 - - [30/Mar/2021:14:48:51 +0200] "GET /customersJSON?numberOfPage=0&numberOfRows=10&search= HTTP/1.1" 200 3495
::1 - - [30/Mar/2021:14:48:52 +0200] "GET /customerCreate HTTP/1.1" 200 11983
::1 - - [30/Mar/2021:14:49:03 +0200] "GET /products HTTP/1.1" 200 13473
::1 - - [30/Mar/2021:14:49:03 +0200] "GET /productsJSON?numberOfPage=0&numberOfRows=10&search= HTTP/1.1" 200 2605
::1 - - [30/Mar/2021:14:49:08 +0200] "GET /invoices HTTP/1.1" 200 13596
::1 - - [30/Mar/2021:14:49:08 +0200] "GET /invoicesJSON?numberOfPage=0&numberOfRows=10&search= HTTP/1.1" 200 1412
::1 - - [30/Mar/2021:14:49:09 +0200] "GET /customers HTTP/1.1" 200 13566
::1 - - [30/Mar/2021:14:49:09 +0200] "GET /customersJSON?numberOfPage=0&numberOfRows=10&search= HTTP/1.1" 200 3495
::1 - - [30/Mar/2021:14:49:11 +0200] "GET /invoices HTTP/1.1" 200 13596
::1 - - [30/Mar/2021:14:49:12 +0200] "GET /invoicesJSON?numberOfPage=0&numberOfRows=10&search= HTTP/1.1" 200 1412
::1 - - [30/Mar/2021:14:49:12 +0200] "GET /customers HTTP/1.1" 200 13566
::1 - - [30/Mar/2021:14:49:12 +0200] "GET /customersJSON?numberOfPage=0&numberOfRows=10&search= HTTP/1.1" 200 3495
::1 - - [30/Mar/2021:14:49:13 +0200] "GET /invoices HTTP/1.1" 200 13596
::1 - - [30/Mar/2021:14:49:13 +0200] "GET /invoicesJSON?numberOfPage=0&numberOfRows=10&search= HTTP/1.1" 200 1412
::1 - - [30/Mar/2021:14:49:20 +0200] "GET /invoices HTTP/1.1" 200 13596
::1 - - [30/Mar/2021:14:49:20 +0200] "GET /invoicesJSON?numberOfPage=0&numberOfRows=10&search= HTTP/1.1" 200 1412
::1 - - [30/Mar/2021:14:49:21 +0200] "GET /invoiceCreate HTTP/1.1" 200 15639
::1 - - [30/Mar/2021:14:49:25 +0200] "GET /invoices HTTP/1.1" 200 13596
::1 - - [30/Mar/2021:14:49:25 +0200] "GET /invoicesJSON?numberOfPage=0&numberOfRows=10&search= HTTP/1.1" 200 1412
::1 - - [30/Mar/2021:14:49:28 +0200] "GET /invoiceCreate HTTP/1.1" 200 15639
::1 - - [30/Mar/2021:14:49:33 +0200] "GET /invoices HTTP/1.1" 200 13596
::1 - - [30/Mar/2021:14:49:33 +0200] "GET /invoicesJSON?numberOfPage=0&numberOfRows=10&search= HTTP/1.1" 200 1412
::1 - - [30/Mar/2021:14:51:43 +0200] "GET /invoiceCreate HTTP/1.1" 200 15639
::1 - - [30/Mar/2021:14:51:45 +0200] "GET /invoices HTTP/1.1" 200 13596
::1 - - [30/Mar/2021:14:51:45 +0200] "GET /invoicesJSON?numberOfPage=0&numberOfRows=10&search= HTTP/1.1" 200 1412
::1 - - [30/Mar/2021:14:52:15 +0200] "GET /invoiceCreate HTTP/1.1" 200 15639
::1 - - [30/Mar/2021:14:52:26 +0200] "GET /customersDropdown?id=ned HTTP/1.1" 200 328
::1 - - [30/Mar/2021:14:52:40 +0200] "GET /productsDropdown?id=an HTTP/1.1" 200 503
::1 - - [30/Mar/2021:14:55:09 +0200] "GET /invoices HTTP/1.1" 200 13596
::1 - - [30/Mar/2021:14:55:09 +0200] "GET /invoicesJSON?numberOfPage=0&numberOfRows=10&search= HTTP/1.1" 200 1412
::1 - - [30/Mar/2021:15:00:09 +0200] "-" 408 -
::1 - - [30/Mar/2021:15:00:45 +0200] "GET /invoiceDetails?id=9 HTTP/1.1" 200 9367
::1 - - [30/Mar/2021:15:01:56 +0200] "GET /invoices HTTP/1.1" 200 13596
::1 - - [30/Mar/2021:15:01:56 +0200] "GET /invoicesJSON?numberOfPage=0&numberOfRows=10&search= HTTP/1.1" 200 1412
::1 - - [30/Mar/2021:15:02:06 +0200] "GET /invoiceDetails?id=9 HTTP/1.1" 200 9367
::1 - - [30/Mar/2021:15:02:11 +0200] "GET /invoices HTTP/1.1" 200 13596
::1 - - [30/Mar/2021:15:02:11 +0200] "GET /invoicesJSON?numberOfPage=0&numberOfRows=10&search= HTTP/1.1" 200 1412
::1 - - [30/Mar/2021:15:07:06 +0200] "-" 408 -
::1 - - [30/Mar/2021:15:09:58 +0200] "GET /invoiceDetails?id=9 HTTP/1.1" 200 9367
::1 - - [30/Mar/2021:15:10:35 +0200] "GET /invoices HTTP/1.1" 200 13596
::1 - - [30/Mar/2021:15:10:35 +0200] "GET /invoicesJSON?numberOfPage=0&numberOfRows=10&search= HTTP/1.1" 200 1412
::1 - - [30/Mar/2021:15:10:37 +0200] "GET /invoiceDetails?id=9 HTTP/1.1" 200 9367
::1 - - [30/Mar/2021:15:10:41 +0200] "GET /invoices HTTP/1.1" 200 13596
::1 - - [30/Mar/2021:15:10:41 +0200] "GET /invoicesJSON?numberOfPage=0&numberOfRows=10&search= HTTP/1.1" 200 1412
::1 - - [30/Mar/2021:15:10:43 +0200] "GET /invoiceDetails?id=9 HTTP/1.1" 200 9367
::1 - - [30/Mar/2021:15:10:48 +0200] "GET /invoices HTTP/1.1" 200 13596
::1 - - [30/Mar/2021:15:10:49 +0200] "GET /invoicesJSON?numberOfPage=0&numberOfRows=10&search= HTTP/1.1" 200 1412
::1 - - [30/Mar/2021:15:10:57 +0200] "GET /invoicesJSON?numberOfPage=0&numberOfRows=10&search=sofija HTTP/1.1" 200 487
::1 - - [30/Mar/2021:15:11:01 +0200] "GET /invoicesJSON?numberOfPage=0&numberOfRows=10&search= HTTP/1.1" 200 1412
::1 - - [30/Mar/2021:15:15:04 +0200] "GET /invoiceCreate HTTP/1.1" 200 15639
::1 - - [30/Mar/2021:15:20:04 +0200] "-" 408 -
::1 - - [30/Mar/2021:15:20:52 +0200] "GET /invoices HTTP/1.1" 200 13596
::1 - - [30/Mar/2021:15:20:52 +0200] "GET /invoicesJSON?numberOfPage=0&numberOfRows=10&search= HTTP/1.1" 200 1412
::1 - - [30/Mar/2021:15:21:39 +0200] "GET /invoiceCreate HTTP/1.1" 200 15639
::1 - - [30/Mar/2021:15:21:45 +0200] "POST /invoiceCreateProcess HTTP/1.1" 200 942
::1 - - [30/Mar/2021:15:21:49 +0200] "GET /invoiceCreate HTTP/1.1" 200 15639
::1 - - [30/Mar/2021:15:21:52 +0200] "POST /invoiceCreateProcess HTTP/1.1" 200 942
::1 - - [30/Mar/2021:15:21:54 +0200] "GET /invoiceCreate HTTP/1.1" 200 15639
::1 - - [30/Mar/2021:15:22:02 +0200] "GET /customersDropdown?id=sof HTTP/1.1" 200 65
::1 - - [30/Mar/2021:15:22:05 +0200] "GET /productsDropdown?id=an HTTP/1.1" 200 503
::1 - - [30/Mar/2021:15:22:05 +0200] "GET /productsDropdown?id=ana HTTP/1.1" 200 509
::1 - - [30/Mar/2021:15:22:07 +0200] "POST /invoiceCreateProcess HTTP/1.1" 302 -
::1 - - [30/Mar/2021:15:22:07 +0200] "GET /invoiceCreate HTTP/1.1" 200 15808
::1 - - [30/Mar/2021:15:22:09 +0200] "POST /invoiceCreateProcess HTTP/1.1" 200 942
::1 - - [30/Mar/2021:15:22:11 +0200] "GET /invoiceCreate HTTP/1.1" 200 15639
::1 - - [30/Mar/2021:15:22:11 +0200] "GET /invoiceCreate HTTP/1.1" 200 15639
::1 - - [30/Mar/2021:15:22:13 +0200] "GET /invoices HTTP/1.1" 200 13596
::1 - - [30/Mar/2021:15:22:13 +0200] "GET /invoicesJSON?numberOfPage=0&numberOfRows=10&search= HTTP/1.1" 200 1575
::1 - - [30/Mar/2021:15:22:21 +0200] "GET /invoiceCreate HTTP/1.1" 200 15639
::1 - - [30/Mar/2021:15:22:27 +0200] "GET /invoices HTTP/1.1" 200 13596
::1 - - [30/Mar/2021:15:22:27 +0200] "GET /invoicesJSON?numberOfPage=0&numberOfRows=10&search= HTTP/1.1" 200 1575
::1 - - [30/Mar/2021:15:22:49 +0200] "GET /customerReports HTTP/1.1" 200 15970
::1 - - [30/Mar/2021:15:22:49 +0200] "GET /customersPerDay HTTP/1.1" 200 319
::1 - - [30/Mar/2021:15:22:49 +0200] "GET /customersActive HTTP/1.1" 200 95
::1 - - [30/Mar/2021:15:24:36 +0200] "GET /invoices HTTP/1.1" 200 13596
::1 - - [30/Mar/2021:15:24:36 +0200] "GET /invoicesJSON?numberOfPage=0&numberOfRows=10&search= HTTP/1.1" 200 1575
::1 - - [30/Mar/2021:15:24:37 +0200] "GET /invoiceCreate HTTP/1.1" 200 15639
::1 - - [30/Mar/2021:15:24:39 +0200] "GET /invoices HTTP/1.1" 200 13596
::1 - - [30/Mar/2021:15:24:39 +0200] "GET /invoicesJSON?numberOfPage=0&numberOfRows=10&search= HTTP/1.1" 200 1575
::1 - - [30/Mar/2021:16:34:35 +0200] "GET / HTTP/1.1" 302 9122
::1 - - [30/Mar/2021:16:34:36 +0200] "GET /login HTTP/1.1" 200 2712
::1 - - [30/Mar/2021:16:34:36 +0200] "GET /favicon.ico HTTP/1.1" 404 2009
::1 - - [30/Mar/2021:16:34:41 +0200] "POST /loginProcess HTTP/1.1" 302 -
::1 - - [30/Mar/2021:16:34:41 +0200] "GET /profile HTTP/1.1" 200 11971
::1 - - [30/Mar/2021:16:34:47 +0200] "GET /products HTTP/1.1" 200 13473
::1 - - [30/Mar/2021:16:34:47 +0200] "GET /assets/dist/js/WBISFrameworkScripts.js HTTP/1.1" 304 -
::1 - - [30/Mar/2021:16:34:47 +0200] "GET /productsJSON?numberOfPage=0&numberOfRows=10&search= HTTP/1.1" 200 2605
::1 - - [30/Mar/2021:16:34:52 +0200] "GET /customers HTTP/1.1" 200 13566
::1 - - [30/Mar/2021:16:34:52 +0200] "GET /customersJSON?numberOfPage=0&numberOfRows=10&search= HTTP/1.1" 200 3495
::1 - - [30/Mar/2021:18:31:05 +0200] "GET /logout HTTP/1.1" 302 -
::1 - - [30/Mar/2021:18:31:05 +0200] "GET /login HTTP/1.1" 200 2712
::1 - - [30/Mar/2021:18:31:24 +0200] "POST /loginProcess HTTP/1.1" 302 -
::1 - - [30/Mar/2021:18:31:24 +0200] "GET /profile HTTP/1.1" 200 11971
::1 - - [30/Mar/2021:18:31:33 +0200] "GET /logout HTTP/1.1" 302 -
::1 - - [30/Mar/2021:18:31:33 +0200] "GET /login HTTP/1.1" 200 2712
::1 - - [30/Mar/2021:18:35:12 +0200] "POST /loginProcess HTTP/1.1" 302 -
::1 - - [30/Mar/2021:18:35:12 +0200] "GET /profile HTTP/1.1" 200 11971
::1 - - [30/Mar/2021:18:35:22 +0200] "GET /invoices HTTP/1.1" 200 13596
::1 - - [30/Mar/2021:18:35:22 +0200] "GET /assets/dist/js/WBISFrameworkScripts.js HTTP/1.1" 304 -
::1 - - [30/Mar/2021:18:35:23 +0200] "GET /invoicesJSON?numberOfPage=0&numberOfRows=10&search= HTTP/1.1" 200 1575
::1 - - [30/Mar/2021:18:35:26 +0200] "GET /assets/dist/js/adminlte.min.js.map HTTP/1.1" 200 82896
::1 - - [30/Mar/2021:18:35:26 +0200] "GET /assets/plugins/bootstrap/js/bootstrap.bundle.min.js.map HTTP/1.1" 200 318045
::1 - - [30/Mar/2021:18:35:26 +0200] "GET /assets/dist/css/adminlte.min.css.map HTTP/1.1" 200 1483437
::1 - - [30/Mar/2021:18:35:26 +0200] "GET /assets/plugins/select2/css/select2.bundle.css.map HTTP/1.1" 404 2009
::1 - - [30/Mar/2021:18:35:45 +0200] "GET /invoiceDetails?id=9 HTTP/1.1" 200 9367
::1 - - [30/Mar/2021:18:35:45 +0200] "GET /assets/dist/css/adminlte.min.css.map HTTP/1.1" 200 1483437
::1 - - [30/Mar/2021:18:35:45 +0200] "GET /assets/plugins/select2/css/select2.bundle.css.map HTTP/1.1" 404 2009
::1 - - [30/Mar/2021:18:35:45 +0200] "GET /assets/plugins/bootstrap/js/bootstrap.bundle.min.js.map HTTP/1.1" 200 318045
::1 - - [30/Mar/2021:18:35:45 +0200] "GET /assets/dist/js/adminlte.min.js.map HTTP/1.1" 200 82896
::1 - - [30/Mar/2021:18:35:47 +0200] "GET /invoices HTTP/1.1" 200 13596
::1 - - [30/Mar/2021:18:35:47 +0200] "GET /assets/dist/css/adminlte.min.css.map HTTP/1.1" 200 1483437
::1 - - [30/Mar/2021:18:35:47 +0200] "GET /assets/plugins/select2/css/select2.bundle.css.map HTTP/1.1" 404 2009
::1 - - [30/Mar/2021:18:35:47 +0200] "GET /assets/dist/js/adminlte.min.js.map HTTP/1.1" 200 82896
::1 - - [30/Mar/2021:18:35:47 +0200] "GET /assets/plugins/bootstrap/js/bootstrap.bundle.min.js.map HTTP/1.1" 200 318045
::1 - - [30/Mar/2021:18:35:47 +0200] "GET /invoicesJSON?numberOfPage=0&numberOfRows=10&search= HTTP/1.1" 200 1575
::1 - - [30/Mar/2021:18:38:34 +0200] "GET /invoices HTTP/1.1" 200 13596
::1 - - [30/Mar/2021:18:38:34 +0200] "GET /assets/dist/css/adminlte.min.css.map HTTP/1.1" 200 1483437
::1 - - [30/Mar/2021:18:38:34 +0200] "GET /assets/plugins/select2/css/select2.bundle.css.map HTTP/1.1" 404 2009
::1 - - [30/Mar/2021:18:38:34 +0200] "GET /assets/dist/js/adminlte.min.js.map HTTP/1.1" 200 82896
::1 - - [30/Mar/2021:18:38:34 +0200] "GET /assets/plugins/bootstrap/js/bootstrap.bundle.min.js.map HTTP/1.1" 200 318045
::1 - - [30/Mar/2021:18:38:34 +0200] "GET /invoicesJSON?numberOfPage=0&numberOfRows=10&search= HTTP/1.1" 200 1575
::1 - - [30/Mar/2021:18:38:45 +0200] "GET /invoices HTTP/1.1" 200 13596
::1 - - [30/Mar/2021:18:38:46 +0200] "GET /invoicesJSON?numberOfPage=0&numberOfRows=10&search= HTTP/1.1" 200 1575
::1 - - [30/Mar/2021:18:38:46 +0200] "GET /invoices HTTP/1.1" 200 13596
::1 - - [30/Mar/2021:18:38:46 +0200] "GET /invoicesJSON?numberOfPage=0&numberOfRows=10&search= HTTP/1.1" 200 1575
::1 - - [30/Mar/2021:18:38:49 +0200] "GET /products HTTP/1.1" 200 13473
::1 - - [30/Mar/2021:18:38:49 +0200] "GET /productsJSON?numberOfPage=0&numberOfRows=10&search= HTTP/1.1" 200 2605
::1 - - [30/Mar/2021:18:38:50 +0200] "GET /invoices HTTP/1.1" 200 13596
::1 - - [30/Mar/2021:18:38:50 +0200] "GET /invoicesJSON?numberOfPage=0&numberOfRows=10&search= HTTP/1.1" 200 1575
::1 - - [30/Mar/2021:18:38:51 +0200] "GET /invoiceDetails?id=9 HTTP/1.1" 200 9367
::1 - - [30/Mar/2021:18:38:53 +0200] "GET /invoices HTTP/1.1" 200 13596
::1 - - [30/Mar/2021:18:38:53 +0200] "GET /invoicesJSON?numberOfPage=0&numberOfRows=10&search= HTTP/1.1" 200 1575
::1 - - [30/Mar/2021:18:38:58 +0200] "GET /invoicesJSON?numberOfPage=1&numberOfRows=10&search= HTTP/1.1" 200 2
::1 - - [30/Mar/2021:18:41:13 +0200] "GET /invoices HTTP/1.1" 200 13596
::1 - - [30/Mar/2021:18:41:13 +0200] "GET /invoicesJSON?numberOfPage=0&numberOfRows=10&search= HTTP/1.1" 200 1575
::1 - - [30/Mar/2021:18:41:19 +0200] "GET /assets/plugins/bootstrap/js/bootstrap.bundle.min.js.map HTTP/1.1" 200 318045
::1 - - [30/Mar/2021:18:41:19 +0200] "GET /assets/dist/js/adminlte.min.js.map HTTP/1.1" 200 82896
::1 - - [30/Mar/2021:18:41:19 +0200] "GET /assets/dist/css/adminlte.min.css.map HTTP/1.1" 200 1483437
::1 - - [30/Mar/2021:18:41:19 +0200] "GET /assets/plugins/select2/css/select2.bundle.css.map HTTP/1.1" 404 2009
::1 - - [30/Mar/2021:18:41:39 +0200] "GET /invoices HTTP/1.1" 200 13596
::1 - - [30/Mar/2021:18:41:39 +0200] "GET /assets/plugins/fontawesome-free/css/all.min.css HTTP/1.1" 200 58578
::1 - - [30/Mar/2021:18:41:39 +0200] "GET /assets/dist/css/adminlte.min.css HTTP/1.1" 200 689674
::1 - - [30/Mar/2021:18:41:39 +0200] "GET /assets/plugins/sweetalert2-theme-bootstrap-4/bootstrap-4.min.css HTTP/1.1" 200 34949
::1 - - [30/Mar/2021:18:41:39 +0200] "GET /assets/plugins/select2/css/select2.bundle.css HTTP/1.1" 200 38640
::1 - - [30/Mar/2021:18:41:39 +0200] "GET /assets/plugins/select2-bootstrap4-theme/select2-bootstrap4.css HTTP/1.1" 200 6012
::1 - - [30/Mar/2021:18:41:39 +0200] "GET /assets/plugins/jquery/jquery.min.js HTTP/1.1" 200 88145
::1 - - [30/Mar/2021:18:41:39 +0200] "GET /assets/dist/js/adminlte.min.js HTTP/1.1" 200 25193
::1 - - [30/Mar/2021:18:41:39 +0200] "GET /assets/plugins/bootstrap/js/bootstrap.bundle.min.js HTTP/1.1" 200 80698
::1 - - [30/Mar/2021:18:41:39 +0200] "GET /assets/plugins/select2/js/select2.full.min.js HTTP/1.1" 200 79172
::1 - - [30/Mar/2021:18:41:39 +0200] "GET /assets/plugins/chart.js/Chart.min.js HTTP/1.1" 200 172812
::1 - - [30/Mar/2021:18:41:39 +0200] "GET /assets/plugins/sweetalert2/sweetalert2.min.js HTTP/1.1" 200 40832
::1 - - [30/Mar/2021:18:41:39 +0200] "GET /assets/dist/js/WBISFrameworkScripts.js HTTP/1.1" 200 7497
::1 - - [30/Mar/2021:18:41:39 +0200] "GET /assets/dist/img/invoiceWhite.png HTTP/1.1" 200 12726
::1 - - [30/Mar/2021:18:41:39 +0200] "GET /assets/dist/img/user2-160x160.jpg HTTP/1.1" 200 7070
::1 - - [30/Mar/2021:18:41:40 +0200] "GET /assets/plugins/fontawesome-free/webfonts/fa-solid-900.woff2 HTTP/1.1" 200 79444
::1 - - [30/Mar/2021:18:41:40 +0200] "GET /assets/dist/css/adminlte.min.css.map HTTP/1.1" 200 1483437
::1 - - [30/Mar/2021:18:41:40 +0200] "GET /assets/plugins/select2/css/select2.bundle.css.map HTTP/1.1" 404 2009
::1 - - [30/Mar/2021:18:41:40 +0200] "GET /assets/dist/js/adminlte.min.js.map HTTP/1.1" 200 82896
::1 - - [30/Mar/2021:18:41:40 +0200] "GET /assets/plugins/bootstrap/js/bootstrap.bundle.min.js.map HTTP/1.1" 200 318045
::1 - - [30/Mar/2021:18:41:40 +0200] "GET /invoicesJSON?numberOfPage=0&numberOfRows=10&search= HTTP/1.1" 200 1575
::1 - - [30/Mar/2021:18:43:01 +0200] "GET /products HTTP/1.1" 200 13473
::1 - - [30/Mar/2021:18:43:02 +0200] "GET /assets/dist/js/WBISFrameworkScripts.js HTTP/1.1" 304 -
::1 - - [30/Mar/2021:18:43:02 +0200] "GET /productsJSON?numberOfPage=0&numberOfRows=10&search= HTTP/1.1" 200 2605
::1 - - [30/Mar/2021:18:43:45 +0200] "GET /invoices HTTP/1.1" 200 13596
::1 - - [30/Mar/2021:18:43:46 +0200] "GET /assets/dist/js/WBISFrameworkScripts.js HTTP/1.1" 304 -
::1 - - [30/Mar/2021:18:43:46 +0200] "GET /invoicesJSON?numberOfPage=0&numberOfRows=10&search= HTTP/1.1" 200 1575
::1 - - [30/Mar/2021:18:43:49 +0200] "GET /invoiceCreate HTTP/1.1" 200 15639
::1 - - [30/Mar/2021:18:43:56 +0200] "GET /products HTTP/1.1" 200 13473
::1 - - [30/Mar/2021:18:43:56 +0200] "GET /productsJSON?numberOfPage=0&numberOfRows=10&search= HTTP/1.1" 200 2605
::1 - - [30/Mar/2021:18:43:58 +0200] "GET /products HTTP/1.1" 200 13473
::1 - - [30/Mar/2021:18:43:58 +0200] "GET /productsJSON?numberOfPage=0&numberOfRows=10&search= HTTP/1.1" 200 2605
::1 - - [30/Mar/2021:18:44:08 +0200] "GET /profile HTTP/1.1" 200 11971
::1 - - [30/Mar/2021:18:44:09 +0200] "GET /invoices HTTP/1.1" 200 13596
::1 - - [30/Mar/2021:18:44:09 +0200] "GET /assets/dist/js/WBISFrameworkScripts.js HTTP/1.1" 304 -
::1 - - [30/Mar/2021:18:44:09 +0200] "GET /invoicesJSON?numberOfPage=0&numberOfRows=10&search= HTTP/1.1" 200 1575
::1 - - [30/Mar/2021:18:44:10 +0200] "GET /invoices HTTP/1.1" 200 13596
::1 - - [30/Mar/2021:18:44:11 +0200] "GET /invoicesJSON?numberOfPage=0&numberOfRows=10&search= HTTP/1.1" 200 1575
::1 - - [30/Mar/2021:18:44:18 +0200] "GET /invoiceCreate HTTP/1.1" 200 15639
::1 - - [30/Mar/2021:18:44:24 +0200] "GET /customersDropdown?id=test HTTP/1.1" 200 2
::1 - - [30/Mar/2021:18:44:26 +0200] "GET /customersDropdown?id=tes HTTP/1.1" 200 2
::1 - - [30/Mar/2021:18:44:29 +0200] "GET /customersDropdown?id=aus HTTP/1.1" 200 2
::1 - - [30/Mar/2021:18:44:32 +0200] "GET /customersDropdown?id=res HTTP/1.1" 200 2
::1 - - [30/Mar/2021:18:44:34 +0200] "GET /customersDropdown?id=neda HTTP/1.1" 200 105
::1 - - [30/Mar/2021:18:44:42 +0200] "GET /productsDropdown?id=te HTTP/1.1" 200 513
::1 - - [30/Mar/2021:18:44:57 +0200] "POST /invoiceCreateProcess HTTP/1.1" 302 -
::1 - - [30/Mar/2021:18:44:57 +0200] "GET /invoiceCreate HTTP/1.1" 200 15808
::1 - - [30/Mar/2021:18:44:57 +0200] "GET /assets/dist/js/WBISFrameworkScripts.js HTTP/1.1" 304 -
::1 - - [30/Mar/2021:18:44:59 +0200] "GET /invoices HTTP/1.1" 200 13596
::1 - - [30/Mar/2021:18:44:59 +0200] "GET /invoicesJSON?numberOfPage=0&numberOfRows=10&search= HTTP/1.1" 200 1575
::1 - - [30/Mar/2021:18:45:09 +0200] "GET /products HTTP/1.1" 200 13473
::1 - - [30/Mar/2021:18:45:09 +0200] "GET /productsJSON?numberOfPage=0&numberOfRows=10&search= HTTP/1.1" 200 2605
::1 - - [30/Mar/2021:18:45:37 +0200] "GET /customers HTTP/1.1" 200 13566
::1 - - [30/Mar/2021:18:45:37 +0200] "GET /assets/dist/js/WBISFrameworkScripts.js HTTP/1.1" 304 -
::1 - - [30/Mar/2021:18:45:37 +0200] "GET /customersJSON?numberOfPage=0&numberOfRows=10&search= HTTP/1.1" 200 3495
::1 - - [30/Mar/2021:18:45:40 +0200] "GET /invoices HTTP/1.1" 200 13596
::1 - - [30/Mar/2021:18:45:41 +0200] "GET /invoicesJSON?numberOfPage=0&numberOfRows=10&search= HTTP/1.1" 200 1575
::1 - - [30/Mar/2021:18:46:00 +0200] "GET /invoiceCreate HTTP/1.1" 200 15639
::1 - - [30/Mar/2021:18:46:17 +0200] "GET /customersDropdown?id=tes HTTP/1.1" 200 2
::1 - - [30/Mar/2021:18:46:21 +0200] "GET /customersDropdown?id=neda HTTP/1.1" 200 105
::1 - - [30/Mar/2021:18:46:51 +0200] "GET /invoiceReports HTTP/1.1" 404 2009
::1 - - [30/Mar/2021:18:46:55 +0200] "GET /invoiceCreate HTTP/1.1" 200 15639
::1 - - [30/Mar/2021:18:46:57 +0200] "GET /customerReports HTTP/1.1" 200 15970
::1 - - [30/Mar/2021:18:46:57 +0200] "GET /customersActive HTTP/1.1" 200 95
::1 - - [30/Mar/2021:18:46:57 +0200] "GET /customersPerDay HTTP/1.1" 200 319
::1 - - [30/Mar/2021:18:48:39 +0200] "GET /products HTTP/1.1" 200 13473
::1 - - [30/Mar/2021:18:48:40 +0200] "GET /assets/dist/js/WBISFrameworkScripts.js HTTP/1.1" 304 -
::1 - - [30/Mar/2021:18:48:40 +0200] "GET /productsJSON?numberOfPage=0&numberOfRows=10&search= HTTP/1.1" 200 2605
::1 - - [30/Mar/2021:18:49:39 +0200] "GET /products HTTP/1.1" 200 13473
::1 - - [30/Mar/2021:18:49:39 +0200] "GET /assets/dist/js/WBISFrameworkScripts.js HTTP/1.1" 200 7504
::1 - - [30/Mar/2021:18:49:39 +0200] "GET /productsJSON?numberOfPage=0&numberOfRows=10&search= HTTP/1.1" 200 2605
::1 - - [30/Mar/2021:18:49:55 +0200] "GET /products HTTP/1.1" 200 13473
::1 - - [30/Mar/2021:18:49:55 +0200] "GET /assets/dist/js/WBISFrameworkScripts.js HTTP/1.1" 200 7503
::1 - - [30/Mar/2021:18:49:55 +0200] "GET /productsJSON?numberOfPage=0&numberOfRows=10&search= HTTP/1.1" 200 2605
::1 - - [30/Mar/2021:22:02:10 +0200] "GET /invoices HTTP/1.1" 200 13596
::1 - - [30/Mar/2021:22:02:10 +0200] "GET /assets/dist/js/WBISFrameworkScripts.js HTTP/1.1" 304 -
::1 - - [30/Mar/2021:22:02:10 +0200] "GET /invoicesJSON?numberOfPage=0&numberOfRows=10&search= HTTP/1.1" 200 1575
::1 - - [30/Mar/2021:22:02:32 +0200] "GET /assets/dist/js/adminlte.min.js.map HTTP/1.1" 200 82896
::1 - - [30/Mar/2021:22:02:32 +0200] "GET /assets/plugins/bootstrap/js/bootstrap.bundle.min.js.map HTTP/1.1" 200 318045
::1 - - [30/Mar/2021:22:02:32 +0200] "GET /assets/dist/css/adminlte.min.css.map HTTP/1.1" 200 1483437
::1 - - [30/Mar/2021:22:02:32 +0200] "GET /assets/plugins/select2/css/select2.bundle.css.map HTTP/1.1" 404 2009
::1 - - [30/Mar/2021:22:04:09 +0200] "GET /invoices HTTP/1.1" 200 13596
::1 - - [30/Mar/2021:22:04:09 +0200] "GET /invoicesJSON?numberOfPage=0&numberOfRows=10&search= HTTP/1.1" 200 1575
::1 - - [30/Mar/2021:22:04:10 +0200] "GET /invoices HTTP/1.1" 200 13596
::1 - - [30/Mar/2021:22:04:10 +0200] "GET /invoicesJSON?numberOfPage=0&numberOfRows=10&search= HTTP/1.1" 200 1575
::1 - - [30/Mar/2021:22:04:10 +0200] "GET /invoices HTTP/1.1" 200 13596
::1 - - [30/Mar/2021:22:04:11 +0200] "GET /invoicesJSON?numberOfPage=0&numberOfRows=10&search= HTTP/1.1" 200 1575
::1 - - [30/Mar/2021:22:04:11 +0200] "GET /invoices HTTP/1.1" 200 13596
::1 - - [30/Mar/2021:22:04:11 +0200] "GET /invoicesJSON?numberOfPage=0&numberOfRows=10&search= HTTP/1.1" 200 1575
::1 - - [30/Mar/2021:22:04:11 +0200] "GET /invoices HTTP/1.1" 200 13596
::1 - - [30/Mar/2021:22:04:11 +0200] "GET /invoicesJSON?numberOfPage=0&numberOfRows=10&search= HTTP/1.1" 200 1575
::1 - - [30/Mar/2021:22:04:11 +0200] "GET /invoices HTTP/1.1" 200 13596
::1 - - [30/Mar/2021:22:04:11 +0200] "GET /invoicesJSON?numberOfPage=0&numberOfRows=10&search= HTTP/1.1" 200 1575
::1 - - [30/Mar/2021:22:04:11 +0200] "GET /invoices HTTP/1.1" 200 13596
::1 - - [30/Mar/2021:22:04:11 +0200] "GET /invoicesJSON?numberOfPage=0&numberOfRows=10&search= HTTP/1.1" 200 1575
::1 - - [30/Mar/2021:22:04:11 +0200] "GET /invoices HTTP/1.1" 200 13596
::1 - - [30/Mar/2021:22:04:12 +0200] "GET /invoicesJSON?numberOfPage=0&numberOfRows=10&search= HTTP/1.1" 200 1575
::1 - - [30/Mar/2021:22:04:12 +0200] "GET /invoices HTTP/1.1" 200 13596
::1 - - [30/Mar/2021:22:04:12 +0200] "GET /invoicesJSON?numberOfPage=0&numberOfRows=10&search= HTTP/1.1" 200 1575
::1 - - [30/Mar/2021:22:04:14 +0200] "GET /invoicesJSON?numberOfPage=1&numberOfRows=10&search= HTTP/1.1" 200 157
::1 - - [30/Mar/2021:22:04:38 +0200] "GET /invoices HTTP/1.1" 200 13596
::1 - - [30/Mar/2021:22:04:39 +0200] "GET /invoicesJSON?numberOfPage=0&numberOfRows=10&search= HTTP/1.1" 200 1575
::1 - - [30/Mar/2021:22:06:00 +0200] "GET /invoices HTTP/1.1" 200 13596
::1 - - [30/Mar/2021:22:06:00 +0200] "GET /invoicesJSON?numberOfPage=0&numberOfRows=10&search= HTTP/1.1" 200 1575
::1 - - [30/Mar/2021:22:06:00 +0200] "GET /invoices HTTP/1.1" 200 13596
::1 - - [30/Mar/2021:22:06:01 +0200] "GET /invoicesJSON?numberOfPage=0&numberOfRows=10&search= HTTP/1.1" 200 1575
::1 - - [30/Mar/2021:22:06:01 +0200] "GET /invoices HTTP/1.1" 200 13596
::1 - - [30/Mar/2021:22:06:01 +0200] "GET /invoicesJSON?numberOfPage=0&numberOfRows=10&search= HTTP/1.1" 200 1575
::1 - - [30/Mar/2021:22:06:01 +0200] "GET /invoices HTTP/1.1" 200 13596
::1 - - [30/Mar/2021:22:06:02 +0200] "GET /invoicesJSON?numberOfPage=0&numberOfRows=10&search= HTTP/1.1" 200 1575
::1 - - [30/Mar/2021:22:06:13 +0200] "GET /invoices HTTP/1.1" 200 13596
::1 - - [30/Mar/2021:22:06:13 +0200] "GET /invoicesJSON?numberOfPage=0&numberOfRows=10&search= HTTP/1.1" 200 1575
::1 - - [30/Mar/2021:22:06:19 +0200] "GET /invoices HTTP/1.1" 200 13596
::1 - - [30/Mar/2021:22:06:24 +0200] "GET /assets/plugins/bootstrap/js/bootstrap.bundle.min.js.map HTTP/1.1" 200 318045
::1 - - [30/Mar/2021:22:06:24 +0200] "GET /assets/dist/js/adminlte.min.js.map HTTP/1.1" 200 82896
::1 - - [30/Mar/2021:22:06:24 +0200] "GET /assets/dist/css/adminlte.min.css.map HTTP/1.1" 200 1483437
::1 - - [30/Mar/2021:22:06:24 +0200] "GET /assets/plugins/select2/css/select2.bundle.css.map HTTP/1.1" 404 2009
::1 - - [30/Mar/2021:22:06:42 +0200] "GET /invoices HTTP/1.1" 200 13596
::1 - - [30/Mar/2021:22:06:42 +0200] "GET /assets/plugins/fontawesome-free/css/all.min.css HTTP/1.1" 200 58578
::1 - - [30/Mar/2021:22:06:42 +0200] "GET /assets/dist/css/adminlte.min.css HTTP/1.1" 200 689674
::1 - - [30/Mar/2021:22:06:42 +0200] "GET /assets/plugins/sweetalert2-theme-bootstrap-4/bootstrap-4.min.css HTTP/1.1" 200 34949
::1 - - [30/Mar/2021:22:06:42 +0200] "GET /assets/plugins/select2/css/select2.bundle.css HTTP/1.1" 200 38640
::1 - - [30/Mar/2021:22:06:42 +0200] "GET /assets/plugins/jquery/jquery.min.js HTTP/1.1" 200 88145
::1 - - [30/Mar/2021:22:06:42 +0200] "GET /assets/plugins/select2-bootstrap4-theme/select2-bootstrap4.css HTTP/1.1" 200 6012
::1 - - [30/Mar/2021:22:06:42 +0200] "GET /assets/plugins/bootstrap/js/bootstrap.bundle.min.js HTTP/1.1" 200 80698
::1 - - [30/Mar/2021:22:06:42 +0200] "GET /assets/dist/js/adminlte.min.js HTTP/1.1" 200 25193
::1 - - [30/Mar/2021:22:06:42 +0200] "GET /assets/plugins/sweetalert2/sweetalert2.min.js HTTP/1.1" 200 40832
::1 - - [30/Mar/2021:22:06:42 +0200] "GET /assets/plugins/select2/js/select2.full.min.js HTTP/1.1" 200 79172
::1 - - [30/Mar/2021:22:06:42 +0200] "GET /assets/plugins/chart.js/Chart.min.js HTTP/1.1" 200 172812
::1 - - [30/Mar/2021:22:06:42 +0200] "GET /assets/dist/js/WBISFrameworkScripts.js HTTP/1.1" 200 7617
::1 - - [30/Mar/2021:22:06:42 +0200] "GET /assets/dist/img/invoiceWhite.png HTTP/1.1" 200 12726
::1 - - [30/Mar/2021:22:06:42 +0200] "GET /assets/dist/img/user2-160x160.jpg HTTP/1.1" 200 7070
::1 - - [30/Mar/2021:22:06:42 +0200] "GET /assets/plugins/fontawesome-free/webfonts/fa-solid-900.woff2 HTTP/1.1" 200 79444
::1 - - [30/Mar/2021:22:06:43 +0200] "GET /assets/dist/css/adminlte.min.css.map HTTP/1.1" 200 1483437
::1 - - [30/Mar/2021:22:06:43 +0200] "GET /assets/plugins/select2/css/select2.bundle.css.map HTTP/1.1" 404 2009
::1 - - [30/Mar/2021:22:06:43 +0200] "GET /invoicesJSON?numberOfPage=0&numberOfRows=10&search= HTTP/1.1" 200 1575
::1 - - [30/Mar/2021:22:06:43 +0200] "GET /assets/plugins/bootstrap/js/bootstrap.bundle.min.js.map HTTP/1.1" 200 318045
::1 - - [30/Mar/2021:22:06:43 +0200] "GET /assets/dist/js/adminlte.min.js.map HTTP/1.1" 200 82896
::1 - - [30/Mar/2021:22:06:51 +0200] "GET /invoices HTTP/1.1" 200 13596
::1 - - [30/Mar/2021:22:06:51 +0200] "GET /invoicesJSON?numberOfPage=0&numberOfRows=10&search= HTTP/1.1" 200 1575
::1 - - [30/Mar/2021:22:06:52 +0200] "GET /invoiceDetails?id=9 HTTP/1.1" 200 9367
::1 - - [30/Mar/2021:22:06:54 +0200] "GET /invoices HTTP/1.1" 200 13596
::1 - - [30/Mar/2021:22:06:54 +0200] "GET /invoicesJSON?numberOfPage=0&numberOfRows=10&search= HTTP/1.1" 200 1575
::1 - - [30/Mar/2021:22:06:56 +0200] "GET /invoiceDetails?id=9 HTTP/1.1" 200 9367
::1 - - [30/Mar/2021:22:06:57 +0200] "GET /invoices HTTP/1.1" 200 13596
::1 - - [30/Mar/2021:22:06:57 +0200] "GET /invoicesJSON?numberOfPage=0&numberOfRows=10&search= HTTP/1.1" 200 1575
::1 - - [30/Mar/2021:22:07:02 +0200] "GET /home HTTP/1.1" 200 8832
::1 - - [30/Mar/2021:22:07:03 +0200] "GET /invoices HTTP/1.1" 200 13596
::1 - - [30/Mar/2021:22:07:03 +0200] "GET /invoicesJSON?numberOfPage=0&numberOfRows=10&search= HTTP/1.1" 200 1575
::1 - - [30/Mar/2021:22:11:51 +0200] "-" 408 -
::1 - - [30/Mar/2021:22:46:40 +0200] "GET /invoiceCreate HTTP/1.1" 200 15639
::1 - - [30/Mar/2021:22:46:40 +0200] "GET /assets/dist/js/WBISFrameworkScripts.js HTTP/1.1" 304 -
::1 - - [30/Mar/2021:22:46:49 +0200] "GET /customersDropdown?id=ned HTTP/1.1" 200 328
::1 - - [30/Mar/2021:22:46:49 +0200] "GET /customersDropdown?id=neda HTTP/1.1" 200 105
::1 - - [30/Mar/2021:22:48:06 +0200] "GET /invoices HTTP/1.1" 200 13596
::1 - - [30/Mar/2021:22:48:07 +0200] "GET /invoicesJSON?numberOfPage=0&numberOfRows=10&search= HTTP/1.1" 200 1575
::1 - - [30/Mar/2021:22:48:13 +0200] "GET /invoiceCreate HTTP/1.1" 200 15639
::1 - - [30/Mar/2021:22:48:53 +0200] "GET /profile HTTP/1.1" 200 11971
::1 - - [30/Mar/2021:22:48:53 +0200] "GET /invoices HTTP/1.1" 200 13596
::1 - - [30/Mar/2021:22:48:53 +0200] "GET /invoicesJSON?numberOfPage=0&numberOfRows=10&search= HTTP/1.1" 200 1575
::1 - - [30/Mar/2021:22:48:54 +0200] "GET /invoices HTTP/1.1" 200 13596
::1 - - [30/Mar/2021:22:48:55 +0200] "GET /invoicesJSON?numberOfPage=0&numberOfRows=10&search= HTTP/1.1" 200 1575
::1 - - [30/Mar/2021:22:48:55 +0200] "GET /invoiceCreate HTTP/1.1" 200 15639
::1 - - [30/Mar/2021:22:49:16 +0200] "GET /profile HTTP/1.1" 200 11971
::1 - - [30/Mar/2021:22:49:17 +0200] "GET /profile HTTP/1.1" 200 11971
::1 - - [30/Mar/2021:22:49:18 +0200] "GET /customers HTTP/1.1" 200 13566
::1 - - [30/Mar/2021:22:49:19 +0200] "GET /customersJSON?numberOfPage=0&numberOfRows=10&search= HTTP/1.1" 200 3495
::1 - - [30/Mar/2021:22:49:20 +0200] "GET /customers HTTP/1.1" 200 13566
::1 - - [30/Mar/2021:22:49:20 +0200] "GET /customersJSON?numberOfPage=0&numberOfRows=10&search= HTTP/1.1" 200 3495
::1 - - [30/Mar/2021:22:49:21 +0200] "GET /invoices HTTP/1.1" 200 13596
::1 - - [30/Mar/2021:22:49:21 +0200] "GET /invoicesJSON?numberOfPage=0&numberOfRows=10&search= HTTP/1.1" 200 1575
::1 - - [30/Mar/2021:22:49:22 +0200] "GET /customers HTTP/1.1" 200 13566
::1 - - [30/Mar/2021:22:49:22 +0200] "GET /customersJSON?numberOfPage=0&numberOfRows=10&search= HTTP/1.1" 200 3495
::1 - - [30/Mar/2021:22:49:32 +0200] "GET /invoices HTTP/1.1" 200 13596
::1 - - [30/Mar/2021:22:49:32 +0200] "GET /invoices HTTP/1.1" 200 13596
::1 - - [30/Mar/2021:22:49:32 +0200] "GET /invoicesJSON?numberOfPage=0&numberOfRows=10&search= HTTP/1.1" 200 1575
::1 - - [30/Mar/2021:22:49:35 +0200] "GET /invoiceCreate HTTP/1.1" 200 15639
::1 - - [30/Mar/2021:22:49:40 +0200] "GET /customersDropdown?id=sof HTTP/1.1" 200 65
::1 - - [30/Mar/2021:22:49:44 +0200] "GET /productsDropdown?id=ha HTTP/1.1" 200 507
::1 - - [30/Mar/2021:22:49:47 +0200] "POST /invoiceCreateProcess HTTP/1.1" 302 -
::1 - - [30/Mar/2021:22:49:47 +0200] "GET /invoiceCreate HTTP/1.1" 200 15808
::1 - - [30/Mar/2021:22:49:49 +0200] "GET /invoices HTTP/1.1" 200 13596
::1 - - [30/Mar/2021:22:49:49 +0200] "GET /invoicesJSON?numberOfPage=0&numberOfRows=10&search= HTTP/1.1" 200 1575
::1 - - [30/Mar/2021:22:50:23 +0200] "GET /customers HTTP/1.1" 200 13566
::1 - - [30/Mar/2021:22:50:24 +0200] "GET /customersJSON?numberOfPage=0&numberOfRows=10&search= HTTP/1.1" 200 3495
::1 - - [30/Mar/2021:22:50:25 +0200] "GET /invoices HTTP/1.1" 200 13596
::1 - - [30/Mar/2021:22:50:25 +0200] "GET /invoicesJSON?numberOfPage=0&numberOfRows=10&search= HTTP/1.1" 200 1575
::1 - - [30/Mar/2021:22:50:29 +0200] "GET /invoices HTTP/1.1" 200 13596
::1 - - [30/Mar/2021:22:50:29 +0200] "GET /invoicesJSON?numberOfPage=0&numberOfRows=10&search= HTTP/1.1" 200 1575
::1 - - [30/Mar/2021:22:50:30 +0200] "GET /invoices HTTP/1.1" 200 13596
::1 - - [30/Mar/2021:22:50:30 +0200] "GET /invoicesJSON?numberOfPage=0&numberOfRows=10&search= HTTP/1.1" 200 1575
::1 - - [30/Mar/2021:22:50:32 +0200] "GET /invoices HTTP/1.1" 200 13596
::1 - - [30/Mar/2021:22:50:32 +0200] "GET /invoicesJSON?numberOfPage=0&numberOfRows=10&search= HTTP/1.1" 200 1575
::1 - - [30/Mar/2021:22:50:40 +0200] "GET /customers HTTP/1.1" 200 13566
::1 - - [30/Mar/2021:22:50:40 +0200] "GET /customersJSON?numberOfPage=0&numberOfRows=10&search= HTTP/1.1" 200 3495
::1 - - [30/Mar/2021:22:50:44 +0200] "GET /customerReports HTTP/1.1" 200 15970
::1 - - [30/Mar/2021:22:50:44 +0200] "GET /customersActive HTTP/1.1" 200 95
::1 - - [30/Mar/2021:22:50:44 +0200] "GET /customersPerDay HTTP/1.1" 200 319
::1 - - [30/Mar/2021:22:50:53 +0200] "GET /customers HTTP/1.1" 200 13566
::1 - - [30/Mar/2021:22:50:53 +0200] "GET /customersJSON?numberOfPage=0&numberOfRows=10&search= HTTP/1.1" 200 3495
::1 - - [30/Mar/2021:22:50:57 +0200] "GET /invoices HTTP/1.1" 200 13596
::1 - - [30/Mar/2021:22:50:57 +0200] "GET /assets/dist/js/WBISFrameworkScripts.js HTTP/1.1" 304 -
::1 - - [30/Mar/2021:22:50:57 +0200] "GET /invoicesJSON?numberOfPage=0&numberOfRows=10&search= HTTP/1.1" 200 1575
::1 - - [30/Mar/2021:22:51:38 +0200] "GET /invoices HTTP/1.1" 200 13596
::1 - - [30/Mar/2021:22:51:38 +0200] "GET /invoices HTTP/1.1" 200 13596
::1 - - [30/Mar/2021:22:51:38 +0200] "GET /invoicesJSON?numberOfPage=0&numberOfRows=10&search= HTTP/1.1" 200 1575
::1 - - [30/Mar/2021:22:51:40 +0200] "GET /invoiceCreate HTTP/1.1" 200 15639
::1 - - [30/Mar/2021:22:51:52 +0200] "GET /invoices HTTP/1.1" 200 13596
::1 - - [30/Mar/2021:22:51:52 +0200] "GET /invoicesJSON?numberOfPage=0&numberOfRows=10&search= HTTP/1.1" 200 1575
::1 - - [30/Mar/2021:22:51:57 +0200] "GET /customers HTTP/1.1" 200 13566
::1 - - [30/Mar/2021:22:51:57 +0200] "GET /customers HTTP/1.1" 200 13566
::1 - - [30/Mar/2021:22:51:57 +0200] "GET /customersJSON?numberOfPage=0&numberOfRows=10&search= HTTP/1.1" 200 3495
::1 - - [30/Mar/2021:22:52:02 +0200] "GET /invoices HTTP/1.1" 200 13596
::1 - - [30/Mar/2021:22:52:03 +0200] "GET /invoicesJSON?numberOfPage=0&numberOfRows=10&search= HTTP/1.1" 200 1575
::1 - - [30/Mar/2021:22:53:31 +0200] "GET /invoices HTTP/1.1" 200 13596
::1 - - [30/Mar/2021:22:53:31 +0200] "GET /invoicesJSON?numberOfPage=0&numberOfRows=10&search= HTTP/1.1" 200 1575
::1 - - [30/Mar/2021:22:53:31 +0200] "GET /customers HTTP/1.1" 200 13566
::1 - - [30/Mar/2021:22:53:32 +0200] "GET /customersJSON?numberOfPage=0&numberOfRows=10&search= HTTP/1.1" 200 3495
::1 - - [30/Mar/2021:22:53:33 +0200] "GET /invoices HTTP/1.1" 200 13596
::1 - - [30/Mar/2021:22:53:33 +0200] "GET /invoicesJSON?numberOfPage=0&numberOfRows=10&search= HTTP/1.1" 200 1575
::1 - - [30/Mar/2021:22:53:35 +0200] "GET /invoiceCreate HTTP/1.1" 200 15639
::1 - - [30/Mar/2021:22:53:47 +0200] "GET /invoices HTTP/1.1" 200 13596
::1 - - [30/Mar/2021:22:53:47 +0200] "GET /invoicesJSON?numberOfPage=0&numberOfRows=10&search= HTTP/1.1" 200 1575
::1 - - [30/Mar/2021:22:54:00 +0200] "GET /invoiceCreate HTTP/1.1" 200 15639
::1 - - [30/Mar/2021:22:54:04 +0200] "GET /customers HTTP/1.1" 200 13566
::1 - - [30/Mar/2021:22:54:04 +0200] "GET /customersJSON?numberOfPage=0&numberOfRows=10&search= HTTP/1.1" 200 3495
::1 - - [30/Mar/2021:22:54:05 +0200] "GET /customers HTTP/1.1" 200 13566
::1 - - [30/Mar/2021:22:54:05 +0200] "GET /customersJSON?numberOfPage=0&numberOfRows=10&search= HTTP/1.1" 200 3495
::1 - - [30/Mar/2021:22:54:06 +0200] "GET /customers HTTP/1.1" 200 13566
::1 - - [30/Mar/2021:22:54:06 +0200] "GET /customersJSON?numberOfPage=0&numberOfRows=10&search= HTTP/1.1" 200 3495
::1 - - [30/Mar/2021:22:54:07 +0200] "GET /customers HTTP/1.1" 200 13566
::1 - - [30/Mar/2021:22:54:07 +0200] "GET /customers HTTP/1.1" 200 13566
::1 - - [30/Mar/2021:22:54:07 +0200] "GET /customersJSON?numberOfPage=0&numberOfRows=10&search= HTTP/1.1" 200 3495
::1 - - [30/Mar/2021:22:54:10 +0200] "GET /invoices HTTP/1.1" 200 13596
::1 - - [30/Mar/2021:22:54:11 +0200] "GET /invoicesJSON?numberOfPage=0&numberOfRows=10&search= HTTP/1.1" 200 1575
::1 - - [30/Mar/2021:22:54:12 +0200] "GET /customers HTTP/1.1" 200 13566
::1 - - [30/Mar/2021:22:54:12 +0200] "GET /customersJSON?numberOfPage=0&numberOfRows=10&search= HTTP/1.1" 200 3495
::1 - - [30/Mar/2021:22:54:15 +0200] "GET /invoices HTTP/1.1" 200 13596
::1 - - [30/Mar/2021:22:54:15 +0200] "GET /invoicesJSON?numberOfPage=0&numberOfRows=10&search= HTTP/1.1" 200 1575
::1 - - [30/Mar/2021:22:54:29 +0200] "GET /customers HTTP/1.1" 200 13566
::1 - - [30/Mar/2021:22:54:29 +0200] "GET /customers HTTP/1.1" 200 13566
::1 - - [30/Mar/2021:22:54:29 +0200] "GET /customersJSON?numberOfPage=0&numberOfRows=10&search= HTTP/1.1" 200 3495
::1 - - [30/Mar/2021:22:54:30 +0200] "GET /invoices HTTP/1.1" 200 13596
::1 - - [30/Mar/2021:22:54:30 +0200] "GET /invoicesJSON?numberOfPage=0&numberOfRows=10&search= HTTP/1.1" 200 1575
::1 - - [30/Mar/2021:22:54:31 +0200] "GET /invoiceCreate HTTP/1.1" 200 15639
::1 - - [30/Mar/2021:22:54:46 +0200] "GET /invoices HTTP/1.1" 200 13596
::1 - - [30/Mar/2021:22:54:46 +0200] "GET /invoicesJSON?numberOfPage=0&numberOfRows=10&search= HTTP/1.1" 200 1575
::1 - - [30/Mar/2021:22:55:25 +0200] "GET /invoices HTTP/1.1" 200 13596
::1 - - [30/Mar/2021:22:55:26 +0200] "GET /invoicesJSON?numberOfPage=0&numberOfRows=10&search= HTTP/1.1" 200 1575
::1 - - [30/Mar/2021:22:55:34 +0200] "GET /invoices HTTP/1.1" 200 13596
::1 - - [30/Mar/2021:22:55:34 +0200] "GET /invoicesJSON?numberOfPage=0&numberOfRows=10&search= HTTP/1.1" 200 1575
::1 - - [30/Mar/2021:22:55:37 +0200] "GET /customerReports HTTP/1.1" 200 15970
::1 - - [30/Mar/2021:22:55:38 +0200] "GET /customersActive HTTP/1.1" 200 95
::1 - - [30/Mar/2021:22:55:38 +0200] "GET /customersPerDay HTTP/1.1" 200 319
::1 - - [30/Mar/2021:22:55:44 +0200] "GET /customers HTTP/1.1" 200 13566
::1 - - [30/Mar/2021:22:55:44 +0200] "GET /assets/dist/js/WBISFrameworkScripts.js HTTP/1.1" 304 -
::1 - - [30/Mar/2021:22:55:44 +0200] "GET /customersJSON?numberOfPage=0&numberOfRows=10&search= HTTP/1.1" 200 3495
::1 - - [30/Mar/2021:22:57:26 +0200] "GET /customers HTTP/1.1" 200 13566
::1 - - [30/Mar/2021:22:57:27 +0200] "GET /customersJSON?numberOfPage=0&numberOfRows=10&search= HTTP/1.1" 200 3495
::1 - - [30/Mar/2021:22:57:28 +0200] "GET /home HTTP/1.1" 200 8832
::1 - - [30/Mar/2021:22:57:30 +0200] "GET /profile HTTP/1.1" 200 11971
::1 - - [30/Mar/2021:22:57:31 +0200] "GET /profile HTTP/1.1" 200 11971
::1 - - [30/Mar/2021:22:57:35 +0200] "GET /products HTTP/1.1" 200 13473
::1 - - [30/Mar/2021:22:57:35 +0200] "GET /productsJSON?numberOfPage=0&numberOfRows=10&search= HTTP/1.1" 200 2605
::1 - - [30/Mar/2021:22:57:38 +0200] "GET /customers HTTP/1.1" 200 13566
::1 - - [30/Mar/2021:22:57:38 +0200] "GET /customers HTTP/1.1" 200 13566
::1 - - [30/Mar/2021:22:57:38 +0200] "GET /customersJSON?numberOfPage=0&numberOfRows=10&search= HTTP/1.1" 200 3495
::1 - - [30/Mar/2021:22:57:40 +0200] "GET /customerReports HTTP/1.1" 200 15970
::1 - - [30/Mar/2021:22:57:41 +0200] "GET /customersActive HTTP/1.1" 200 95
::1 - - [30/Mar/2021:22:57:41 +0200] "GET /customersPerDay HTTP/1.1" 200 319
::1 - - [30/Mar/2021:22:57:43 +0200] "GET /customerReports HTTP/1.1" 200 15970
::1 - - [30/Mar/2021:22:57:44 +0200] "GET /customersPerDay HTTP/1.1" 200 319
::1 - - [30/Mar/2021:22:57:44 +0200] "GET /customersActive HTTP/1.1" 200 95
::1 - - [30/Mar/2021:22:57:46 +0200] "GET /customerReports HTTP/1.1" 200 15970
::1 - - [30/Mar/2021:22:57:46 +0200] "GET /customersActive HTTP/1.1" 200 95
::1 - - [30/Mar/2021:22:57:46 +0200] "GET /customersPerDay HTTP/1.1" 200 319
::1 - - [30/Mar/2021:22:57:49 +0200] "GET /customerReports HTTP/1.1" 200 15970
::1 - - [30/Mar/2021:22:57:49 +0200] "GET /customerReports HTTP/1.1" 200 15970
::1 - - [30/Mar/2021:22:57:49 +0200] "GET /customersPerDay HTTP/1.1" 200 319
::1 - - [30/Mar/2021:22:57:49 +0200] "GET /customersActive HTTP/1.1" 200 95
::1 - - [30/Mar/2021:22:57:52 +0200] "GET /invoices HTTP/1.1" 302 13596
::1 - - [30/Mar/2021:22:57:52 +0200] "GET /login HTTP/1.1" 302 2712
::1 - - [30/Mar/2021:22:57:52 +0200] "GET /accessDenied HTTP/1.1" 200 1988
::1 - - [30/Mar/2021:22:57:54 +0200] "GET / HTTP/1.1" 200 8832
::1 - - [30/Mar/2021:22:57:54 +0200] "GET / HTTP/1.1" 200 8832
::1 - - [30/Mar/2021:22:57:59 +0200] "GET /logout HTTP/1.1" 302 -
::1 - - [30/Mar/2021:22:57:59 +0200] "GET /login HTTP/1.1" 200 2712
::1 - - [30/Mar/2021:22:58:10 +0200] "POST /loginProcess HTTP/1.1" 302 -
::1 - - [30/Mar/2021:22:58:10 +0200] "GET /login HTTP/1.1" 200 3206
::1 - - [30/Mar/2021:22:58:15 +0200] "POST /loginProcess HTTP/1.1" 302 -
::1 - - [30/Mar/2021:22:58:15 +0200] "GET /login HTTP/1.1" 200 3206
::1 - - [30/Mar/2021:22:58:33 +0200] "POST /loginProcess HTTP/1.1" 302 -
::1 - - [30/Mar/2021:22:58:33 +0200] "GET /login HTTP/1.1" 200 3206
::1 - - [30/Mar/2021:22:58:39 +0200] "POST /loginProcess HTTP/1.1" 302 -
::1 - - [30/Mar/2021:22:58:39 +0200] "GET /login HTTP/1.1" 200 3206
::1 - - [30/Mar/2021:22:59:07 +0200] "POST /loginProcess HTTP/1.1" 302 -
::1 - - [30/Mar/2021:22:59:07 +0200] "GET /profile HTTP/1.1" 200 11962
::1 - - [30/Mar/2021:22:59:12 +0200] "GET /invoices HTTP/1.1" 200 13596
::1 - - [30/Mar/2021:22:59:12 +0200] "GET /invoices HTTP/1.1" 200 13596
::1 - - [30/Mar/2021:22:59:12 +0200] "GET /invoicesJSON?numberOfPage=0&numberOfRows=10&search= HTTP/1.1" 200 1575
::1 - - [30/Mar/2021:22:59:14 +0200] "GET /products HTTP/1.1" 302 13473
::1 - - [30/Mar/2021:22:59:14 +0200] "GET /login HTTP/1.1" 302 2712
::1 - - [30/Mar/2021:22:59:14 +0200] "GET /accessDenied HTTP/1.1" 200 1988
::1 - - [30/Mar/2021:22:59:15 +0200] "GET / HTTP/1.1" 200 8832
::1 - - [30/Mar/2021:22:59:16 +0200] "GET /customers HTTP/1.1" 302 13566
::1 - - [30/Mar/2021:22:59:16 +0200] "GET /login HTTP/1.1" 302 2712
::1 - - [30/Mar/2021:22:59:16 +0200] "GET /accessDenied HTTP/1.1" 200 1988
::1 - - [30/Mar/2021:22:59:17 +0200] "GET / HTTP/1.1" 200 8832
::1 - - [30/Mar/2021:22:59:19 +0200] "GET /customerReports HTTP/1.1" 302 15970
::1 - - [30/Mar/2021:22:59:19 +0200] "GET /login HTTP/1.1" 302 2712
::1 - - [30/Mar/2021:22:59:19 +0200] "GET /accessDenied HTTP/1.1" 200 1988
::1 - - [30/Mar/2021:22:59:20 +0200] "GET / HTTP/1.1" 200 8832
::1 - - [30/Mar/2021:22:59:36 +0200] "GET /invoices HTTP/1.1" 200 13596
::1 - - [30/Mar/2021:22:59:37 +0200] "GET /invoicesJSON?numberOfPage=0&numberOfRows=10&search= HTTP/1.1" 200 1575
::1 - - [30/Mar/2021:22:59:38 +0200] "GET /invoiceCreate HTTP/1.1" 200 15639
::1 - - [30/Mar/2021:22:59:40 +0200] "GET /customersDropdown?id=neda HTTP/1.1" 302 105
::1 - - [30/Mar/2021:22:59:40 +0200] "GET /login HTTP/1.1" 302 2712
::1 - - [30/Mar/2021:22:59:40 +0200] "GET /accessDenied HTTP/1.1" 200 1988
::1 - - [30/Mar/2021:22:59:46 +0200] "GET /customersDropdown?id=ned HTTP/1.1" 302 328
::1 - - [30/Mar/2021:22:59:46 +0200] "GET /login HTTP/1.1" 302 2712
::1 - - [30/Mar/2021:22:59:46 +0200] "GET /accessDenied HTTP/1.1" 200 1988
::1 - - [30/Mar/2021:22:59:47 +0200] "GET /customersDropdown?id=neda HTTP/1.1" 302 105
::1 - - [30/Mar/2021:22:59:47 +0200] "GET /login HTTP/1.1" 302 2712
::1 - - [30/Mar/2021:22:59:47 +0200] "GET /accessDenied HTTP/1.1" 200 1988
::1 - - [30/Mar/2021:22:59:49 +0200] "GET /customersDropdown?id=ned HTTP/1.1" 302 328
::1 - - [30/Mar/2021:22:59:49 +0200] "GET /login HTTP/1.1" 302 2712
::1 - - [30/Mar/2021:22:59:49 +0200] "GET /accessDenied HTTP/1.1" 200 1988
::1 - - [30/Mar/2021:22:59:50 +0200] "GET /customersDropdown?id=sdsd HTTP/1.1" 302 2
::1 - - [30/Mar/2021:22:59:50 +0200] "GET /login HTTP/1.1" 302 2712
::1 - - [30/Mar/2021:22:59:50 +0200] "GET /accessDenied HTTP/1.1" 200 1988
::1 - - [30/Mar/2021:22:59:51 +0200] "GET /customersDropdown?id=sds HTTP/1.1" 302 2
::1 - - [30/Mar/2021:22:59:51 +0200] "GET /login HTTP/1.1" 302 2712
::1 - - [30/Mar/2021:22:59:51 +0200] "GET /accessDenied HTTP/1.1" 200 1988
::1 - - [30/Mar/2021:22:59:51 +0200] "GET /customersDropdown?id=sdsa HTTP/1.1" 302 2
::1 - - [30/Mar/2021:22:59:51 +0200] "GET /login HTTP/1.1" 302 2712
::1 - - [30/Mar/2021:22:59:51 +0200] "GET /accessDenied HTTP/1.1" 200 1988
::1 - - [30/Mar/2021:22:59:52 +0200] "GET /customersDropdown?id=sds HTTP/1.1" 302 2
::1 - - [30/Mar/2021:22:59:52 +0200] "GET /login HTTP/1.1" 302 2712
::1 - - [30/Mar/2021:22:59:52 +0200] "GET /accessDenied HTTP/1.1" 200 1988
::1 - - [30/Mar/2021:22:59:54 +0200] "GET /customersDropdown?id=sad HTTP/1.1" 302 359
::1 - - [30/Mar/2021:22:59:54 +0200] "GET /login HTTP/1.1" 302 2712
::1 - - [30/Mar/2021:22:59:54 +0200] "GET /accessDenied HTTP/1.1" 200 1988
::1 - - [30/Mar/2021:22:59:56 +0200] "GET /customersDropdown?id=sadf HTTP/1.1" 302 2
::1 - - [30/Mar/2021:22:59:56 +0200] "GET /login HTTP/1.1" 302 2712
::1 - - [30/Mar/2021:22:59:56 +0200] "GET /accessDenied HTTP/1.1" 200 1988
::1 - - [30/Mar/2021:22:59:57 +0200] "GET /customersDropdown?id=sad HTTP/1.1" 302 359
::1 - - [30/Mar/2021:22:59:57 +0200] "GET /login HTTP/1.1" 302 2712
::1 - - [30/Mar/2021:22:59:57 +0200] "GET /accessDenied HTTP/1.1" 200 1988
::1 - - [30/Mar/2021:22:59:59 +0200] "GET /customersDropdown?id=k%5Bl HTTP/1.1" 302 2
::1 - - [30/Mar/2021:22:59:59 +0200] "GET /login HTTP/1.1" 302 2712
::1 - - [30/Mar/2021:22:59:59 +0200] "GET /accessDenied HTTP/1.1" 200 1988
::1 - - [30/Mar/2021:23:00:07 +0200] "GET /invoices HTTP/1.1" 200 13596
::1 - - [30/Mar/2021:23:00:07 +0200] "GET /invoicesJSON?numberOfPage=0&numberOfRows=10&search= HTTP/1.1" 200 1575
::1 - - [30/Mar/2021:23:00:18 +0200] "GET /invoiceCreate HTTP/1.1" 200 15639
::1 - - [30/Mar/2021:23:00:22 +0200] "GET /customersDropdown?id=kko HTTP/1.1" 302 2
::1 - - [30/Mar/2021:23:00:22 +0200] "GET /login HTTP/1.1" 302 2712
::1 - - [30/Mar/2021:23:00:22 +0200] "GET /accessDenied HTTP/1.1" 200 1988
::1 - - [30/Mar/2021:23:00:24 +0200] "GET /customersDropdown?id=kori HTTP/1.1" 302 2
::1 - - [30/Mar/2021:23:00:24 +0200] "GET /login HTTP/1.1" 302 2712
::1 - - [30/Mar/2021:23:00:24 +0200] "GET /accessDenied HTTP/1.1" 200 1988
::1 - - [30/Mar/2021:23:00:25 +0200] "GET /customersDropdown?id=kor HTTP/1.1" 302 2
::1 - - [30/Mar/2021:23:00:25 +0200] "GET /login HTTP/1.1" 302 2712
::1 - - [30/Mar/2021:23:00:25 +0200] "GET /accessDenied HTTP/1.1" 200 1988
::1 - - [30/Mar/2021:23:00:28 +0200] "GET /customersDropdown?id=sofi HTTP/1.1" 302 65
::1 - - [30/Mar/2021:23:00:28 +0200] "GET /login HTTP/1.1" 302 2712
::1 - - [30/Mar/2021:23:00:28 +0200] "GET /accessDenied HTTP/1.1" 200 1988
::1 - - [30/Mar/2021:23:00:34 +0200] "GET /invoices HTTP/1.1" 200 13596
::1 - - [30/Mar/2021:23:00:34 +0200] "GET /invoicesJSON?numberOfPage=0&numberOfRows=10&search= HTTP/1.1" 200 1575
::1 - - [30/Mar/2021:23:00:35 +0200] "GET /invoices HTTP/1.1" 200 13596
::1 - - [30/Mar/2021:23:00:35 +0200] "GET /invoices HTTP/1.1" 200 13596
::1 - - [30/Mar/2021:23:00:35 +0200] "GET /invoicesJSON?numberOfPage=0&numberOfRows=10&search= HTTP/1.1" 200 1575
::1 - - [30/Mar/2021:23:00:46 +0200] "GET /invoiceCreate HTTP/1.1" 200 15639
::1 - - [30/Mar/2021:23:00:54 +0200] "GET /invoices HTTP/1.1" 200 13596
::1 - - [30/Mar/2021:23:00:54 +0200] "GET /assets/dist/js/WBISFrameworkScripts.js HTTP/1.1" 304 -
::1 - - [30/Mar/2021:23:00:54 +0200] "GET /invoicesJSON?numberOfPage=0&numberOfRows=10&search= HTTP/1.1" 200 1575
::1 - - [30/Mar/2021:23:01:05 +0200] "GET /invoiceCreate HTTP/1.1" 200 15639
::1 - - [30/Mar/2021:23:01:22 +0200] "GET /invoices HTTP/1.1" 200 13596
::1 - - [30/Mar/2021:23:01:22 +0200] "GET /invoicesJSON?numberOfPage=0&numberOfRows=10&search= HTTP/1.1" 200 1575
::1 - - [30/Mar/2021:23:01:28 +0200] "GET /invoiceCreate HTTP/1.1" 200 15639
::1 - - [30/Mar/2021:23:01:32 +0200] "GET /invoices HTTP/1.1" 200 13596
::1 - - [30/Mar/2021:23:01:32 +0200] "GET /invoicesJSON?numberOfPage=0&numberOfRows=10&search= HTTP/1.1" 200 1575
::1 - - [30/Mar/2021:23:01:52 +0200] "GET /invoiceCreate HTTP/1.1" 200 15639
::1 - - [30/Mar/2021:23:01:53 +0200] "GET /invoices HTTP/1.1" 200 13596
::1 - - [30/Mar/2021:23:01:54 +0200] "GET /invoicesJSON?numberOfPage=0&numberOfRows=10&search= HTTP/1.1" 200 1575
::1 - - [30/Mar/2021:23:02:59 +0200] "GET /invoices HTTP/1.1" 200 13596
::1 - - [30/Mar/2021:23:03:00 +0200] "GET /invoicesJSON?numberOfPage=0&numberOfRows=10&search= HTTP/1.1" 200 1575
::1 - - [30/Mar/2021:23:03:01 +0200] "GET /profile HTTP/1.1" 200 11962
::1 - - [30/Mar/2021:23:03:01 +0200] "GET /invoices HTTP/1.1" 200 13596
::1 - - [30/Mar/2021:23:03:01 +0200] "GET /invoicesJSON?numberOfPage=0&numberOfRows=10&search= HTTP/1.1" 200 1575
::1 - - [30/Mar/2021:23:03:02 +0200] "GET /invoices HTTP/1.1" 200 13596
::1 - - [30/Mar/2021:23:03:03 +0200] "GET /invoicesJSON?numberOfPage=0&numberOfRows=10&search= HTTP/1.1" 200 1575
::1 - - [30/Mar/2021:23:03:51 +0200] "GET /invoices HTTP/1.1" 200 13508
::1 - - [30/Mar/2021:23:03:51 +0200] "GET /invoicesJSON?numberOfPage=0&numberOfRows=10&search= HTTP/1.1" 200 1575
::1 - - [30/Mar/2021:23:04:20 +0200] "GET /invoices HTTP/1.1" 200 13508
::1 - - [30/Mar/2021:23:04:20 +0200] "GET /invoicesJSON?numberOfPage=0&numberOfRows=10&search= HTTP/1.1" 200 1334
::1 - - [30/Mar/2021:23:06:06 +0200] "GET /invoices HTTP/1.1" 200 13508
::1 - - [30/Mar/2021:23:06:06 +0200] "GET /invoicesJSON?numberOfPage=0&numberOfRows=10&search= HTTP/1.1" 200 1334
::1 - - [30/Mar/2021:23:06:07 +0200] "GET /invoices HTTP/1.1" 200 13508
::1 - - [30/Mar/2021:23:06:07 +0200] "GET /invoicesJSON?numberOfPage=0&numberOfRows=10&search= HTTP/1.1" 200 1334
::1 - - [30/Mar/2021:23:07:35 +0200] "GET /invoices HTTP/1.1" 200 13508
::1 - - [30/Mar/2021:23:07:35 +0200] "GET /assets/dist/js/WBISFrameworkScripts.js HTTP/1.1" 200 7541
::1 - - [30/Mar/2021:23:07:35 +0200] "GET /invoicesJSON?numberOfPage=0&numberOfRows=10&search= HTTP/1.1" 200 1334
::1 - - [30/Mar/2021:23:07:39 +0200] "GET /invoiceCreate HTTP/1.1" 200 15230
::1 - - [30/Mar/2021:23:07:46 +0200] "GET /invoices HTTP/1.1" 200 13508
::1 - - [30/Mar/2021:23:07:47 +0200] "GET /invoicesJSON?numberOfPage=0&numberOfRows=10&search= HTTP/1.1" 200 1334
::1 - - [30/Mar/2021:23:07:48 +0200] "GET /invoiceDetails?id=9 HTTP/1.1" 200 9529
::1 - - [30/Mar/2021:23:07:59 +0200] "GET /invoiceDetails?id=9 HTTP/1.1" 200 9326
::1 - - [30/Mar/2021:23:08:01 +0200] "GET /invoices HTTP/1.1" 200 13508
::1 - - [30/Mar/2021:23:08:01 +0200] "GET /assets/dist/js/WBISFrameworkScripts.js HTTP/1.1" 304 -
::1 - - [30/Mar/2021:23:08:01 +0200] "GET /invoicesJSON?numberOfPage=0&numberOfRows=10&search= HTTP/1.1" 200 1334
::1 - - [30/Mar/2021:23:08:34 +0200] "GET /invoices HTTP/1.1" 200 13508
::1 - - [30/Mar/2021:23:08:34 +0200] "GET /assets/dist/js/WBISFrameworkScripts.js HTTP/1.1" 304 -
::1 - - [30/Mar/2021:23:08:34 +0200] "GET /invoicesJSON?numberOfPage=0&numberOfRows=10&search= HTTP/1.1" 200 1334
::1 - - [30/Mar/2021:23:08:36 +0200] "GET /customerReports HTTP/1.1" 200 15970
::1 - - [30/Mar/2021:23:08:37 +0200] "GET /customersPerDay HTTP/1.1" 200 319
::1 - - [30/Mar/2021:23:08:37 +0200] "GET /customersActive HTTP/1.1" 200 95
::1 - - [30/Mar/2021:23:08:46 +0200] "GET /customers HTTP/1.1" 200 13566
::1 - - [30/Mar/2021:23:08:47 +0200] "GET /customersJSON?numberOfPage=0&numberOfRows=10&search= HTTP/1.1" 200 3495
::1 - - [30/Mar/2021:23:08:51 +0200] "GET /customerReports HTTP/1.1" 200 15970
::1 - - [30/Mar/2021:23:08:51 +0200] "GET /customersPerDay HTTP/1.1" 200 319
::1 - - [30/Mar/2021:23:08:51 +0200] "GET /customersActive HTTP/1.1" 200 95
::1 - - [30/Mar/2021:23:08:55 +0200] "GET /invoices HTTP/1.1" 200 13508
::1 - - [30/Mar/2021:23:08:55 +0200] "GET /invoicesJSON?numberOfPage=0&numberOfRows=10&search= HTTP/1.1" 200 1334
::1 - - [30/Mar/2021:23:09:07 +0200] "GET /invoiceCreate HTTP/1.1" 200 15224
::1 - - [30/Mar/2021:23:09:07 +0200] "GET /assets/dist/js/WBISFrameworkScripts.js HTTP/1.1" 304 -
::1 - - [30/Mar/2021:23:09:12 +0200] "GET /productsDropdown?id=ha HTTP/1.1" 200 507
::1 - - [30/Mar/2021:23:09:15 +0200] "POST /invoiceCreateProcess HTTP/1.1" 302 -
::1 - - [30/Mar/2021:23:09:15 +0200] "GET /invoiceCreate HTTP/1.1" 200 15393
::1 - - [30/Mar/2021:23:09:21 +0200] "GET /productsDropdown?id=ha HTTP/1.1" 200 507
::1 - - [30/Mar/2021:23:09:21 +0200] "GET /productsDropdown?id=har HTTP/1.1" 200 532
::1 - - [30/Mar/2021:23:09:23 +0200] "GET /productsDropdown?id=hari HTTP/1.1" 200 47
::1 - - [30/Mar/2021:23:09:27 +0200] "POST /invoiceCreateProcess HTTP/1.1" 302 -
::1 - - [30/Mar/2021:23:09:28 +0200] "GET /invoiceCreate HTTP/1.1" 200 15393
::1 - - [30/Mar/2021:23:09:29 +0200] "POST /invoiceCreateProcess HTTP/1.1" 200 942
::1 - - [30/Mar/2021:23:09:30 +0200] "GET /invoiceCreate HTTP/1.1" 200 15224
::1 - - [30/Mar/2021:23:09:33 +0200] "GET /invoices HTTP/1.1" 200 13508
::1 - - [30/Mar/2021:23:09:33 +0200] "GET /invoicesJSON?numberOfPage=0&numberOfRows=10&search= HTTP/1.1" 200 1334
::1 - - [30/Mar/2021:23:09:37 +0200] "GET /invoicesJSON?numberOfPage=1&numberOfRows=10&search= HTTP/1.1" 200 269
::1 - - [30/Mar/2021:23:10:50 +0200] "GET /invoiceCreate HTTP/1.1" 200 15224
::1 - - [30/Mar/2021:23:10:50 +0200] "GET /assets/dist/js/WBISFrameworkScripts.js HTTP/1.1" 304 -
::1 - - [30/Mar/2021:23:10:54 +0200] "GET /productsDropdown?id=ha HTTP/1.1" 200 507
::1 - - [30/Mar/2021:23:10:55 +0200] "GET /productsDropdown?id=har HTTP/1.1" 200 532
::1 - - [30/Mar/2021:23:10:59 +0200] "GET /productsDropdown?id=ha HTTP/1.1" 200 507
::1 - - [30/Mar/2021:23:11:00 +0200] "GET /productsDropdown?id=ana HTTP/1.1" 200 509
::1 - - [30/Mar/2021:23:11:11 +0200] "POST /invoiceCreateProcess HTTP/1.1" 302 -
::1 - - [30/Mar/2021:23:11:11 +0200] "GET /invoiceCreate HTTP/1.1" 200 15393
::1 - - [30/Mar/2021:23:11:13 +0200] "GET /invoices HTTP/1.1" 200 13508
::1 - - [30/Mar/2021:23:11:13 +0200] "GET /invoicesJSON?numberOfPage=0&numberOfRows=10&search= HTTP/1.1" 200 1334
::1 - - [30/Mar/2021:23:11:15 +0200] "GET /invoicesJSON?numberOfPage=1&numberOfRows=10&search= HTTP/1.1" 200 269
::1 - - [30/Mar/2021:23:12:00 +0200] "GET /invoices HTTP/1.1" 200 13508
::1 - - [30/Mar/2021:23:12:00 +0200] "GET /assets/dist/js/WBISFrameworkScripts.js HTTP/1.1" 304 -
::1 - - [30/Mar/2021:23:12:00 +0200] "GET /invoicesJSON?numberOfPage=0&numberOfRows=10&search= HTTP/1.1" 200 1334
::1 - - [30/Mar/2021:23:12:04 +0200] "GET /invoicesJSON?numberOfPage=1&numberOfRows=10&search= HTTP/1.1" 200 269
::1 - - [30/Mar/2021:23:13:32 +0200] "GET /invoices HTTP/1.1" 200 13508
::1 - - [30/Mar/2021:23:13:32 +0200] "GET /assets/dist/js/WBISFrameworkScripts.js HTTP/1.1" 304 -
::1 - - [30/Mar/2021:23:13:32 +0200] "GET /invoicesJSON?numberOfPage=0&numberOfRows=10&search= HTTP/1.1" 200 1334
::1 - - [30/Mar/2021:23:13:33 +0200] "GET /invoices HTTP/1.1" 200 13508
::1 - - [30/Mar/2021:23:13:33 +0200] "GET /invoicesJSON?numberOfPage=0&numberOfRows=10&search= HTTP/1.1" 200 1334
::1 - - [30/Mar/2021:23:13:35 +0200] "GET /invoiceCreate HTTP/1.1" 200 15224
::1 - - [30/Mar/2021:23:13:38 +0200] "GET /productsDropdown?id=ha HTTP/1.1" 200 507
::1 - - [30/Mar/2021:23:13:46 +0200] "POST /invoiceCreateProcess HTTP/1.1" 200 -
::1 - - [30/Mar/2021:23:13:49 +0200] "GET /invoiceCreate HTTP/1.1" 200 15224
::1 - - [30/Mar/2021:23:14:48 +0200] "GET /invoiceCreate HTTP/1.1" 200 15224
::1 - - [30/Mar/2021:23:14:48 +0200] "GET /assets/dist/js/WBISFrameworkScripts.js HTTP/1.1" 304 -
::1 - - [30/Mar/2021:23:14:49 +0200] "GET /invoices HTTP/1.1" 200 13508
::1 - - [30/Mar/2021:23:14:50 +0200] "GET /invoicesJSON?numberOfPage=0&numberOfRows=10&search= HTTP/1.1" 200 41
::1 - - [30/Mar/2021:23:14:54 +0200] "GET /invoices HTTP/1.1" 200 13508
::1 - - [30/Mar/2021:23:14:54 +0200] "GET /invoicesJSON?numberOfPage=0&numberOfRows=10&search= HTTP/1.1" 200 41
::1 - - [30/Mar/2021:23:16:04 +0200] "GET /invoices HTTP/1.1" 200 13508
::1 - - [30/Mar/2021:23:16:04 +0200] "GET /assets/dist/js/WBISFrameworkScripts.js HTTP/1.1" 304 -
::1 - - [30/Mar/2021:23:16:04 +0200] "GET /invoicesJSON?numberOfPage=0&numberOfRows=10&search= HTTP/1.1" 200 41
::1 - - [30/Mar/2021:23:16:05 +0200] "GET /invoices HTTP/1.1" 200 13508
::1 - - [30/Mar/2021:23:16:06 +0200] "GET /invoicesJSON?numberOfPage=0&numberOfRows=10&search= HTTP/1.1" 200 41
::1 - - [30/Mar/2021:23:16:06 +0200] "GET /invoices HTTP/1.1" 200 13508
::1 - - [30/Mar/2021:23:16:06 +0200] "GET /invoicesJSON?numberOfPage=0&numberOfRows=10&search= HTTP/1.1" 200 41
::1 - - [30/Mar/2021:23:16:19 +0200] "GET /invoices HTTP/1.1" 200 13508
::1 - - [30/Mar/2021:23:16:20 +0200] "GET /invoicesJSON?numberOfPage=0&numberOfRows=10&search= HTTP/1.1" 200 1334
::1 - - [30/Mar/2021:23:16:41 +0200] "GET /invoices HTTP/1.1" 200 13508
::1 - - [30/Mar/2021:23:16:41 +0200] "GET /invoicesJSON?numberOfPage=0&numberOfRows=10&search= HTTP/1.1" 200 1334
::1 - - [30/Mar/2021:23:16:41 +0200] "GET /invoices HTTP/1.1" 200 13508
::1 - - [30/Mar/2021:23:16:42 +0200] "GET /invoicesJSON?numberOfPage=0&numberOfRows=10&search= HTTP/1.1" 200 1334
::1 - - [30/Mar/2021:23:16:44 +0200] "GET /invoicesJSON?numberOfPage=1&numberOfRows=10&search= HTTP/1.1" 200 269
::1 - - [30/Mar/2021:23:16:54 +0200] "GET /invoiceDetails?id=19 HTTP/1.1" 200 9328
::1 - - [30/Mar/2021:23:16:59 +0200] "GET /invoices HTTP/1.1" 200 13508
::1 - - [30/Mar/2021:23:16:59 +0200] "GET /invoicesJSON?numberOfPage=0&numberOfRows=10&search= HTTP/1.1" 200 1334
::1 - - [30/Mar/2021:23:17:09 +0200] "GET /assets/plugins/bootstrap/js/bootstrap.bundle.min.js.map HTTP/1.1" 200 318045
::1 - - [30/Mar/2021:23:17:09 +0200] "GET /assets/dist/js/adminlte.min.js.map HTTP/1.1" 200 82896
::1 - - [30/Mar/2021:23:17:09 +0200] "GET /assets/plugins/select2/css/select2.bundle.css.map HTTP/1.1" 404 2009
::1 - - [30/Mar/2021:23:17:09 +0200] "GET /assets/dist/css/adminlte.min.css.map HTTP/1.1" 200 1483437
::1 - - [30/Mar/2021:23:17:15 +0200] "GET /invoices HTTP/1.1" 200 13508
::1 - - [30/Mar/2021:23:17:15 +0200] "GET /assets/plugins/fontawesome-free/css/all.min.css HTTP/1.1" 200 58578
::1 - - [30/Mar/2021:23:17:15 +0200] "GET /assets/dist/css/adminlte.min.css HTTP/1.1" 200 689674
::1 - - [30/Mar/2021:23:17:15 +0200] "GET /assets/plugins/sweetalert2-theme-bootstrap-4/bootstrap-4.min.css HTTP/1.1" 200 34949
::1 - - [30/Mar/2021:23:17:15 +0200] "GET /assets/plugins/select2/css/select2.bundle.css HTTP/1.1" 200 38640
::1 - - [30/Mar/2021:23:17:15 +0200] "GET /assets/plugins/select2-bootstrap4-theme/select2-bootstrap4.css HTTP/1.1" 200 6012
::1 - - [30/Mar/2021:23:17:15 +0200] "GET /assets/plugins/jquery/jquery.min.js HTTP/1.1" 200 88145
::1 - - [30/Mar/2021:23:17:15 +0200] "GET /assets/plugins/bootstrap/js/bootstrap.bundle.min.js HTTP/1.1" 200 80698
::1 - - [30/Mar/2021:23:17:15 +0200] "GET /assets/dist/js/adminlte.min.js HTTP/1.1" 200 25193
::1 - - [30/Mar/2021:23:17:15 +0200] "GET /assets/plugins/select2/js/select2.full.min.js HTTP/1.1" 200 79172
::1 - - [30/Mar/2021:23:17:15 +0200] "GET /assets/plugins/chart.js/Chart.min.js HTTP/1.1" 200 172812
::1 - - [30/Mar/2021:23:17:15 +0200] "GET /assets/plugins/sweetalert2/sweetalert2.min.js HTTP/1.1" 200 40832
::1 - - [30/Mar/2021:23:17:15 +0200] "GET /assets/dist/js/WBISFrameworkScripts.js HTTP/1.1" 200 7541
::1 - - [30/Mar/2021:23:17:15 +0200] "GET /assets/dist/img/invoiceWhite.png HTTP/1.1" 200 12726
::1 - - [30/Mar/2021:23:17:15 +0200] "GET /assets/dist/img/user2-160x160.jpg HTTP/1.1" 200 7070
::1 - - [30/Mar/2021:23:17:16 +0200] "GET /assets/plugins/fontawesome-free/webfonts/fa-solid-900.woff2 HTTP/1.1" 200 79444
::1 - - [30/Mar/2021:23:17:16 +0200] "GET /assets/dist/css/adminlte.min.css.map HTTP/1.1" 200 1483437
::1 - - [30/Mar/2021:23:17:16 +0200] "GET /assets/plugins/select2/css/select2.bundle.css.map HTTP/1.1" 404 2009
::1 - - [30/Mar/2021:23:17:16 +0200] "GET /invoicesJSON?numberOfPage=0&numberOfRows=10&search= HTTP/1.1" 200 1334
::1 - - [30/Mar/2021:23:17:16 +0200] "GET /assets/dist/js/adminlte.min.js.map HTTP/1.1" 200 82896
::1 - - [30/Mar/2021:23:17:16 +0200] "GET /assets/plugins/bootstrap/js/bootstrap.bundle.min.js.map HTTP/1.1" 200 318045
::1 - - [30/Mar/2021:23:17:18 +0200] "GET /invoicesJSON?numberOfPage=1&numberOfRows=10&search= HTTP/1.1" 200 269
::1 - - [30/Mar/2021:23:21:08 +0200] "GET /invoices HTTP/1.1" 200 13508
::1 - - [30/Mar/2021:23:21:08 +0200] "GET /assets/dist/js/WBISFrameworkScripts.js HTTP/1.1" 304 -
::1 - - [30/Mar/2021:23:21:09 +0200] "GET /invoicesJSON?numberOfPage=0&numberOfRows=10&search= HTTP/1.1" 200 1323
::1 - - [30/Mar/2021:23:21:09 +0200] "GET /invoices HTTP/1.1" 200 13508
::1 - - [30/Mar/2021:23:21:10 +0200] "GET /invoicesJSON?numberOfPage=0&numberOfRows=10&search= HTTP/1.1" 200 1323
::1 - - [30/Mar/2021:23:21:12 +0200] "GET /invoicesJSON?numberOfPage=1&numberOfRows=10&search= HTTP/1.1" 200 1337
::1 - - [30/Mar/2021:23:21:13 +0200] "GET /invoicesJSON?numberOfPage=2&numberOfRows=10&search= HTTP/1.1" 200 402
::1 - - [30/Mar/2021:23:21:18 +0200] "GET /invoiceDetails?id=21 HTTP/1.1" 200 9328
::1 - - [30/Mar/2021:23:21:19 +0200] "GET /invoices HTTP/1.1" 200 13508
::1 - - [30/Mar/2021:23:21:19 +0200] "GET /invoicesJSON?numberOfPage=0&numberOfRows=10&search= HTTP/1.1" 200 1323
::1 - - [30/Mar/2021:23:21:20 +0200] "GET /invoicesJSON?numberOfPage=1&numberOfRows=10&search= HTTP/1.1" 200 1337
::1 - - [30/Mar/2021:23:21:23 +0200] "GET /invoicesJSON?numberOfPage=2&numberOfRows=10&search= HTTP/1.1" 200 402
::1 - - [30/Mar/2021:23:21:37 +0200] "GET /invoiceCreate HTTP/1.1" 200 15224
::1 - - [30/Mar/2021:23:21:39 +0200] "GET /productsDropdown?id=har HTTP/1.1" 200 532
::1 - - [30/Mar/2021:23:21:51 +0200] "POST /invoiceCreateProcess HTTP/1.1" 302 -
::1 - - [30/Mar/2021:23:21:51 +0200] "GET /invoiceCreate HTTP/1.1" 200 15393
::1 - - [30/Mar/2021:23:21:53 +0200] "GET /invoices HTTP/1.1" 200 13508
::1 - - [30/Mar/2021:23:21:53 +0200] "GET /invoices HTTP/1.1" 200 13508
::1 - - [30/Mar/2021:23:21:53 +0200] "GET /invoicesJSON?numberOfPage=0&numberOfRows=10&search= HTTP/1.1" 200 1323
::1 - - [30/Mar/2021:23:21:55 +0200] "GET /invoicesJSON?numberOfPage=1&numberOfRows=10&search= HTTP/1.1" 200 1337
::1 - - [30/Mar/2021:23:21:56 +0200] "GET /invoicesJSON?numberOfPage=2&numberOfRows=10&search= HTTP/1.1" 200 536
::1 - - [30/Mar/2021:23:22:01 +0200] "GET /invoiceDetails?id=24 HTTP/1.1" 200 9328
::1 - - [30/Mar/2021:23:22:08 +0200] "GET /invoices HTTP/1.1" 200 13508
::1 - - [30/Mar/2021:23:22:08 +0200] "GET /invoicesJSON?numberOfPage=0&numberOfRows=10&search= HTTP/1.1" 200 1323
::1 - - [30/Mar/2021:23:23:02 +0200] "GET /home HTTP/1.1" 200 8832
::1 - - [30/Mar/2021:23:23:03 +0200] "GET /profile HTTP/1.1" 200 11962
::1 - - [30/Mar/2021:23:23:05 +0200] "GET /invoices HTTP/1.1" 200 13508
::1 - - [30/Mar/2021:23:23:05 +0200] "GET /assets/dist/js/WBISFrameworkScripts.js HTTP/1.1" 304 -
::1 - - [30/Mar/2021:23:23:05 +0200] "GET /invoicesJSON?numberOfPage=0&numberOfRows=10&search= HTTP/1.1" 200 1323
::1 - - [30/Mar/2021:23:23:09 +0200] "GET /products HTTP/1.1" 200 13473
::1 - - [30/Mar/2021:23:23:09 +0200] "GET /productsJSON?numberOfPage=0&numberOfRows=10&search= HTTP/1.1" 200 2605
::1 - - [30/Mar/2021:23:23:11 +0200] "GET /productCreate HTTP/1.1" 200 11635
::1 - - [30/Mar/2021:23:23:14 +0200] "GET /products HTTP/1.1" 200 13473
::1 - - [30/Mar/2021:23:23:14 +0200] "GET /productsJSON?numberOfPage=0&numberOfRows=10&search= HTTP/1.1" 200 2605
::1 - - [30/Mar/2021:23:23:17 +0200] "GET /productCreate HTTP/1.1" 200 11635
::1 - - [30/Mar/2021:23:23:18 +0200] "POST /productCreateProcess HTTP/1.1" 302 -
::1 - - [30/Mar/2021:23:23:18 +0200] "GET /productCreate HTTP/1.1" 200 12210
::1 - - [30/Mar/2021:23:23:19 +0200] "GET /products HTTP/1.1" 200 13473
::1 - - [30/Mar/2021:23:23:19 +0200] "GET /productsJSON?numberOfPage=0&numberOfRows=10&search= HTTP/1.1" 200 2605
::1 - - [30/Mar/2021:23:23:21 +0200] "GET /customers HTTP/1.1" 200 13566
::1 - - [30/Mar/2021:23:23:21 +0200] "GET /customersJSON?numberOfPage=0&numberOfRows=10&search= HTTP/1.1" 200 3495
::1 - - [30/Mar/2021:23:23:22 +0200] "GET /customersJSON?numberOfPage=1&numberOfRows=10&search= HTTP/1.1" 200 3376
::1 - - [30/Mar/2021:23:23:24 +0200] "GET /customerCreate HTTP/1.1" 200 11983
::1 - - [30/Mar/2021:23:23:28 +0200] "POST /customerCreateProcess HTTP/1.1" 302 -
::1 - - [30/Mar/2021:23:23:28 +0200] "GET /customerCreate HTTP/1.1" 200 12062
::1 - - [30/Mar/2021:23:23:50 +0200] "POST /customerCreateProcess HTTP/1.1" 302 -
::1 - - [30/Mar/2021:23:23:50 +0200] "GET /customerCreate HTTP/1.1" 200 12448
::1 - - [30/Mar/2021:23:23:51 +0200] "GET /customers HTTP/1.1" 200 13566
::1 - - [30/Mar/2021:23:23:51 +0200] "GET /customersJSON?numberOfPage=0&numberOfRows=10&search= HTTP/1.1" 200 3495
::1 - - [30/Mar/2021:23:24:05 +0200] "GET /customersJSON?numberOfPage=1&numberOfRows=10&search= HTTP/1.1" 200 3376
::1 - - [30/Mar/2021:23:24:07 +0200] "GET /customersJSON?numberOfPage=0&numberOfRows=100&search= HTTP/1.1" 200 31907
::1 - - [30/Mar/2021:23:24:11 +0200] "GET /customersJSON?numberOfPage=0&numberOfRows=100&search= HTTP/1.1" 200 31907
::1 - - [30/Mar/2021:23:24:14 +0200] "GET /customersJSON?numberOfPage=1&numberOfRows=100&search= HTTP/1.1" 200 31474
::1 - - [30/Mar/2021:23:24:17 +0200] "GET /customersJSON?numberOfPage=2&numberOfRows=100&search= HTTP/1.1" 200 32011
::1 - - [30/Mar/2021:23:24:20 +0200] "GET /customersJSON?numberOfPage=3&numberOfRows=100&search= HTTP/1.1" 200 1480
::1 - - [30/Mar/2021:23:24:26 +0200] "GET /customerReports HTTP/1.1" 200 15970
::1 - - [30/Mar/2021:23:24:26 +0200] "GET /customersPerDay HTTP/1.1" 200 319
::1 - - [30/Mar/2021:23:24:26 +0200] "GET /customersActive HTTP/1.1" 200 95
::1 - - [30/Mar/2021:23:24:31 +0200] "GET /invoices HTTP/1.1" 200 13508
::1 - - [30/Mar/2021:23:24:32 +0200] "GET /invoicesJSON?numberOfPage=0&numberOfRows=10&search= HTTP/1.1" 200 1323
::1 - - [30/Mar/2021:23:24:33 +0200] "GET /invoices HTTP/1.1" 200 13508
::1 - - [30/Mar/2021:23:24:33 +0200] "GET /invoicesJSON?numberOfPage=0&numberOfRows=10&search= HTTP/1.1" 200 1323
::1 - - [30/Mar/2021:23:24:50 +0200] "GET /invoices HTTP/1.1" 200 13508
::1 - - [30/Mar/2021:23:24:51 +0200] "GET /invoicesJSON?numberOfPage=0&numberOfRows=10&search= HTTP/1.1" 200 1323
::1 - - [30/Mar/2021:23:24:55 +0200] "GET /invoices HTTP/1.1" 200 13508
::1 - - [30/Mar/2021:23:24:55 +0200] "GET /invoicesJSON?numberOfPage=0&numberOfRows=10&search= HTTP/1.1" 200 1323
::1 - - [30/Mar/2021:23:25:00 +0200] "GET /invoices HTTP/1.1" 200 13508
::1 - - [30/Mar/2021:23:25:00 +0200] "GET /invoicesJSON?numberOfPage=0&numberOfRows=10&search= HTTP/1.1" 200 1323
::1 - - [30/Mar/2021:23:25:36 +0200] "GET /invoices HTTP/1.1" 200 13508
::1 - - [30/Mar/2021:23:25:36 +0200] "GET /assets/dist/js/WBISFrameworkScripts.js HTTP/1.1" 304 -
::1 - - [30/Mar/2021:23:25:37 +0200] "GET /invoicesJSON?numberOfPage=0&numberOfRows=10&search= HTTP/1.1" 200 1323
::1 - - [30/Mar/2021:23:25:37 +0200] "GET /invoices HTTP/1.1" 200 13508
::1 - - [30/Mar/2021:23:25:37 +0200] "GET /invoicesJSON?numberOfPage=0&numberOfRows=10&search= HTTP/1.1" 200 1323
::1 - - [30/Mar/2021:23:25:38 +0200] "GET /invoices HTTP/1.1" 200 13508
::1 - - [30/Mar/2021:23:25:38 +0200] "GET /invoicesJSON?numberOfPage=0&numberOfRows=10&search= HTTP/1.1" 200 1323
::1 - - [30/Mar/2021:23:25:39 +0200] "GET /invoicesJSON?numberOfPage=1&numberOfRows=10&search= HTTP/1.1" 200 1337
::1 - - [30/Mar/2021:23:25:40 +0200] "GET /invoicesJSON?numberOfPage=2&numberOfRows=10&search= HTTP/1.1" 200 536
::1 - - [30/Mar/2021:23:25:43 +0200] "GET /invoiceCreate HTTP/1.1" 200 15224
::1 - - [30/Mar/2021:23:25:47 +0200] "GET /productsDropdown?id=ha HTTP/1.1" 200 507
::1 - - [30/Mar/2021:23:25:48 +0200] "GET /productsDropdown?id=har HTTP/1.1" 200 532
::1 - - [30/Mar/2021:23:25:52 +0200] "POST /invoiceCreateProcess HTTP/1.1" 200 -
::1 - - [30/Mar/2021:23:25:54 +0200] "GET /invoiceCreate HTTP/1.1" 200 15224
::1 - - [30/Mar/2021:23:26:02 +0200] "GET /productsDropdown?id=ha HTTP/1.1" 200 507
::1 - - [30/Mar/2021:23:26:03 +0200] "GET /productsDropdown?id=har HTTP/1.1" 200 532
::1 - - [30/Mar/2021:23:26:07 +0200] "POST /invoiceCreateProcess HTTP/1.1" 200 -
::1 - - [30/Mar/2021:23:26:08 +0200] "GET /invoiceCreate HTTP/1.1" 200 15224
::1 - - [30/Mar/2021:23:26:12 +0200] "POST /invoiceCreateProcess HTTP/1.1" 200 942
::1 - - [30/Mar/2021:23:26:14 +0200] "GET /invoiceCreate HTTP/1.1" 200 15224
::1 - - [30/Mar/2021:23:26:55 +0200] "GET /invoiceCreate HTTP/1.1" 200 15224
::1 - - [30/Mar/2021:23:26:57 +0200] "GET /productsDropdown?id=nf HTTP/1.1" 200 2
::1 - - [30/Mar/2021:23:26:58 +0200] "GET /productsDropdown?id=nfe HTTP/1.1" 200 2
::1 - - [30/Mar/2021:23:26:59 +0200] "GET /productsDropdown?id=nf HTTP/1.1" 200 2
::1 - - [30/Mar/2021:23:26:59 +0200] "GET /productsDropdown?id=ned HTTP/1.1" 200 48
::1 - - [30/Mar/2021:23:27:03 +0200] "POST /invoiceCreateProcess HTTP/1.1" 302 -
::1 - - [30/Mar/2021:23:27:03 +0200] "GET /invoiceCreate HTTP/1.1" 200 15393
::1 - - [30/Mar/2021:23:27:05 +0200] "GET /invoices HTTP/1.1" 200 13508
::1 - - [30/Mar/2021:23:27:05 +0200] "GET /invoicesJSON?numberOfPage=0&numberOfRows=10&search= HTTP/1.1" 200 1323
::1 - - [30/Mar/2021:23:27:07 +0200] "GET /invoicesJSON?numberOfPage=1&numberOfRows=10&search= HTTP/1.1" 200 1337
::1 - - [30/Mar/2021:23:27:09 +0200] "GET /invoiceCreate HTTP/1.1" 200 15224
::1 - - [30/Mar/2021:23:27:53 +0200] "GET /invoiceCreate HTTP/1.1" 200 15224
::1 - - [30/Mar/2021:23:27:53 +0200] "GET /assets/dist/js/WBISFrameworkScripts.js HTTP/1.1" 304 -
::1 - - [30/Mar/2021:23:27:55 +0200] "GET /productsDropdown?id=har HTTP/1.1" 200 532
::1 - - [30/Mar/2021:23:27:58 +0200] "POST /invoiceCreateProcess HTTP/1.1" 200 -
::1 - - [30/Mar/2021:23:28:00 +0200] "GET /invoiceCreate HTTP/1.1" 200 15224
::1 - - [30/Mar/2021:23:28:37 +0200] "GET /invoiceCreate HTTP/1.1" 200 15224
::1 - - [30/Mar/2021:23:28:39 +0200] "GET /productsDropdown?id=ha HTTP/1.1" 200 507
::1 - - [30/Mar/2021:23:28:40 +0200] "GET /productsDropdown?id=har HTTP/1.1" 200 532
::1 - - [30/Mar/2021:23:28:43 +0200] "POST /invoiceCreateProcess HTTP/1.1" 200 970
::1 - - [30/Mar/2021:23:28:45 +0200] "GET /invoiceCreate HTTP/1.1" 200 15224
::1 - - [30/Mar/2021:23:29:25 +0200] "GET /invoiceCreate HTTP/1.1" 200 15224
::1 - - [30/Mar/2021:23:29:27 +0200] "GET /productsDropdown?id=har HTTP/1.1" 200 532
::1 - - [30/Mar/2021:23:29:29 +0200] "POST /invoiceCreateProcess HTTP/1.1" 200 937
::1 - - [30/Mar/2021:23:31:10 +0200] "GET /invoiceCreate HTTP/1.1" 200 15224
::1 - - [30/Mar/2021:23:31:13 +0200] "GET /productsDropdown?id=ha HTTP/1.1" 200 507
::1 - - [30/Mar/2021:23:31:14 +0200] "POST /invoiceCreateProcess HTTP/1.1" 302 -
::1 - - [30/Mar/2021:23:31:14 +0200] "GET /invoiceCreate HTTP/1.1" 200 15393
::1 - - [30/Mar/2021:23:31:14 +0200] "GET /assets/dist/js/WBISFrameworkScripts.js HTTP/1.1" 304 -
::1 - - [30/Mar/2021:23:31:16 +0200] "GET /invoices HTTP/1.1" 200 13508
::1 - - [30/Mar/2021:23:31:16 +0200] "GET /invoicesJSON?numberOfPage=0&numberOfRows=10&search= HTTP/1.1" 200 1323
::1 - - [30/Mar/2021:23:31:17 +0200] "GET /invoicesJSON?numberOfPage=1&numberOfRows=10&search= HTTP/1.1" 200 1337
::1 - - [30/Mar/2021:23:31:18 +0200] "GET /invoicesJSON?numberOfPage=2&numberOfRows=10&search= HTTP/1.1" 200 801
::1 - - [30/Mar/2021:23:31:22 +0200] "GET /invoiceDetails?id=26 HTTP/1.1" 200 9328
::1 - - [30/Mar/2021:23:31:59 +0200] "GET /invoices HTTP/1.1" 200 13508
::1 - - [30/Mar/2021:23:31:59 +0200] "GET /invoicesJSON?numberOfPage=0&numberOfRows=10&search= HTTP/1.1" 200 1323
::1 - - [30/Mar/2021:23:32:02 +0200] "GET /invoiceDetails?id=10 HTTP/1.1" 200 9327
::1 - - [30/Mar/2021:23:32:26 +0200] "GET /invoices HTTP/1.1" 200 13508
::1 - - [30/Mar/2021:23:32:26 +0200] "GET /invoicesJSON?numberOfPage=0&numberOfRows=10&search= HTTP/1.1" 200 1323
::1 - - [30/Mar/2021:23:32:30 +0200] "GET /invoiceDetails?id=10 HTTP/1.1" 200 9327
::1 - - [30/Mar/2021:23:33:03 +0200] "GET /invoices HTTP/1.1" 200 13508
::1 - - [30/Mar/2021:23:33:03 +0200] "GET /invoicesJSON?numberOfPage=0&numberOfRows=10&search= HTTP/1.1" 200 1323
::1 - - [30/Mar/2021:23:33:47 +0200] "GET /invoiceCreate HTTP/1.1" 200 15224
::1 - - [30/Mar/2021:23:33:48 +0200] "GET /products HTTP/1.1" 200 13473
::1 - - [30/Mar/2021:23:33:48 +0200] "GET /productsJSON?numberOfPage=0&numberOfRows=10&search= HTTP/1.1" 200 2605
::1 - - [30/Mar/2021:23:33:49 +0200] "GET /productCreate HTTP/1.1" 200 11635
::1 - - [30/Mar/2021:23:33:51 +0200] "GET /customers HTTP/1.1" 200 13566
::1 - - [30/Mar/2021:23:33:51 +0200] "GET /customersJSON?numberOfPage=0&numberOfRows=10&search= HTTP/1.1" 200 3495
::1 - - [30/Mar/2021:23:33:52 +0200] "GET /customerDetails?id=3 HTTP/1.1" 200 9878
::1 - - [30/Mar/2021:23:33:55 +0200] "GET /customerReports HTTP/1.1" 200 15970
::1 - - [30/Mar/2021:23:33:55 +0200] "GET /customersPerDay HTTP/1.1" 200 319
::1 - - [30/Mar/2021:23:33:55 +0200] "GET /customersActive HTTP/1.1" 200 95
::1 - - [30/Mar/2021:23:33:59 +0200] "GET /home HTTP/1.1" 200 8832
::1 - - [30/Mar/2021:23:34:00 +0200] "GET /profile HTTP/1.1" 200 11962
::1 - - [30/Mar/2021:23:34:02 +0200] "GET /invoices HTTP/1.1" 200 13508
::1 - - [30/Mar/2021:23:34:02 +0200] "GET /assets/dist/js/WBISFrameworkScripts.js HTTP/1.1" 304 -
::1 - - [30/Mar/2021:23:34:02 +0200] "GET /invoicesJSON?numberOfPage=0&numberOfRows=10&search= HTTP/1.1" 200 1323
::1 - - [30/Mar/2021:23:34:03 +0200] "GET /home HTTP/1.1" 200 8832
::1 - - [30/Mar/2021:23:34:04 +0200] "GET /profile HTTP/1.1" 200 11962
::1 - - [30/Mar/2021:23:34:13 +0200] "GET /invoices HTTP/1.1" 200 13508
::1 - - [30/Mar/2021:23:34:13 +0200] "GET /invoicesJSON?numberOfPage=0&numberOfRows=10&search= HTTP/1.1" 200 1323
::1 - - [30/Mar/2021:23:35:06 +0200] "GET /invoices HTTP/1.1" 200 13508
::1 - - [30/Mar/2021:23:35:06 +0200] "GET /invoicesJSON?numberOfPage=0&numberOfRows=10&search= HTTP/1.1" 200 1323
::1 - - [30/Mar/2021:23:35:07 +0200] "GET /profile HTTP/1.1" 200 11962
::1 - - [30/Mar/2021:23:35:10 +0200] "GET /invoices HTTP/1.1" 200 13508
::1 - - [30/Mar/2021:23:35:10 +0200] "GET /invoicesJSON?numberOfPage=0&numberOfRows=10&search= HTTP/1.1" 200 1323
::1 - - [30/Mar/2021:23:35:11 +0200] "GET /products HTTP/1.1" 302 13473
::1 - - [30/Mar/2021:23:35:11 +0200] "GET /login HTTP/1.1" 302 2712
::1 - - [30/Mar/2021:23:35:11 +0200] "GET /accessDenied HTTP/1.1" 200 1988
::1 - - [30/Mar/2021:23:35:12 +0200] "GET / HTTP/1.1" 200 8832
::1 - - [30/Mar/2021:23:35:13 +0200] "GET /customers HTTP/1.1" 302 13566
::1 - - [30/Mar/2021:23:35:13 +0200] "GET /login HTTP/1.1" 302 2712
::1 - - [30/Mar/2021:23:35:13 +0200] "GET /accessDenied HTTP/1.1" 200 1988
::1 - - [30/Mar/2021:23:35:14 +0200] "GET / HTTP/1.1" 200 8832
::1 - - [30/Mar/2021:23:35:16 +0200] "GET /customerReports HTTP/1.1" 302 15970
::1 - - [30/Mar/2021:23:35:16 +0200] "GET /login HTTP/1.1" 302 2712
::1 - - [30/Mar/2021:23:35:16 +0200] "GET /accessDenied HTTP/1.1" 200 1988
::1 - - [30/Mar/2021:23:35:17 +0200] "GET / HTTP/1.1" 200 8832
::1 - - [30/Mar/2021:23:35:19 +0200] "GET /invoices HTTP/1.1" 200 13508
::1 - - [30/Mar/2021:23:35:19 +0200] "GET /invoicesJSON?numberOfPage=0&numberOfRows=10&search= HTTP/1.1" 200 1323
::1 - - [30/Mar/2021:23:35:21 +0200] "GET /invoiceCreate HTTP/1.1" 200 15224
::1 - - [30/Mar/2021:23:35:24 +0200] "GET /productsDropdown?id=ha HTTP/1.1" 302 507
::1 - - [30/Mar/2021:23:35:24 +0200] "GET /login HTTP/1.1" 302 2712
::1 - - [30/Mar/2021:23:35:24 +0200] "GET /accessDenied HTTP/1.1" 200 1988
::1 - - [30/Mar/2021:23:35:25 +0200] "GET /productsDropdown?id=har HTTP/1.1" 302 532
::1 - - [30/Mar/2021:23:35:25 +0200] "GET /login HTTP/1.1" 302 2712
::1 - - [30/Mar/2021:23:35:25 +0200] "GET /accessDenied HTTP/1.1" 200 1988
::1 - - [30/Mar/2021:23:35:35 +0200] "GET /productsDropdown?id=har HTTP/1.1" 302 532
::1 - - [30/Mar/2021:23:35:35 +0200] "GET /login HTTP/1.1" 302 2712
::1 - - [30/Mar/2021:23:35:35 +0200] "GET /accessDenied HTTP/1.1" 200 1988
::1 - - [30/Mar/2021:23:35:35 +0200] "GET /productsDropdown?id=hari HTTP/1.1" 302 47
::1 - - [30/Mar/2021:23:35:35 +0200] "GET /login HTTP/1.1" 302 2712
::1 - - [30/Mar/2021:23:35:35 +0200] "GET /accessDenied HTTP/1.1" 200 1988
::1 - - [30/Mar/2021:23:35:58 +0200] "GET /invoices HTTP/1.1" 200 13508
::1 - - [30/Mar/2021:23:35:58 +0200] "GET /invoicesJSON?numberOfPage=0&numberOfRows=10&search= HTTP/1.1" 200 1323
::1 - - [30/Mar/2021:23:36:00 +0200] "GET /invoiceCreate HTTP/1.1" 200 15224
::1 - - [30/Mar/2021:23:36:04 +0200] "GET /products HTTP/1.1" 302 13473
::1 - - [30/Mar/2021:23:36:04 +0200] "GET /login HTTP/1.1" 302 2712
::1 - - [30/Mar/2021:23:36:04 +0200] "GET /accessDenied HTTP/1.1" 200 1988
::1 - - [30/Mar/2021:23:36:05 +0200] "GET /invoiceCreate HTTP/1.1" 200 15224
::1 - - [30/Mar/2021:23:36:25 +0200] "GET /invoices HTTP/1.1" 200 13508
::1 - - [30/Mar/2021:23:36:25 +0200] "GET /invoicesJSON?numberOfPage=0&numberOfRows=10&search= HTTP/1.1" 200 1323
::1 - - [30/Mar/2021:23:36:33 +0200] "GET /invoiceCreate HTTP/1.1" 200 15224
::1 - - [30/Mar/2021:23:36:49 +0200] "GET /products HTTP/1.1" 302 13473
::1 - - [30/Mar/2021:23:36:49 +0200] "GET /login HTTP/1.1" 302 2712
::1 - - [30/Mar/2021:23:36:49 +0200] "GET /accessDenied HTTP/1.1" 200 1988
::1 - - [30/Mar/2021:23:36:50 +0200] "GET / HTTP/1.1" 200 8832
::1 - - [30/Mar/2021:23:37:22 +0200] "GET / HTTP/1.1" 200 8832
::1 - - [30/Mar/2021:23:37:23 +0200] "GET /profile HTTP/1.1" 200 11962
::1 - - [30/Mar/2021:23:37:25 +0200] "GET /invoices HTTP/1.1" 200 13508
::1 - - [30/Mar/2021:23:37:25 +0200] "GET /assets/dist/js/WBISFrameworkScripts.js HTTP/1.1" 304 -
::1 - - [30/Mar/2021:23:37:25 +0200] "GET /invoicesJSON?numberOfPage=0&numberOfRows=10&search= HTTP/1.1" 200 1323
::1 - - [30/Mar/2021:23:37:26 +0200] "GET /products HTTP/1.1" 200 13473
::1 - - [30/Mar/2021:23:37:27 +0200] "GET /productsJSON?numberOfPage=0&numberOfRows=10&search= HTTP/1.1" 200 2605
::1 - - [30/Mar/2021:23:37:35 +0200] "GET /invoices HTTP/1.1" 200 13508
::1 - - [30/Mar/2021:23:37:35 +0200] "GET /invoicesJSON?numberOfPage=0&numberOfRows=10&search= HTTP/1.1" 200 1323
::1 - - [30/Mar/2021:23:37:38 +0200] "GET /customers HTTP/1.1" 302 13566
::1 - - [30/Mar/2021:23:37:38 +0200] "GET /login HTTP/1.1" 302 2712
::1 - - [30/Mar/2021:23:37:38 +0200] "GET /accessDenied HTTP/1.1" 200 1988
::1 - - [30/Mar/2021:23:37:39 +0200] "GET /invoices HTTP/1.1" 200 13508
::1 - - [30/Mar/2021:23:37:40 +0200] "GET /invoicesJSON?numberOfPage=0&numberOfRows=10&search= HTTP/1.1" 200 1323
::1 - - [30/Mar/2021:23:37:41 +0200] "GET /invoices HTTP/1.1" 200 13508
::1 - - [30/Mar/2021:23:37:41 +0200] "GET /invoicesJSON?numberOfPage=0&numberOfRows=10&search= HTTP/1.1" 200 1323
::1 - - [30/Mar/2021:23:37:45 +0200] "GET /products HTTP/1.1" 200 13473
::1 - - [30/Mar/2021:23:37:46 +0200] "GET /productsJSON?numberOfPage=0&numberOfRows=10&search= HTTP/1.1" 200 2605
::1 - - [30/Mar/2021:23:37:47 +0200] "GET /invoices HTTP/1.1" 200 13508
::1 - - [30/Mar/2021:23:37:47 +0200] "GET /invoicesJSON?numberOfPage=0&numberOfRows=10&search= HTTP/1.1" 200 1323
::1 - - [30/Mar/2021:23:38:22 +0200] "GET /invoiceCreate HTTP/1.1" 200 15224
::1 - - [30/Mar/2021:23:38:26 +0200] "GET /productsDropdown?id=har HTTP/1.1" 200 532
::1 - - [30/Mar/2021:23:38:28 +0200] "POST /invoiceCreateProcess HTTP/1.1" 200 -
::1 - - [30/Mar/2021:23:38:29 +0200] "GET /invoiceCreate HTTP/1.1" 200 15224
::1 - - [30/Mar/2021:23:38:31 +0200] "GET /productsDropdown?id=har HTTP/1.1" 200 532
::1 - - [30/Mar/2021:23:38:34 +0200] "POST /invoiceCreateProcess HTTP/1.1" 302 -
::1 - - [30/Mar/2021:23:38:34 +0200] "GET /invoiceCreate HTTP/1.1" 200 15393
::1 - - [30/Mar/2021:23:38:36 +0200] "GET /invoices HTTP/1.1" 200 13508
::1 - - [30/Mar/2021:23:38:36 +0200] "GET /invoicesJSON?numberOfPage=0&numberOfRows=10&search= HTTP/1.1" 200 1323
::1 - - [30/Mar/2021:23:38:40 +0200] "GET /invoicesJSON?numberOfPage=1&numberOfRows=10&search= HTTP/1.1" 200 1337
::1 - - [30/Mar/2021:23:38:41 +0200] "GET /invoicesJSON?numberOfPage=2&numberOfRows=10&search= HTTP/1.1" 200 1066
::1 - - [30/Mar/2021:23:39:19 +0200] "GET /invoices HTTP/1.1" 200 13508
::1 - - [30/Mar/2021:23:39:20 +0200] "GET /invoicesJSON?numberOfPage=0&numberOfRows=10&search= HTTP/1.1" 200 1323
::1 - - [30/Mar/2021:23:39:25 +0200] "GET /invoiceCreate HTTP/1.1" 200 15224
::1 - - [30/Mar/2021:23:39:26 +0200] "GET /invoices HTTP/1.1" 200 13508
::1 - - [30/Mar/2021:23:39:26 +0200] "GET /invoicesJSON?numberOfPage=0&numberOfRows=10&search= HTTP/1.1" 200 1323
::1 - - [30/Mar/2021:23:39:35 +0200] "GET /products HTTP/1.1" 200 13473
::1 - - [30/Mar/2021:23:39:35 +0200] "GET /productsJSON?numberOfPage=0&numberOfRows=10&search= HTTP/1.1" 200 2605
::1 - - [30/Mar/2021:23:39:38 +0200] "GET /invoices HTTP/1.1" 200 13508
::1 - - [30/Mar/2021:23:39:38 +0200] "GET /invoicesJSON?numberOfPage=0&numberOfRows=10&search= HTTP/1.1" 200 1323
::1 - - [30/Mar/2021:23:39:39 +0200] "GET /products HTTP/1.1" 200 13473
::1 - - [30/Mar/2021:23:39:39 +0200] "GET /productsJSON?numberOfPage=0&numberOfRows=10&search= HTTP/1.1" 200 2605
::1 - - [30/Mar/2021:23:39:48 +0200] "GET /products HTTP/1.1" 200 13473
::1 - - [30/Mar/2021:23:39:49 +0200] "GET /productsJSON?numberOfPage=0&numberOfRows=10&search= HTTP/1.1" 200 2605
::1 - - [30/Mar/2021:23:40:18 +0200] "GET /invoices HTTP/1.1" 200 13508
::1 - - [30/Mar/2021:23:40:18 +0200] "GET /invoicesJSON?numberOfPage=0&numberOfRows=10&search= HTTP/1.1" 200 1323
::1 - - [30/Mar/2021:23:40:32 +0200] "GET /customers HTTP/1.1" 302 13566
::1 - - [30/Mar/2021:23:40:32 +0200] "GET /login HTTP/1.1" 302 2712
::1 - - [30/Mar/2021:23:40:32 +0200] "GET /accessDenied HTTP/1.1" 200 1988
::1 - - [30/Mar/2021:23:40:33 +0200] "GET /invoices HTTP/1.1" 200 13508
::1 - - [30/Mar/2021:23:40:34 +0200] "GET /invoicesJSON?numberOfPage=0&numberOfRows=10&search= HTTP/1.1" 200 1323
::1 - - [30/Mar/2021:23:40:43 +0200] "GET /products HTTP/1.1" 200 13473
::1 - - [30/Mar/2021:23:40:43 +0200] "GET /productsJSON?numberOfPage=0&numberOfRows=10&search= HTTP/1.1" 200 2605
::1 - - [30/Mar/2021:23:40:45 +0200] "GET /productCreate HTTP/1.1" 200 11635
::1 - - [30/Mar/2021:23:40:49 +0200] "GET /products HTTP/1.1" 200 13473
::1 - - [30/Mar/2021:23:40:49 +0200] "GET /assets/dist/js/WBISFrameworkScripts.js HTTP/1.1" 304 -
::1 - - [30/Mar/2021:23:40:50 +0200] "GET /productsJSON?numberOfPage=0&numberOfRows=10&search= HTTP/1.1" 200 2605
::1 - - [30/Mar/2021:23:41:21 +0200] "GET /invoices HTTP/1.1" 200 13508
::1 - - [30/Mar/2021:23:41:21 +0200] "GET /invoicesJSON?numberOfPage=0&numberOfRows=10&search= HTTP/1.1" 200 1323
::1 - - [30/Mar/2021:23:42:38 +0200] "GET /invoiceCreate HTTP/1.1" 200 15224
::1 - - [30/Mar/2021:23:42:44 +0200] "POST /invoiceCreateProcess HTTP/1.1" 200 942
::1 - - [30/Mar/2021:23:42:46 +0200] "GET /invoiceCreate HTTP/1.1" 200 15224
::1 - - [30/Mar/2021:23:43:01 +0200] "GET /invoices HTTP/1.1" 200 13508
::1 - - [30/Mar/2021:23:43:01 +0200] "GET /invoicesJSON?numberOfPage=0&numberOfRows=10&search= HTTP/1.1" 200 1323
::1 - - [30/Mar/2021:23:43:02 +0200] "GET /invoiceCreate HTTP/1.1" 200 15224
::1 - - [30/Mar/2021:23:43:04 +0200] "POST /invoiceCreateProcess HTTP/1.1" 200 942
::1 - - [30/Mar/2021:23:43:05 +0200] "GET /invoiceCreate HTTP/1.1" 200 15224
::1 - - [30/Mar/2021:23:43:10 +0200] "GET /invoices HTTP/1.1" 200 13508
::1 - - [30/Mar/2021:23:43:10 +0200] "GET /invoicesJSON?numberOfPage=0&numberOfRows=10&search= HTTP/1.1" 200 1323
::1 - - [30/Mar/2021:23:43:47 +0200] "GET /products HTTP/1.1" 200 13473
::1 - - [30/Mar/2021:23:43:47 +0200] "GET /productsJSON?numberOfPage=0&numberOfRows=10&search= HTTP/1.1" 200 2605
::1 - - [30/Mar/2021:23:44:02 +0200] "GET /products HTTP/1.1" 200 13473
::1 - - [30/Mar/2021:23:44:02 +0200] "GET /productsJSON?numberOfPage=0&numberOfRows=10&search= HTTP/1.1" 200 2605
::1 - - [30/Mar/2021:23:44:41 +0200] "GET /profile HTTP/1.1" 200 11962
::1 - - [30/Mar/2021:23:44:42 +0200] "GET /invoices HTTP/1.1" 200 13508
::1 - - [30/Mar/2021:23:44:42 +0200] "GET /assets/dist/js/WBISFrameworkScripts.js HTTP/1.1" 304 -
::1 - - [30/Mar/2021:23:44:42 +0200] "GET /invoicesJSON?numberOfPage=0&numberOfRows=10&search= HTTP/1.1" 200 1323
::1 - - [30/Mar/2021:23:44:58 +0200] "GET /invoiceCreate HTTP/1.1" 200 15224
::1 - - [30/Mar/2021:23:45:00 +0200] "GET /productsDropdown?id=knnj HTTP/1.1" 302 2
::1 - - [30/Mar/2021:23:45:00 +0200] "GET /login HTTP/1.1" 302 2712
::1 - - [30/Mar/2021:23:45:00 +0200] "GET /accessDenied HTTP/1.1" 200 1988
::1 - - [30/Mar/2021:23:45:01 +0200] "GET /productsDropdown?id=knn HTTP/1.1" 302 2
::1 - - [30/Mar/2021:23:45:01 +0200] "GET /login HTTP/1.1" 302 2712
::1 - - [30/Mar/2021:23:45:01 +0200] "GET /accessDenied HTTP/1.1" 200 1988
::1 - - [30/Mar/2021:23:45:01 +0200] "GET /productsDropdown?id=kn HTTP/1.1" 302 142
::1 - - [30/Mar/2021:23:45:01 +0200] "GET /login HTTP/1.1" 302 2712
::1 - - [30/Mar/2021:23:45:01 +0200] "GET /accessDenied HTTP/1.1" 200 1988
::1 - - [30/Mar/2021:23:45:02 +0200] "GET /productsDropdown?id=knji HTTP/1.1" 302 46
::1 - - [30/Mar/2021:23:45:02 +0200] "GET /login HTTP/1.1" 302 2712
::1 - - [30/Mar/2021:23:45:02 +0200] "GET /accessDenied HTTP/1.1" 200 1988
::1 - - [30/Mar/2021:23:45:07 +0200] "POST /invoiceCreateProcess HTTP/1.1" 200 942
::1 - - [30/Mar/2021:23:45:17 +0200] "GET /invoiceCreate HTTP/1.1" 200 15224
::1 - - [30/Mar/2021:23:45:19 +0200] "GET /invoices HTTP/1.1" 200 13508
::1 - - [30/Mar/2021:23:45:19 +0200] "GET /invoicesJSON?numberOfPage=0&numberOfRows=10&search= HTTP/1.1" 200 1323
::1 - - [30/Mar/2021:23:45:25 +0200] "GET /invoiceCreate HTTP/1.1" 200 15224
::1 - - [30/Mar/2021:23:45:27 +0200] "GET /invoices HTTP/1.1" 200 13508
::1 - - [30/Mar/2021:23:45:27 +0200] "GET /invoicesJSON?numberOfPage=0&numberOfRows=10&search= HTTP/1.1" 200 1323
::1 - - [30/Mar/2021:23:45:37 +0200] "GET /products HTTP/1.1" 302 13473
::1 - - [30/Mar/2021:23:45:37 +0200] "GET /login HTTP/1.1" 302 2712
::1 - - [30/Mar/2021:23:45:37 +0200] "GET /accessDenied HTTP/1.1" 200 1988
::1 - - [30/Mar/2021:23:45:38 +0200] "GET /invoices HTTP/1.1" 200 13508
::1 - - [30/Mar/2021:23:45:39 +0200] "GET /invoicesJSON?numberOfPage=0&numberOfRows=10&search= HTTP/1.1" 200 1323
::1 - - [30/Mar/2021:23:45:39 +0200] "GET /customers HTTP/1.1" 302 13566
::1 - - [30/Mar/2021:23:45:39 +0200] "GET /login HTTP/1.1" 302 2712
::1 - - [30/Mar/2021:23:45:39 +0200] "GET /accessDenied HTTP/1.1" 200 1988
::1 - - [30/Mar/2021:23:45:40 +0200] "GET /invoices HTTP/1.1" 200 13508
::1 - - [30/Mar/2021:23:45:41 +0200] "GET /invoicesJSON?numberOfPage=0&numberOfRows=10&search= HTTP/1.1" 200 1323
::1 - - [30/Mar/2021:23:45:44 +0200] "GET /invoices HTTP/1.1" 200 13508
::1 - - [30/Mar/2021:23:45:44 +0200] "GET /invoicesJSON?numberOfPage=0&numberOfRows=10&search= HTTP/1.1" 200 1323
::1 - - [30/Mar/2021:23:45:49 +0200] "GET /products HTTP/1.1" 302 13473
::1 - - [30/Mar/2021:23:45:49 +0200] "GET /login HTTP/1.1" 302 2712
::1 - - [30/Mar/2021:23:45:49 +0200] "GET /accessDenied HTTP/1.1" 200 1988
::1 - - [30/Mar/2021:23:45:50 +0200] "GET /invoices HTTP/1.1" 200 13508
::1 - - [30/Mar/2021:23:45:51 +0200] "GET /invoicesJSON?numberOfPage=0&numberOfRows=10&search= HTTP/1.1" 200 1323
::1 - - [30/Mar/2021:23:45:52 +0200] "GET /logout HTTP/1.1" 302 -
::1 - - [30/Mar/2021:23:45:52 +0200] "GET /login HTTP/1.1" 200 2712
::1 - - [30/Mar/2021:23:46:00 +0200] "POST /loginProcess HTTP/1.1" 302 -
::1 - - [30/Mar/2021:23:46:00 +0200] "GET /profile HTTP/1.1" 200 11971
::1 - - [30/Mar/2021:23:46:03 +0200] "GET /profile HTTP/1.1" 200 11971
::1 - - [30/Mar/2021:23:46:05 +0200] "GET /invoices HTTP/1.1" 302 13508
::1 - - [30/Mar/2021:23:46:05 +0200] "GET /login HTTP/1.1" 302 2712
::1 - - [30/Mar/2021:23:46:05 +0200] "GET /accessDenied HTTP/1.1" 200 1988
::1 - - [30/Mar/2021:23:46:06 +0200] "GET /profile HTTP/1.1" 200 11971
::1 - - [30/Mar/2021:23:46:59 +0200] "GET /products HTTP/1.1" 302 13473
::1 - - [30/Mar/2021:23:46:59 +0200] "GET /login HTTP/1.1" 302 2712
::1 - - [30/Mar/2021:23:46:59 +0200] "GET /accessDenied HTTP/1.1" 200 1988
::1 - - [30/Mar/2021:23:47:01 +0200] "GET /profile HTTP/1.1" 200 11971
::1 - - [30/Mar/2021:23:47:11 +0200] "GET /products HTTP/1.1" 302 13473
::1 - - [30/Mar/2021:23:47:11 +0200] "GET /login HTTP/1.1" 302 2712
::1 - - [30/Mar/2021:23:47:11 +0200] "GET /accessDenied HTTP/1.1" 200 1988
::1 - - [30/Mar/2021:23:47:12 +0200] "GET /profile HTTP/1.1" 200 11971
::1 - - [30/Mar/2021:23:47:29 +0200] "GET /profile HTTP/1.1" 200 11971
::1 - - [30/Mar/2021:23:47:30 +0200] "GET /products HTTP/1.1" 200 13473
::1 - - [30/Mar/2021:23:47:30 +0200] "GET /productsJSON?numberOfPage=0&numberOfRows=10&search= HTTP/1.1" 200 2605
::1 - - [30/Mar/2021:23:47:33 +0200] "GET /customerReports HTTP/1.1" 200 15970
::1 - - [30/Mar/2021:23:47:33 +0200] "GET /customersPerDay HTTP/1.1" 200 319
::1 - - [30/Mar/2021:23:47:33 +0200] "GET /customersActive HTTP/1.1" 200 95
::1 - - [30/Mar/2021:23:47:37 +0200] "GET /invoices HTTP/1.1" 302 13508
::1 - - [30/Mar/2021:23:47:37 +0200] "GET /login HTTP/1.1" 302 2712
::1 - - [30/Mar/2021:23:47:37 +0200] "GET /accessDenied HTTP/1.1" 200 1988
::1 - - [30/Mar/2021:23:47:38 +0200] "GET /customerReports HTTP/1.1" 200 15970
::1 - - [30/Mar/2021:23:47:38 +0200] "GET /customersPerDay HTTP/1.1" 200 319
::1 - - [30/Mar/2021:23:47:38 +0200] "GET /customersActive HTTP/1.1" 200 95
::1 - - [30/Mar/2021:23:48:01 +0200] "GET /customerReports HTTP/1.1" 200 15970
::1 - - [30/Mar/2021:23:48:01 +0200] "GET /customersPerDay HTTP/1.1" 200 319
::1 - - [30/Mar/2021:23:48:01 +0200] "GET /customersActive HTTP/1.1" 200 95
::1 - - [30/Mar/2021:23:48:02 +0200] "GET /invoices HTTP/1.1" 200 13508
::1 - - [30/Mar/2021:23:48:02 +0200] "GET /invoicesJSON?numberOfPage=0&numberOfRows=10&search= HTTP/1.1" 200 1323
::1 - - [30/Mar/2021:23:48:03 +0200] "GET /invoiceCreate HTTP/1.1" 200 15224
::1 - - [30/Mar/2021:23:48:05 +0200] "GET /productsDropdown?id=ha HTTP/1.1" 200 507
::1 - - [30/Mar/2021:23:48:06 +0200] "GET /productsDropdown?id=har HTTP/1.1" 200 532
::1 - - [30/Mar/2021:23:48:09 +0200] "POST /invoiceCreateProcess HTTP/1.1" 302 -
::1 - - [30/Mar/2021:23:48:09 +0200] "GET /invoiceCreate HTTP/1.1" 200 15393
::1 - - [30/Mar/2021:23:48:12 +0200] "GET /invoices HTTP/1.1" 200 13508
::1 - - [30/Mar/2021:23:48:13 +0200] "GET /invoicesJSON?numberOfPage=0&numberOfRows=10&search= HTTP/1.1" 200 1323
::1 - - [30/Mar/2021:23:48:16 +0200] "GET /products HTTP/1.1" 200 13473
::1 - - [30/Mar/2021:23:48:16 +0200] "GET /productsJSON?numberOfPage=0&numberOfRows=10&search= HTTP/1.1" 200 2605
::1 - - [30/Mar/2021:23:48:20 +0200] "GET /customers HTTP/1.1" 200 13566
::1 - - [30/Mar/2021:23:48:21 +0200] "GET /customersJSON?numberOfPage=0&numberOfRows=10&search= HTTP/1.1" 200 3495
::1 - - [30/Mar/2021:23:49:15 +0200] "GET /customersJSON?numberOfPage=1&numberOfRows=10&search= HTTP/1.1" 200 3376
::1 - - [30/Mar/2021:23:49:24 +0200] "GET /customerDetails?id=3 HTTP/1.1" 200 9878
::1 - - [30/Mar/2021:23:49:25 +0200] "GET /customers HTTP/1.1" 200 13566
::1 - - [30/Mar/2021:23:49:25 +0200] "GET /assets/dist/js/WBISFrameworkScripts.js HTTP/1.1" 304 -
::1 - - [30/Mar/2021:23:49:26 +0200] "GET /customersJSON?numberOfPage=0&numberOfRows=10&search= HTTP/1.1" 200 3495
::1 - - [30/Mar/2021:23:49:39 +0200] "GET /customersJSON?numberOfPage=1&numberOfRows=10&search= HTTP/1.1" 200 3376
::1 - - [30/Mar/2021:23:49:40 +0200] "GET /customersJSON?numberOfPage=2&numberOfRows=10&search= HTTP/1.1" 200 3277
::1 - - [30/Mar/2021:23:49:42 +0200] "GET /customersJSON?numberOfPage=3&numberOfRows=10&search= HTTP/1.1" 200 3240
::1 - - [30/Mar/2021:23:49:49 +0200] "GET /invoices HTTP/1.1" 200 13508
::1 - - [30/Mar/2021:23:49:49 +0200] "GET /invoicesJSON?numberOfPage=0&numberOfRows=10&search= HTTP/1.1" 200 1323
::1 - - [30/Mar/2021:23:49:52 +0200] "GET /customers HTTP/1.1" 200 13566
::1 - - [30/Mar/2021:23:49:52 +0200] "GET /customersJSON?numberOfPage=0&numberOfRows=10&search= HTTP/1.1" 200 3495
::1 - - [30/Mar/2021:23:49:54 +0200] "GET /customerCreate HTTP/1.1" 200 11983
::1 - - [30/Mar/2021:23:49:56 +0200] "GET /customers HTTP/1.1" 200 13566
::1 - - [30/Mar/2021:23:49:56 +0200] "GET /customersJSON?numberOfPage=0&numberOfRows=10&search= HTTP/1.1" 200 3495
::1 - - [30/Mar/2021:23:50:18 +0200] "GET /invoices HTTP/1.1" 200 13508
::1 - - [30/Mar/2021:23:50:18 +0200] "GET /invoicesJSON?numberOfPage=0&numberOfRows=10&search= HTTP/1.1" 200 1323
::1 - - [30/Mar/2021:23:50:19 +0200] "GET /products HTTP/1.1" 200 13473
::1 - - [30/Mar/2021:23:50:19 +0200] "GET /productsJSON?numberOfPage=0&numberOfRows=10&search= HTTP/1.1" 200 2605
::1 - - [30/Mar/2021:23:50:23 +0200] "GET /invoices HTTP/1.1" 200 13508
::1 - - [30/Mar/2021:23:50:24 +0200] "GET /invoicesJSON?numberOfPage=0&numberOfRows=10&search= HTTP/1.1" 200 1323
::1 - - [30/Mar/2021:23:50:25 +0200] "GET /invoiceCreate HTTP/1.1" 200 15224
::1 - - [30/Mar/2021:23:50:27 +0200] "GET /customers HTTP/1.1" 200 13566
::1 - - [30/Mar/2021:23:50:27 +0200] "GET /customersJSON?numberOfPage=0&numberOfRows=10&search= HTTP/1.1" 200 3495
::1 - - [30/Mar/2021:23:50:40 +0200] "GET /customers HTTP/1.1" 200 13566
::1 - - [30/Mar/2021:23:50:41 +0200] "GET /customersJSON?numberOfPage=0&numberOfRows=10&search= HTTP/1.1" 200 3495
::1 - - [30/Mar/2021:23:50:45 +0200] "GET /customerReports HTTP/1.1" 200 15970
::1 - - [30/Mar/2021:23:50:46 +0200] "GET /customersPerDay HTTP/1.1" 200 319
::1 - - [30/Mar/2021:23:50:46 +0200] "GET /customersActive HTTP/1.1" 200 95
::1 - - [30/Mar/2021:23:50:49 +0200] "GET /customers HTTP/1.1" 200 13566
::1 - - [30/Mar/2021:23:50:49 +0200] "GET /customersJSON?numberOfPage=0&numberOfRows=10&search= HTTP/1.1" 200 3495
::1 - - [30/Mar/2021:23:52:17 +0200] "GET /customerDetails?id=3 HTTP/1.1" 200 9878
::1 - - [30/Mar/2021:23:52:58 +0200] "GET /customers HTTP/1.1" 200 13566
::1 - - [30/Mar/2021:23:52:59 +0200] "GET /customersJSON?numberOfPage=0&numberOfRows=10&search= HTTP/1.1" 200 3495
::1 - - [30/Mar/2021:23:53:00 +0200] "GET /customerReports HTTP/1.1" 200 15970
::1 - - [30/Mar/2021:23:53:00 +0200] "GET /customersPerDay HTTP/1.1" 200 319
::1 - - [30/Mar/2021:23:53:00 +0200] "GET /customersActive HTTP/1.1" 200 95
::1 - - [30/Mar/2021:23:54:11 +0200] "GET /customerReports HTTP/1.1" 200 15970
::1 - - [30/Mar/2021:23:54:12 +0200] "GET /customersPerDay HTTP/1.1" 200 372
::1 - - [30/Mar/2021:23:54:12 +0200] "GET /customersActive HTTP/1.1" 200 95
::1 - - [30/Mar/2021:23:54:57 +0200] "GET /customerReports HTTP/1.1" 200 15970
::1 - - [30/Mar/2021:23:54:58 +0200] "GET /customersPerDay HTTP/1.1" 200 478
::1 - - [30/Mar/2021:23:54:58 +0200] "GET /customersActive HTTP/1.1" 200 95
::1 - - [30/Mar/2021:23:56:17 +0200] "GET /customerReports HTTP/1.1" 200 15969
::1 - - [30/Mar/2021:23:56:17 +0200] "GET /customersPerDay HTTP/1.1" 200 478
::1 - - [30/Mar/2021:23:56:17 +0200] "GET /customersActive HTTP/1.1" 200 95
::1 - - [30/Mar/2021:23:56:59 +0200] "GET /customerReports HTTP/1.1" 200 15969
::1 - - [30/Mar/2021:23:57:00 +0200] "GET /customersActive HTTP/1.1" 200 95
::1 - - [30/Mar/2021:23:57:00 +0200] "GET /customersPerDay HTTP/1.1" 200 478
::1 - - [30/Mar/2021:23:58:40 +0200] "GET /customerReports HTTP/1.1" 200 15969
::1 - - [30/Mar/2021:23:58:41 +0200] "GET /customersPerDay HTTP/1.1" 200 478
::1 - - [30/Mar/2021:23:58:41 +0200] "GET /customersActive HTTP/1.1" 200 95
::1 - - [31/Mar/2021:00:00:50 +0200] "GET /customerReports HTTP/1.1" 200 15969
::1 - - [31/Mar/2021:00:00:51 +0200] "GET /customersPerDay HTTP/1.1" 200 2
::1 - - [31/Mar/2021:00:00:51 +0200] "GET /customersActive HTTP/1.1" 200 2
::1 - - [31/Mar/2021:00:10:07 +0200] "GET /customers HTTP/1.1" 200 13566
::1 - - [31/Mar/2021:00:10:07 +0200] "GET /assets/dist/js/WBISFrameworkScripts.js HTTP/1.1" 304 -
::1 - - [31/Mar/2021:00:10:07 +0200] "GET /customersJSON?numberOfPage=0&numberOfRows=10&search= HTTP/1.1" 200 2
::1 - - [31/Mar/2021:00:10:08 +0200] "GET /customerCreate HTTP/1.1" 200 11983
::1 - - [31/Mar/2021:00:10:15 +0200] "POST /importCustomerJsonProcess HTTP/1.1" 302 146
::1 - - [31/Mar/2021:00:10:16 +0200] "GET /customerCreate HTTP/1.1" 200 11983
::1 - - [31/Mar/2021:00:10:22 +0200] "POST /importCustomerJsonProcess HTTP/1.1" 302 146
::1 - - [31/Mar/2021:00:10:23 +0200] "GET /customerCreate HTTP/1.1" 200 11983
::1 - - [31/Mar/2021:00:10:25 +0200] "GET /customers HTTP/1.1" 200 13566
::1 - - [31/Mar/2021:00:10:25 +0200] "GET /customersJSON?numberOfPage=0&numberOfRows=10&search= HTTP/1.1" 200 2665
::1 - - [31/Mar/2021:00:10:30 +0200] "GET /customersJSON?numberOfPage=0&numberOfRows=100&search= HTTP/1.1" 200 25587
::1 - - [31/Mar/2021:00:10:34 +0200] "GET /customerReports HTTP/1.1" 200 15969
::1 - - [31/Mar/2021:00:10:34 +0200] "GET /customersActive HTTP/1.1" 200 97
::1 - - [31/Mar/2021:00:10:34 +0200] "GET /customersPerDay HTTP/1.1" 200 54
::1 - - [31/Mar/2021:00:12:29 +0200] "GET /customerReports HTTP/1.1" 200 15969
::1 - - [31/Mar/2021:00:12:29 +0200] "GET /customersPerDay HTTP/1.1" 200 2
::1 - - [31/Mar/2021:00:12:29 +0200] "GET /customersActive HTTP/1.1" 200 2
::1 - - [31/Mar/2021:00:12:31 +0200] "GET /customers HTTP/1.1" 200 13566
::1 - - [31/Mar/2021:00:12:31 +0200] "GET /customersJSON?numberOfPage=0&numberOfRows=10&search= HTTP/1.1" 200 2
::1 - - [31/Mar/2021:00:12:32 +0200] "GET /customerCreate HTTP/1.1" 200 11983
::1 - - [31/Mar/2021:00:12:39 +0200] "POST /importCustomerJsonProcess HTTP/1.1" 302 146
::1 - - [31/Mar/2021:00:12:40 +0200] "GET /customerCreate HTTP/1.1" 200 11983
::1 - - [31/Mar/2021:00:12:46 +0200] "POST /importCustomerJsonProcess HTTP/1.1" 302 146
::1 - - [31/Mar/2021:00:12:47 +0200] "GET /customerCreate HTTP/1.1" 200 11983
::1 - - [31/Mar/2021:00:12:52 +0200] "GET /customers HTTP/1.1" 200 13566
::1 - - [31/Mar/2021:00:12:52 +0200] "GET /customersJSON?numberOfPage=0&numberOfRows=10&search= HTTP/1.1" 200 2600
::1 - - [31/Mar/2021:00:12:57 +0200] "GET /customerReports HTTP/1.1" 200 15969
::1 - - [31/Mar/2021:00:12:57 +0200] "GET /customersActive HTTP/1.1" 200 97
::1 - - [31/Mar/2021:00:12:57 +0200] "GET /customersPerDay HTTP/1.1" 200 1648
::1 - - [31/Mar/2021:00:13:17 +0200] "GET /customers HTTP/1.1" 200 13566
::1 - - [31/Mar/2021:00:13:17 +0200] "GET /customersJSON?numberOfPage=0&numberOfRows=10&search= HTTP/1.1" 200 2600
::1 - - [31/Mar/2021:00:13:18 +0200] "GET /customerCreate HTTP/1.1" 200 11983
::1 - - [31/Mar/2021:00:13:25 +0200] "POST /importCustomerJsonProcess HTTP/1.1" 302 146
::1 - - [31/Mar/2021:00:13:26 +0200] "GET /customerCreate HTTP/1.1" 200 11983
::1 - - [31/Mar/2021:00:13:28 +0200] "GET /customerReports HTTP/1.1" 200 15969
::1 - - [31/Mar/2021:00:13:28 +0200] "GET /customersPerDay HTTP/1.1" 200 1659
::1 - - [31/Mar/2021:00:13:28 +0200] "GET /customersActive HTTP/1.1" 200 97
::1 - - [31/Mar/2021:00:13:54 +0200] "GET /customerReports HTTP/1.1" 200 15969
::1 - - [31/Mar/2021:00:13:54 +0200] "GET /customersPerDay HTTP/1.1" 200 1659
::1 - - [31/Mar/2021:00:13:54 +0200] "GET /customersActive HTTP/1.1" 200 97
::1 - - [31/Mar/2021:00:14:03 +0200] "GET /customerReports HTTP/1.1" 200 15969
::1 - - [31/Mar/2021:00:14:04 +0200] "GET /customersPerDay HTTP/1.1" 200 1659
::1 - - [31/Mar/2021:00:14:04 +0200] "GET /customersActive HTTP/1.1" 200 97
::1 - - [31/Mar/2021:00:14:52 +0200] "GET /customerReports HTTP/1.1" 200 15969
::1 - - [31/Mar/2021:00:14:52 +0200] "GET /customersActive HTTP/1.1" 200 97
::1 - - [31/Mar/2021:00:14:52 +0200] "GET /customersPerDay HTTP/1.1" 200 1654
::1 - - [31/Mar/2021:00:14:53 +0200] "GET /customerReports HTTP/1.1" 200 15969
::1 - - [31/Mar/2021:00:14:53 +0200] "GET /customersPerDay HTTP/1.1" 200 1654
::1 - - [31/Mar/2021:00:14:53 +0200] "GET /customersActive HTTP/1.1" 200 97
::1 - - [31/Mar/2021:00:15:15 +0200] "GET /customerReports HTTP/1.1" 200 15969
::1 - - [31/Mar/2021:00:15:15 +0200] "GET /customersPerDay HTTP/1.1" 200 1653
::1 - - [31/Mar/2021:00:15:15 +0200] "GET /customersActive HTTP/1.1" 200 96
::1 - - [31/Mar/2021:00:15:16 +0200] "GET /customerReports HTTP/1.1" 200 15969
::1 - - [31/Mar/2021:00:15:17 +0200] "GET /customersPerDay HTTP/1.1" 200 1653
::1 - - [31/Mar/2021:00:15:17 +0200] "GET /customersActive HTTP/1.1" 200 96
::1 - - [31/Mar/2021:00:16:12 +0200] "GET /invoices HTTP/1.1" 200 13508
::1 - - [31/Mar/2021:00:16:13 +0200] "GET /invoicesJSON?numberOfPage=0&numberOfRows=10&search= HTTP/1.1" 200 1323
::1 - - [31/Mar/2021:00:16:21 +0200] "GET /customers HTTP/1.1" 200 13566
::1 - - [31/Mar/2021:00:16:22 +0200] "GET /customersJSON?numberOfPage=0&numberOfRows=10&search= HTTP/1.1" 200 2
::1 - - [31/Mar/2021:00:16:23 +0200] "GET /customerCreate HTTP/1.1" 200 11983
::1 - - [31/Mar/2021:00:16:31 +0200] "POST /importCustomerJsonProcess HTTP/1.1" 302 146
::1 - - [31/Mar/2021:00:16:31 +0200] "GET /customerCreate HTTP/1.1" 200 11983
::1 - - [31/Mar/2021:00:16:51 +0200] "POST /importCustomerJsonProcess HTTP/1.1" 302 146
::1 - - [31/Mar/2021:00:16:52 +0200] "GET /customerCreate HTTP/1.1" 200 11983
::1 - - [31/Mar/2021:00:17:09 +0200] "POST /importCustomerJsonProcess HTTP/1.1" 302 146
::1 - - [31/Mar/2021:00:17:09 +0200] "GET /customerCreate HTTP/1.1" 200 11983
::1 - - [31/Mar/2021:00:17:12 +0200] "GET /customerReports HTTP/1.1" 200 15969
::1 - - [31/Mar/2021:00:17:12 +0200] "GET /customersPerDay HTTP/1.1" 200 1657
::1 - - [31/Mar/2021:00:17:12 +0200] "GET /customersActive HTTP/1.1" 200 97
::1 - - [31/Mar/2021:00:17:24 +0200] "GET /customerReports HTTP/1.1" 200 15969
::1 - - [31/Mar/2021:00:17:24 +0200] "GET /customersPerDay HTTP/1.1" 200 1657
::1 - - [31/Mar/2021:00:17:24 +0200] "GET /customersActive HTTP/1.1" 200 97
::1 - - [31/Mar/2021:00:18:59 +0200] "GET /customerReports HTTP/1.1" 200 15969
::1 - - [31/Mar/2021:00:18:59 +0200] "GET /customersPerDay HTTP/1.1" 200 1654
::1 - - [31/Mar/2021:00:18:59 +0200] "GET /customersActive HTTP/1.1" 200 97
::1 - - [31/Mar/2021:00:19:17 +0200] "GET /customerReports HTTP/1.1" 200 15969
::1 - - [31/Mar/2021:00:19:17 +0200] "GET /customersPerDay HTTP/1.1" 200 1651
::1 - - [31/Mar/2021:00:19:17 +0200] "GET /customersActive HTTP/1.1" 200 97
::1 - - [31/Mar/2021:00:19:39 +0200] "GET /customerReports HTTP/1.1" 200 15969
::1 - - [31/Mar/2021:00:19:40 +0200] "GET /customersPerDay HTTP/1.1" 200 1646
::1 - - [31/Mar/2021:00:19:40 +0200] "GET /customersActive HTTP/1.1" 200 96
::1 - - [31/Mar/2021:00:20:31 +0200] "GET /customerReports HTTP/1.1" 200 15969
::1 - - [31/Mar/2021:00:20:31 +0200] "GET /customersPerDay HTTP/1.1" 200 1646
::1 - - [31/Mar/2021:00:20:31 +0200] "GET /customersActive HTTP/1.1" 200 95
::1 - - [31/Mar/2021:00:20:46 +0200] "GET /customers HTTP/1.1" 200 13566
::1 - - [31/Mar/2021:00:20:46 +0200] "GET /assets/dist/js/WBISFrameworkScripts.js HTTP/1.1" 304 -
::1 - - [31/Mar/2021:00:20:46 +0200] "GET /customersJSON?numberOfPage=0&numberOfRows=10&search= HTTP/1.1" 200 2535
::1 - - [31/Mar/2021:00:20:48 +0200] "GET /customersJSON?numberOfPage=1&numberOfRows=10&search= HTTP/1.1" 200 2622
::1 - - [31/Mar/2021:00:20:52 +0200] "GET /products HTTP/1.1" 200 13473
::1 - - [31/Mar/2021:00:20:53 +0200] "GET /productsJSON?numberOfPage=0&numberOfRows=10&search= HTTP/1.1" 200 2605
::1 - - [31/Mar/2021:00:21:15 +0200] "GET /products HTTP/1.1" 200 13473
::1 - - [31/Mar/2021:00:21:15 +0200] "GET /productsJSON?numberOfPage=0&numberOfRows=10&search= HTTP/1.1" 200 2605
::1 - - [31/Mar/2021:00:21:17 +0200] "GET /customers HTTP/1.1" 200 13566
::1 - - [31/Mar/2021:00:21:17 +0200] "GET /customersJSON?numberOfPage=0&numberOfRows=10&search= HTTP/1.1" 200 2535
::1 - - [31/Mar/2021:00:21:18 +0200] "GET /products HTTP/1.1" 200 13473
::1 - - [31/Mar/2021:00:21:18 +0200] "GET /productsJSON?numberOfPage=0&numberOfRows=10&search= HTTP/1.1" 200 2605
::1 - - [31/Mar/2021:00:21:20 +0200] "GET /products HTTP/1.1" 200 13473
::1 - - [31/Mar/2021:00:21:21 +0200] "GET /productsJSON?numberOfPage=0&numberOfRows=10&search= HTTP/1.1" 200 2605
::1 - - [31/Mar/2021:00:21:23 +0200] "GET /productsJSON?numberOfPage=1&numberOfRows=10&search= HTTP/1.1" 200 3064
::1 - - [31/Mar/2021:00:21:26 +0200] "GET /productsJSON?numberOfPage=2&numberOfRows=10&search= HTTP/1.1" 200 2860
::1 - - [31/Mar/2021:00:22:06 +0200] "GET /products HTTP/1.1" 200 13473
::1 - - [31/Mar/2021:00:22:07 +0200] "GET /productsJSON?numberOfPage=0&numberOfRows=10&search= HTTP/1.1" 200 2
::1 - - [31/Mar/2021:00:26:54 +0200] "GET /products HTTP/1.1" 200 13473
::1 - - [31/Mar/2021:00:26:54 +0200] "GET /productsJSON?numberOfPage=0&numberOfRows=10&search= HTTP/1.1" 200 2
::1 - - [31/Mar/2021:00:26:55 +0200] "GET /productCreate HTTP/1.1" 200 11635
::1 - - [31/Mar/2021:00:27:03 +0200] "POST /productCreateProcess HTTP/1.1" 302 -
::1 - - [31/Mar/2021:00:27:03 +0200] "GET /productCreate HTTP/1.1" 200 12210
::1 - - [31/Mar/2021:00:27:10 +0200] "POST /importProductJsonProcess HTTP/1.1" 302 -
::1 - - [31/Mar/2021:00:27:10 +0200] "GET /productCreate HTTP/1.1" 200 11820
::1 - - [31/Mar/2021:00:27:14 +0200] "GET /products HTTP/1.1" 200 13473
::1 - - [31/Mar/2021:00:27:14 +0200] "GET /productsJSON?numberOfPage=0&numberOfRows=10&search= HTTP/1.1" 200 2118
::1 - - [31/Mar/2021:00:27:18 +0200] "GET /productsJSON?numberOfPage=1&numberOfRows=10&search= HTTP/1.1" 200 2267
::1 - - [31/Mar/2021:00:27:22 +0200] "GET /productCreate HTTP/1.1" 200 11635
::1 - - [31/Mar/2021:00:27:56 +0200] "POST /productCreateProcess HTTP/1.1" 302 -
::1 - - [31/Mar/2021:00:27:56 +0200] "GET /productCreate HTTP/1.1" 200 12102
::1 - - [31/Mar/2021:00:27:58 +0200] "GET /products HTTP/1.1" 200 13473
::1 - - [31/Mar/2021:00:27:58 +0200] "GET /productsJSON?numberOfPage=0&numberOfRows=10&search= HTTP/1.1" 200 2118
::1 - - [31/Mar/2021:00:28:00 +0200] "GET /productCreate HTTP/1.1" 200 11635
::1 - - [31/Mar/2021:00:28:44 +0200] "POST /productCreateProcess HTTP/1.1" 302 -
::1 - - [31/Mar/2021:00:28:44 +0200] "GET /productCreate HTTP/1.1" 200 12102
::1 - - [31/Mar/2021:00:28:45 +0200] "GET /products HTTP/1.1" 200 13473
::1 - - [31/Mar/2021:00:28:46 +0200] "GET /assets/dist/js/WBISFrameworkScripts.js HTTP/1.1" 304 -
::1 - - [31/Mar/2021:00:28:46 +0200] "GET /productsJSON?numberOfPage=0&numberOfRows=10&search= HTTP/1.1" 200 2118
::1 - - [31/Mar/2021:00:29:46 +0200] "GET /products HTTP/1.1" 200 13473
::1 - - [31/Mar/2021:00:29:46 +0200] "GET /productsJSON?numberOfPage=0&numberOfRows=10&search= HTTP/1.1" 200 1998
::1 - - [31/Mar/2021:00:29:48 +0200] "GET /productCreate HTTP/1.1" 200 11635
::1 - - [31/Mar/2021:00:29:58 +0200] "POST /productCreateProcess HTTP/1.1" 302 -
::1 - - [31/Mar/2021:00:29:58 +0200] "GET /productCreate HTTP/1.1" 200 12102
::1 - - [31/Mar/2021:00:29:59 +0200] "GET /products HTTP/1.1" 200 13473
::1 - - [31/Mar/2021:00:29:59 +0200] "GET /productsJSON?numberOfPage=0&numberOfRows=10&search= HTTP/1.1" 200 1998
::1 - - [31/Mar/2021:00:30:14 +0200] "GET /products HTTP/1.1" 200 13473
::1 - - [31/Mar/2021:00:30:14 +0200] "GET /productsJSON?numberOfPage=0&numberOfRows=10&search= HTTP/1.1" 200 1998
::1 - - [31/Mar/2021:00:30:15 +0200] "GET /invoices HTTP/1.1" 200 13508
::1 - - [31/Mar/2021:00:30:16 +0200] "GET /invoicesJSON?numberOfPage=0&numberOfRows=10&search= HTTP/1.1" 200 1323
::1 - - [31/Mar/2021:00:30:20 +0200] "GET /invoicesJSON?numberOfPage=1&numberOfRows=10&search= HTTP/1.1" 200 1337
::1 - - [31/Mar/2021:00:30:46 +0200] "GET /invoices HTTP/1.1" 200 13508
::1 - - [31/Mar/2021:00:30:46 +0200] "GET /invoicesJSON?numberOfPage=0&numberOfRows=10&search= HTTP/1.1" 200 2
::1 - - [31/Mar/2021:00:30:48 +0200] "GET /invoiceCreate HTTP/1.1" 200 15224
::1 - - [31/Mar/2021:00:30:50 +0200] "GET /productsDropdown?id=ha HTTP/1.1" 200 340
::1 - - [31/Mar/2021:00:30:51 +0200] "GET /productsDropdown?id=har HTTP/1.1" 200 47
::1 - - [31/Mar/2021:00:30:57 +0200] "POST /invoiceCreateProcess HTTP/1.1" 302 -
::1 - - [31/Mar/2021:00:30:57 +0200] "GET /invoiceCreate HTTP/1.1" 200 15393
::1 - - [31/Mar/2021:00:30:58 +0200] "GET /invoices HTTP/1.1" 200 13508
::1 - - [31/Mar/2021:00:30:59 +0200] "GET /invoicesJSON?numberOfPage=0&numberOfRows=10&search= HTTP/1.1" 200 133
::1 - - [31/Mar/2021:00:31:01 +0200] "GET /invoiceDetails?id=30 HTTP/1.1" 200 9326
::1 - - [31/Mar/2021:00:31:02 +0200] "GET /invoices HTTP/1.1" 200 13508
::1 - - [31/Mar/2021:00:31:02 +0200] "GET /invoicesJSON?numberOfPage=0&numberOfRows=10&search= HTTP/1.1" 200 133
::1 - - [31/Mar/2021:00:31:07 +0200] "GET /invoiceCreate HTTP/1.1" 200 15224
::1 - - [31/Mar/2021:00:31:11 +0200] "GET /productsDropdown?id=aN HTTP/1.1" 200 425
::1 - - [31/Mar/2021:00:31:12 +0200] "GET /productsDropdown?id=AN HTTP/1.1" 200 425
::1 - - [31/Mar/2021:00:31:13 +0200] "GET /productsDropdown?id=Ana HTTP/1.1" 200 132
::1 - - [31/Mar/2021:00:31:18 +0200] "POST /invoiceCreateProcess HTTP/1.1" 302 -
::1 - - [31/Mar/2021:00:31:18 +0200] "GET /invoiceCreate HTTP/1.1" 200 15393
::1 - - [31/Mar/2021:00:31:19 +0200] "GET /invoices HTTP/1.1" 200 13508
::1 - - [31/Mar/2021:00:31:19 +0200] "GET /invoicesJSON?numberOfPage=0&numberOfRows=10&search= HTTP/1.1" 200 265
::1 - - [31/Mar/2021:00:31:24 +0200] "GET /customerReports HTTP/1.1" 200 15969
::1 - - [31/Mar/2021:00:31:25 +0200] "GET /customersPerDay HTTP/1.1" 200 1646
::1 - - [31/Mar/2021:00:31:25 +0200] "GET /customersActive HTTP/1.1" 200 95
::1 - - [31/Mar/2021:00:31:28 +0200] "GET /invoices HTTP/1.1" 200 13508
::1 - - [31/Mar/2021:00:31:28 +0200] "GET /invoicesJSON?numberOfPage=0&numberOfRows=10&search= HTTP/1.1" 200 265
::1 - - [31/Mar/2021:00:31:29 +0200] "GET /profile HTTP/1.1" 200 11971
::1 - - [31/Mar/2021:00:31:56 +0200] "GET /profile HTTP/1.1" 200 11971
::1 - - [31/Mar/2021:00:31:57 +0200] "GET /invoices HTTP/1.1" 200 13508
::1 - - [31/Mar/2021:00:31:57 +0200] "GET /invoicesJSON?numberOfPage=0&numberOfRows=10&search= HTTP/1.1" 200 265
::1 - - [31/Mar/2021:00:33:13 +0200] "GET /invoices HTTP/1.1" 200 13508
::1 - - [31/Mar/2021:00:33:13 +0200] "GET /invoicesJSON?numberOfPage=0&numberOfRows=10&search= HTTP/1.1" 200 265
::1 - - [31/Mar/2021:00:33:14 +0200] "GET /home HTTP/1.1" 200 8832
::1 - - [31/Mar/2021:00:33:15 +0200] "GET /profile HTTP/1.1" 200 11971
::1 - - [31/Mar/2021:00:33:16 +0200] "GET /invoices HTTP/1.1" 200 13508
::1 - - [31/Mar/2021:00:33:16 +0200] "GET /invoicesJSON?numberOfPage=0&numberOfRows=10&search= HTTP/1.1" 200 265
::1 - - [31/Mar/2021:00:33:17 +0200] "GET /products HTTP/1.1" 200 13473
::1 - - [31/Mar/2021:00:33:18 +0200] "GET /productsJSON?numberOfPage=0&numberOfRows=10&search= HTTP/1.1" 200 1998
::1 - - [31/Mar/2021:00:33:19 +0200] "GET /customers HTTP/1.1" 200 13566
::1 - - [31/Mar/2021:00:33:19 +0200] "GET /customersJSON?numberOfPage=0&numberOfRows=10&search= HTTP/1.1" 200 2535
::1 - - [31/Mar/2021:00:33:21 +0200] "GET /customerReports HTTP/1.1" 200 15969
::1 - - [31/Mar/2021:00:33:21 +0200] "GET /customersPerDay HTTP/1.1" 200 1646
::1 - - [31/Mar/2021:00:33:21 +0200] "GET /customersActive HTTP/1.1" 200 95
::1 - - [31/Mar/2021:00:33:23 +0200] "GET /home HTTP/1.1" 200 8832
::1 - - [31/Mar/2021:00:33:25 +0200] "GET /productReports HTTP/1.1" 404 2009
::1 - - [31/Mar/2021:00:33:26 +0200] "GET /home HTTP/1.1" 200 8832
::1 - - [31/Mar/2021:00:33:28 +0200] "GET /invoices HTTP/1.1" 200 13508
::1 - - [31/Mar/2021:00:33:28 +0200] "GET /invoicesJSON?numberOfPage=0&numberOfRows=10&search= HTTP/1.1" 200 265
::1 - - [31/Mar/2021:00:33:35 +0200] "GET /customerReports HTTP/1.1" 200 15969
::1 - - [31/Mar/2021:00:33:35 +0200] "GET /customersPerDay HTTP/1.1" 200 1646
::1 - - [31/Mar/2021:00:33:35 +0200] "GET /customersActive HTTP/1.1" 200 95
::1 - - [31/Mar/2021:00:33:57 +0200] "GET /invoices HTTP/1.1" 200 13508
::1 - - [31/Mar/2021:00:33:58 +0200] "GET /invoicesJSON?numberOfPage=0&numberOfRows=10&search= HTTP/1.1" 200 265
::1 - - [31/Mar/2021:00:34:04 +0200] "GET /invoices HTTP/1.1" 200 13508
::1 - - [31/Mar/2021:00:34:05 +0200] "GET /invoicesJSON?numberOfPage=0&numberOfRows=10&search= HTTP/1.1" 200 265
::1 - - [31/Mar/2021:00:34:16 +0200] "GET /profile HTTP/1.1" 200 11971
::1 - - [31/Mar/2021:00:34:17 +0200] "GET /invoices HTTP/1.1" 200 13508
::1 - - [31/Mar/2021:00:34:17 +0200] "GET /invoicesJSON?numberOfPage=0&numberOfRows=10&search= HTTP/1.1" 200 265
::1 - - [31/Mar/2021:00:34:18 +0200] "GET /home HTTP/1.1" 200 8832
::1 - - [31/Mar/2021:00:34:23 +0200] "GET /home HTTP/1.1" 200 8832
::1 - - [31/Mar/2021:00:37:08 +0200] "GET /home HTTP/1.1" 200 8980
::1 - - [31/Mar/2021:00:38:02 +0200] "GET /home HTTP/1.1" 200 9006
::1 - - [31/Mar/2021:00:38:03 +0200] "GET /home HTTP/1.1" 200 9006
::1 - - [31/Mar/2021:00:38:04 +0200] "GET /home HTTP/1.1" 200 9006
::1 - - [31/Mar/2021:00:38:04 +0200] "GET /home HTTP/1.1" 200 9006
::1 - - [31/Mar/2021:00:38:17 +0200] "GET /home HTTP/1.1" 200 8986
::1 - - [31/Mar/2021:00:38:29 +0200] "GET /home HTTP/1.1" 200 8980
::1 - - [31/Mar/2021:00:39:00 +0200] "GET /home HTTP/1.1" 200 8980
::1 - - [31/Mar/2021:00:39:02 +0200] "GET /profile HTTP/1.1" 200 11971
::1 - - [31/Mar/2021:00:39:03 +0200] "GET /invoices HTTP/1.1" 200 13508
::1 - - [31/Mar/2021:00:39:03 +0200] "GET /assets/dist/js/WBISFrameworkScripts.js HTTP/1.1" 304 -
::1 - - [31/Mar/2021:00:39:03 +0200] "GET /invoicesJSON?numberOfPage=0&numberOfRows=10&search= HTTP/1.1" 200 265
::1 - - [31/Mar/2021:00:39:05 +0200] "GET /products HTTP/1.1" 200 13473
::1 - - [31/Mar/2021:00:39:05 +0200] "GET /productsJSON?numberOfPage=0&numberOfRows=10&search= HTTP/1.1" 200 1998
::1 - - [31/Mar/2021:00:39:07 +0200] "GET /profile HTTP/1.1" 200 11971
::1 - - [31/Mar/2021:00:39:12 +0200] "GET /invoices HTTP/1.1" 200 13508
::1 - - [31/Mar/2021:00:39:12 +0200] "GET /invoicesJSON?numberOfPage=0&numberOfRows=10&search= HTTP/1.1" 200 265
::1 - - [31/Mar/2021:00:39:13 +0200] "GET /products HTTP/1.1" 200 13473
::1 - - [31/Mar/2021:00:39:13 +0200] "GET /productsJSON?numberOfPage=0&numberOfRows=10&search= HTTP/1.1" 200 1998
::1 - - [31/Mar/2021:00:39:14 +0200] "GET /customers HTTP/1.1" 200 13566
::1 - - [31/Mar/2021:00:39:15 +0200] "GET /customersJSON?numberOfPage=0&numberOfRows=10&search= HTTP/1.1" 200 2535
::1 - - [31/Mar/2021:00:39:17 +0200] "GET /customerReports HTTP/1.1" 200 15969
::1 - - [31/Mar/2021:00:39:17 +0200] "GET /customersPerDay HTTP/1.1" 200 1646
::1 - - [31/Mar/2021:00:39:17 +0200] "GET /customersActive HTTP/1.1" 200 95
::1 - - [31/Mar/2021:00:39:20 +0200] "GET /home HTTP/1.1" 200 8980
::1 - - [31/Mar/2021:00:39:24 +0200] "GET /home HTTP/1.1" 200 8980
::1 - - [31/Mar/2021:00:39:27 +0200] "GET /profile HTTP/1.1" 200 11971
::1 - - [31/Mar/2021:00:39:28 +0200] "GET /invoices HTTP/1.1" 200 13508
::1 - - [31/Mar/2021:00:39:28 +0200] "GET /invoicesJSON?numberOfPage=0&numberOfRows=10&search= HTTP/1.1" 200 265
::1 - - [31/Mar/2021:00:39:29 +0200] "GET /home HTTP/1.1" 200 8980
::1 - - [31/Mar/2021:00:42:32 +0200] "GET /home HTTP/1.1" 200 8971
::1 - - [31/Mar/2021:00:42:32 +0200] "GET /assets/dist/img/logo.png HTTP/1.1" 200 23936
::1 - - [31/Mar/2021:00:42:35 +0200] "GET /profile HTTP/1.1" 200 11962
::1 - - [31/Mar/2021:00:42:59 +0200] "GET /profile HTTP/1.1" 200 11953
::1 - - [31/Mar/2021:00:42:59 +0200] "GET /assets/dist/img/logo.png HTTP/1.1" 304 -
::1 - - [31/Mar/2021:00:43:01 +0200] "GET /home HTTP/1.1" 200 8971
::1 - - [31/Mar/2021:00:43:02 +0200] "GET /profile HTTP/1.1" 200 11953
::1 - - [31/Mar/2021:00:43:03 +0200] "GET /profile HTTP/1.1" 200 11953
::1 - - [31/Mar/2021:00:43:04 +0200] "GET /home HTTP/1.1" 200 8971
::1 - - [31/Mar/2021:00:43:05 +0200] "GET /profile HTTP/1.1" 200 11953
::1 - - [31/Mar/2021:00:43:06 +0200] "GET /invoices HTTP/1.1" 200 13499
::1 - - [31/Mar/2021:00:43:06 +0200] "GET /invoicesJSON?numberOfPage=0&numberOfRows=10&search= HTTP/1.1" 200 265
::1 - - [31/Mar/2021:00:43:07 +0200] "GET /products HTTP/1.1" 200 13464
::1 - - [31/Mar/2021:00:43:07 +0200] "GET /productsJSON?numberOfPage=0&numberOfRows=10&search= HTTP/1.1" 200 1998
::1 - - [31/Mar/2021:00:43:08 +0200] "GET /customers HTTP/1.1" 200 13557
::1 - - [31/Mar/2021:00:43:08 +0200] "GET /customersJSON?numberOfPage=0&numberOfRows=10&search= HTTP/1.1" 200 2535
::1 - - [31/Mar/2021:00:43:23 +0200] "GET /customerReports HTTP/1.1" 200 15960
::1 - - [31/Mar/2021:00:43:23 +0200] "GET /assets/dist/img/logo.png HTTP/1.1" 304 -
::1 - - [31/Mar/2021:00:43:23 +0200] "GET /customersActive HTTP/1.1" 200 95
::1 - - [31/Mar/2021:00:43:23 +0200] "GET /customersPerDay HTTP/1.1" 200 1646
::1 - - [31/Mar/2021:00:43:26 +0200] "GET /customerReports HTTP/1.1" 200 15960
::1 - - [31/Mar/2021:00:43:26 +0200] "GET /customersPerDay HTTP/1.1" 200 1646
::1 - - [31/Mar/2021:00:43:26 +0200] "GET /customersActive HTTP/1.1" 200 95
::1 - - [31/Mar/2021:00:43:29 +0200] "GET /home HTTP/1.1" 200 8971
::1 - - [31/Mar/2021:00:46:58 +0200] "GET /home HTTP/1.1" 200 8971
::1 - - [31/Mar/2021:00:46:58 +0200] "GET /assets/dist/img/logo.png HTTP/1.1" 304 -
::1 - - [31/Mar/2021:00:46:59 +0200] "GET /home HTTP/1.1" 200 8971
::1 - - [31/Mar/2021:00:47:00 +0200] "GET /profile HTTP/1.1" 200 11953
::1 - - [31/Mar/2021:00:47:03 +0200] "GET /invoices HTTP/1.1" 200 13499
::1 - - [31/Mar/2021:00:47:03 +0200] "GET /invoicesJSON?numberOfPage=0&numberOfRows=10&search= HTTP/1.1" 200 265
::1 - - [31/Mar/2021:00:47:06 +0200] "GET /products HTTP/1.1" 200 13464
::1 - - [31/Mar/2021:00:47:06 +0200] "GET /productsJSON?numberOfPage=0&numberOfRows=10&search= HTTP/1.1" 200 1998
::1 - - [31/Mar/2021:00:47:07 +0200] "GET /customers HTTP/1.1" 200 13557
::1 - - [31/Mar/2021:00:47:07 +0200] "GET /customersJSON?numberOfPage=0&numberOfRows=10&search= HTTP/1.1" 200 2535
::1 - - [31/Mar/2021:00:50:45 +0200] "GET /invoices HTTP/1.1" 200 13499
::1 - - [31/Mar/2021:00:50:45 +0200] "GET /assets/dist/img/logo.png HTTP/1.1" 304 -
::1 - - [31/Mar/2021:00:50:45 +0200] "GET /assets/dist/js/WBISFrameworkScripts.js HTTP/1.1" 304 -
::1 - - [31/Mar/2021:00:50:45 +0200] "GET /invoicesJSON?numberOfPage=0&numberOfRows=10&search= HTTP/1.1" 200 265
::1 - - [31/Mar/2021:00:52:31 +0200] "GET /invoices HTTP/1.1" 200 13499
::1 - - [31/Mar/2021:00:52:31 +0200] "GET /assets/dist/img/logo.png HTTP/1.1" 304 -
::1 - - [31/Mar/2021:00:52:31 +0200] "GET /invoicesJSON?numberOfPage=0&numberOfRows=10&search= HTTP/1.1" 200 265
::1 - - [31/Mar/2021:00:52:32 +0200] "GET /invoiceCreate HTTP/1.1" 200 15215
::1 - - [31/Mar/2021:00:56:38 +0200] "GET /invoiceCreate HTTP/1.1" 200 15235
::1 - - [31/Mar/2021:00:56:38 +0200] "GET /assets/dist/img/logo.png HTTP/1.1" 304 -
::1 - - [31/Mar/2021:00:58:26 +0200] "GET /invoiceCreate HTTP/1.1" 200 15303
::1 - - [31/Mar/2021:00:58:26 +0200] "GET /assets/dist/img/logo.png HTTP/1.1" 304 -
::1 - - [31/Mar/2021:00:58:38 +0200] "GET /assets/plugins/bootstrap/js/bootstrap.bundle.min.js.map HTTP/1.1" 200 318045
::1 - - [31/Mar/2021:00:58:38 +0200] "GET /assets/dist/js/adminlte.min.js.map HTTP/1.1" 200 82896
::1 - - [31/Mar/2021:00:58:38 +0200] "GET /assets/dist/css/adminlte.min.css.map HTTP/1.1" 200 1483437
::1 - - [31/Mar/2021:00:58:38 +0200] "GET /assets/plugins/select2/css/select2.bundle.css.map HTTP/1.1" 404 2009
::1 - - [31/Mar/2021:01:03:30 +0200] "GET /invoiceCreate HTTP/1.1" 200 15214
::1 - - [31/Mar/2021:01:03:30 +0200] "GET /assets/dist/img/logo.png HTTP/1.1" 304 -
::1 - - [31/Mar/2021:01:03:30 +0200] "GET /assets/dist/js/WBISFrameworkScripts.js HTTP/1.1" 304 -
::1 - - [31/Mar/2021:01:03:31 +0200] "GET /home HTTP/1.1" 200 8971
::1 - - [31/Mar/2021:01:03:34 +0200] "GET /profile HTTP/1.1" 200 11953
::1 - - [31/Mar/2021:01:03:35 +0200] "GET /invoices HTTP/1.1" 200 13499
::1 - - [31/Mar/2021:01:03:35 +0200] "GET /invoicesJSON?numberOfPage=0&numberOfRows=10&search= HTTP/1.1" 200 265
::1 - - [31/Mar/2021:01:03:36 +0200] "GET /products HTTP/1.1" 200 13464
::1 - - [31/Mar/2021:01:03:36 +0200] "GET /productsJSON?numberOfPage=0&numberOfRows=10&search= HTTP/1.1" 200 1998
::1 - - [31/Mar/2021:01:03:37 +0200] "GET /customers HTTP/1.1" 200 13557
::1 - - [31/Mar/2021:01:03:37 +0200] "GET /customersJSON?numberOfPage=0&numberOfRows=10&search= HTTP/1.1" 200 2535
::1 - - [31/Mar/2021:01:03:40 +0200] "GET /home HTTP/1.1" 200 8971
::1 - - [31/Mar/2021:01:08:30 +0200] "-" 408 -
::1 - - [31/Mar/2021:01:41:57 +0200] "GET /home HTTP/1.1" 200 8971
::1 - - [31/Mar/2021:01:41:57 +0200] "GET /assets/dist/img/logo.png HTTP/1.1" 304 -
::1 - - [31/Mar/2021:01:41:59 +0200] "GET /invoiceReports HTTP/1.1" 200 8792
::1 - - [31/Mar/2021:01:42:03 +0200] "GET /invoiceReports HTTP/1.1" 200 8792
::1 - - [31/Mar/2021:01:42:41 +0200] "GET /invoiceReports HTTP/1.1" 200 15929
::1 - - [31/Mar/2021:01:42:41 +0200] "GET /customersPerDay HTTP/1.1" 200 1646
::1 - - [31/Mar/2021:01:42:41 +0200] "GET /customersActive HTTP/1.1" 200 95
::1 - - [31/Mar/2021:01:42:44 +0200] "GET /invoiceReports HTTP/1.1" 200 15929
::1 - - [31/Mar/2021:01:42:44 +0200] "GET /customersActive HTTP/1.1" 200 95
::1 - - [31/Mar/2021:01:42:44 +0200] "GET /customersPerDay HTTP/1.1" 200 1646
::1 - - [31/Mar/2021:01:44:24 +0200] "GET /invoiceReports HTTP/1.1" 200 13227
::1 - - [31/Mar/2021:01:44:25 +0200] "GET /customersPerDay HTTP/1.1" 200 1646
::1 - - [31/Mar/2021:01:44:25 +0200] "GET /customersActive HTTP/1.1" 200 95
::1 - - [31/Mar/2021:01:44:30 +0200] "GET /customerReports HTTP/1.1" 200 15960
::1 - - [31/Mar/2021:01:44:31 +0200] "GET /customersPerDay HTTP/1.1" 200 1646
::1 - - [31/Mar/2021:01:44:31 +0200] "GET /customersActive HTTP/1.1" 200 95
::1 - - [31/Mar/2021:01:44:36 +0200] "GET /invoiceReports HTTP/1.1" 200 13227
::1 - - [31/Mar/2021:01:44:36 +0200] "GET /customersPerDay HTTP/1.1" 200 1646
::1 - - [31/Mar/2021:01:44:36 +0200] "GET /customersActive HTTP/1.1" 200 95
::1 - - [31/Mar/2021:01:44:59 +0200] "GET /customerReports HTTP/1.1" 200 15960
::1 - - [31/Mar/2021:01:45:00 +0200] "GET /customersPerDay HTTP/1.1" 200 1646
::1 - - [31/Mar/2021:01:45:00 +0200] "GET /customersActive HTTP/1.1" 200 95
::1 - - [31/Mar/2021:01:45:04 +0200] "GET /invoiceReports HTTP/1.1" 200 13227
::1 - - [31/Mar/2021:01:45:04 +0200] "GET /customersPerDay HTTP/1.1" 200 1646
::1 - - [31/Mar/2021:01:45:04 +0200] "GET /customersActive HTTP/1.1" 200 95
::1 - - [31/Mar/2021:01:45:41 +0200] "GET /invoiceReports HTTP/1.1" 200 12728
::1 - - [31/Mar/2021:01:46:44 +0200] "GET /invoiceReports HTTP/1.1" 200 11540
::1 - - [31/Mar/2021:01:51:50 +0200] "GET /invoiceReports HTTP/1.1" 200 11388
::1 - - [31/Mar/2021:01:51:50 +0200] "GET /assets/dist/img/logo.png HTTP/1.1" 304 -
::1 - - [31/Mar/2021:01:53:34 +0200] "GET /invoiceReports HTTP/1.1" 200 11388
::1 - - [31/Mar/2021:01:55:48 +0200] "GET /invoiceReports HTTP/1.1" 200 11388
::1 - - [31/Mar/2021:01:56:48 +0200] "GET /customerReports HTTP/1.1" 200 15960
::1 - - [31/Mar/2021:01:56:48 +0200] "GET /customersPerDay HTTP/1.1" 200 1646
::1 - - [31/Mar/2021:01:56:48 +0200] "GET /customersActive HTTP/1.1" 200 95
::1 - - [31/Mar/2021:01:56:52 +0200] "GET /invoiceReports HTTP/1.1" 200 11388
::1 - - [31/Mar/2021:01:59:49 +0200] "GET /invoiceReports HTTP/1.1" 200 11384
::1 - - [31/Mar/2021:01:59:49 +0200] "GET /assets/dist/img/logo.png HTTP/1.1" 304 -
::1 - - [31/Mar/2021:01:59:50 +0200] "GET /invoiceReports HTTP/1.1" 200 11384
::1 - - [31/Mar/2021:01:59:50 +0200] "GET /invoiceReports HTTP/1.1" 200 11384
::1 - - [31/Mar/2021:01:59:51 +0200] "GET /invoiceReports HTTP/1.1" 200 11384
::1 - - [31/Mar/2021:01:59:53 +0200] "GET /customerReports HTTP/1.1" 200 15960
::1 - - [31/Mar/2021:01:59:53 +0200] "GET /customersPerDay HTTP/1.1" 200 1646
::1 - - [31/Mar/2021:01:59:53 +0200] "GET /customersActive HTTP/1.1" 200 95
::1 - - [31/Mar/2021:01:59:56 +0200] "GET /invoiceReports HTTP/1.1" 200 11384
::1 - - [31/Mar/2021:02:02:16 +0200] "GET /invoiceReports HTTP/1.1" 200 11383
::1 - - [31/Mar/2021:02:02:17 +0200] "GET /invoiceReports HTTP/1.1" 200 11383
::1 - - [31/Mar/2021:02:02:22 +0200] "GET /invoiceReports HTTP/1.1" 200 11383
::1 - - [31/Mar/2021:02:03:13 +0200] "GET /invoiceReports HTTP/1.1" 200 11383
::1 - - [31/Mar/2021:02:03:17 +0200] "GET /assets/dist/js/adminlte.min.js.map HTTP/1.1" 200 82896
::1 - - [31/Mar/2021:02:03:17 +0200] "GET /assets/plugins/bootstrap/js/bootstrap.bundle.min.js.map HTTP/1.1" 200 318045
::1 - - [31/Mar/2021:02:03:17 +0200] "GET /assets/dist/css/adminlte.min.css.map HTTP/1.1" 200 1483437
::1 - - [31/Mar/2021:02:03:17 +0200] "GET /assets/plugins/select2/css/select2.bundle.css.map HTTP/1.1" 404 2009
::1 - - [31/Mar/2021:02:03:24 +0200] "GET /invoiceReports HTTP/1.1" 200 11383
::1 - - [31/Mar/2021:02:03:24 +0200] "GET /assets/plugins/fontawesome-free/css/all.min.css HTTP/1.1" 200 58578
::1 - - [31/Mar/2021:02:03:24 +0200] "GET /assets/plugins/sweetalert2-theme-bootstrap-4/bootstrap-4.min.css HTTP/1.1" 200 34949
::1 - - [31/Mar/2021:02:03:24 +0200] "GET /assets/plugins/select2/css/select2.bundle.css HTTP/1.1" 200 38640
::1 - - [31/Mar/2021:02:03:24 +0200] "GET /assets/dist/css/adminlte.min.css HTTP/1.1" 200 689674
::1 - - [31/Mar/2021:02:03:24 +0200] "GET /assets/plugins/select2-bootstrap4-theme/select2-bootstrap4.css HTTP/1.1" 200 6012
::1 - - [31/Mar/2021:02:03:24 +0200] "GET /assets/dist/js/adminlte.min.js HTTP/1.1" 200 25193
::1 - - [31/Mar/2021:02:03:24 +0200] "GET /assets/plugins/bootstrap/js/bootstrap.bundle.min.js HTTP/1.1" 200 80698
::1 - - [31/Mar/2021:02:03:24 +0200] "GET /assets/plugins/sweetalert2/sweetalert2.min.js HTTP/1.1" 200 40832
::1 - - [31/Mar/2021:02:03:24 +0200] "GET /assets/plugins/select2/js/select2.full.min.js HTTP/1.1" 200 79172
::1 - - [31/Mar/2021:02:03:24 +0200] "GET /assets/plugins/chart.js/Chart.min.js HTTP/1.1" 200 172812
::1 - - [31/Mar/2021:02:03:24 +0200] "GET /assets/plugins/jquery/jquery.min.js HTTP/1.1" 200 88145
::1 - - [31/Mar/2021:02:03:24 +0200] "GET /assets/dist/img/invoiceWhite.png HTTP/1.1" 200 12726
::1 - - [31/Mar/2021:02:03:24 +0200] "GET /assets/dist/img/logo.png HTTP/1.1" 200 23936
::1 - - [31/Mar/2021:02:03:25 +0200] "GET /assets/plugins/fontawesome-free/webfonts/fa-solid-900.woff2 HTTP/1.1" 200 79444
::1 - - [31/Mar/2021:02:03:25 +0200] "GET /assets/dist/css/adminlte.min.css.map HTTP/1.1" 200 1483437
::1 - - [31/Mar/2021:02:03:25 +0200] "GET /assets/plugins/select2/css/select2.bundle.css.map HTTP/1.1" 404 2009
::1 - - [31/Mar/2021:02:03:25 +0200] "GET /assets/dist/js/adminlte.min.js.map HTTP/1.1" 200 82896
::1 - - [31/Mar/2021:02:03:25 +0200] "GET /assets/plugins/bootstrap/js/bootstrap.bundle.min.js.map HTTP/1.1" 200 318045
::1 - - [31/Mar/2021:02:04:16 +0200] "GET /invoiceReports HTTP/1.1" 200 11374
::1 - - [31/Mar/2021:02:04:16 +0200] "GET /assets/plugins/fontawesome-free/css/all.min.css HTTP/1.1" 200 58578
::1 - - [31/Mar/2021:02:04:16 +0200] "GET /assets/dist/css/adminlte.min.css HTTP/1.1" 200 689674
::1 - - [31/Mar/2021:02:04:16 +0200] "GET /assets/plugins/sweetalert2-theme-bootstrap-4/bootstrap-4.min.css HTTP/1.1" 200 34949
::1 - - [31/Mar/2021:02:04:16 +0200] "GET /assets/plugins/select2/css/select2.bundle.css HTTP/1.1" 200 38640
::1 - - [31/Mar/2021:02:04:16 +0200] "GET /assets/plugins/select2-bootstrap4-theme/select2-bootstrap4.css HTTP/1.1" 200 6012
::1 - - [31/Mar/2021:02:04:16 +0200] "GET /assets/plugins/jquery/jquery.min.js HTTP/1.1" 200 88145
::1 - - [31/Mar/2021:02:04:16 +0200] "GET /assets/plugins/bootstrap/js/bootstrap.bundle.min.js HTTP/1.1" 200 80698
::1 - - [31/Mar/2021:02:04:16 +0200] "GET /assets/dist/js/adminlte.min.js HTTP/1.1" 200 25193
::1 - - [31/Mar/2021:02:04:16 +0200] "GET /assets/plugins/sweetalert2/sweetalert2.min.js HTTP/1.1" 200 40832
::1 - - [31/Mar/2021:02:04:16 +0200] "GET /assets/plugins/select2/js/select2.full.min.js HTTP/1.1" 200 79172
::1 - - [31/Mar/2021:02:04:16 +0200] "GET /assets/plugins/chart.js/Chart.min.js HTTP/1.1" 200 172812
::1 - - [31/Mar/2021:02:04:16 +0200] "GET /assets/dist/img/invoiceWhite.png HTTP/1.1" 200 12726
::1 - - [31/Mar/2021:02:04:16 +0200] "GET /assets/dist/img/logo.png HTTP/1.1" 200 23936
::1 - - [31/Mar/2021:02:04:17 +0200] "GET /assets/plugins/fontawesome-free/webfonts/fa-solid-900.woff2 HTTP/1.1" 200 79444
::1 - - [31/Mar/2021:02:04:17 +0200] "GET /invoicesActive HTTP/1.1" 404 2009
::1 - - [31/Mar/2021:02:04:17 +0200] "GET /assets/plugins/select2/css/select2.bundle.css.map HTTP/1.1" 404 2009
::1 - - [31/Mar/2021:02:04:17 +0200] "GET /assets/dist/css/adminlte.min.css.map HTTP/1.1" 200 1483437
::1 - - [31/Mar/2021:02:04:17 +0200] "GET /assets/plugins/bootstrap/js/bootstrap.bundle.min.js.map HTTP/1.1" 200 318045
::1 - - [31/Mar/2021:02:04:17 +0200] "GET /assets/dist/js/adminlte.min.js.map HTTP/1.1" 200 82896
::1 - - [31/Mar/2021:02:05:06 +0200] "GET /assets/plugins/select2/css/select2.bundle.css.map HTTP/1.1" 404 2009
::1 - - [31/Mar/2021:02:05:06 +0200] "GET /assets/plugins/select2/css/assets/plugins/fontawesome-free/css/all.min.css HTTP/1.1" 404 2009
::1 - - [31/Mar/2021:02:05:06 +0200] "GET /assets/plugins/select2/css/assets/dist/js/adminlte.min.js HTTP/1.1" 404 2009
::1 - - [31/Mar/2021:02:05:06 +0200] "GET /assets/plugins/select2/css/assets/plugins/jquery/jquery.min.js HTTP/1.1" 404 2009
::1 - - [31/Mar/2021:02:05:06 +0200] "GET /assets/plugins/select2/css/assets/plugins/sweetalert2/sweetalert2.min.js HTTP/1.1" 404 2009
::1 - - [31/Mar/2021:02:05:06 +0200] "GET /assets/plugins/select2/css/assets/plugins/icheck-bootstrap/icheck-bootstrap.min.css HTTP/1.1" 404 2009
::1 - - [31/Mar/2021:02:05:06 +0200] "GET /assets/plugins/select2/css/assets/plugins/sweetalert2-theme-bootstrap-4/bootstrap-4.min.css HTTP/1.1" 404 2009
::1 - - [31/Mar/2021:02:05:06 +0200] "GET /assets/plugins/select2/css/assets/plugins/bootstrap/js/bootstrap.bundle.min.js HTTP/1.1" 404 2009
::1 - - [31/Mar/2021:02:05:06 +0200] "GET /assets/plugins/select2/css/assets/dist/css/adminlte.min.css HTTP/1.1" 404 2009
::1 - - [31/Mar/2021:02:05:06 +0200] "GET /assets/plugins/select2/css/assets/plugins/bootstrap/js/bootstrap.bundle.min.js HTTP/1.1" 404 2009
::1 - - [31/Mar/2021:02:05:06 +0200] "GET /assets/plugins/select2/css/assets/dist/js/adminlte.min.js HTTP/1.1" 404 2009
::1 - - [31/Mar/2021:02:05:06 +0200] "GET /assets/plugins/select2/css/assets/plugins/sweetalert2/sweetalert2.min.js HTTP/1.1" 404 2009
::1 - - [31/Mar/2021:02:05:09 +0200] "GET /invoiceReports HTTP/1.1" 200 11374
::1 - - [31/Mar/2021:02:05:10 +0200] "GET /assets/plugins/fontawesome-free/css/all.min.css HTTP/1.1" 200 58578
::1 - - [31/Mar/2021:02:05:10 +0200] "GET /assets/dist/css/adminlte.min.css HTTP/1.1" 200 689674
::1 - - [31/Mar/2021:02:05:10 +0200] "GET /assets/plugins/sweetalert2-theme-bootstrap-4/bootstrap-4.min.css HTTP/1.1" 200 34949
::1 - - [31/Mar/2021:02:05:10 +0200] "GET /assets/plugins/select2/css/select2.bundle.css HTTP/1.1" 200 38640
::1 - - [31/Mar/2021:02:05:10 +0200] "GET /assets/plugins/select2-bootstrap4-theme/select2-bootstrap4.css HTTP/1.1" 200 6012
::1 - - [31/Mar/2021:02:05:10 +0200] "GET /assets/plugins/jquery/jquery.min.js HTTP/1.1" 200 88145
::1 - - [31/Mar/2021:02:05:10 +0200] "GET /assets/plugins/bootstrap/js/bootstrap.bundle.min.js HTTP/1.1" 200 80698
::1 - - [31/Mar/2021:02:05:10 +0200] "GET /assets/dist/js/adminlte.min.js HTTP/1.1" 200 25193
::1 - - [31/Mar/2021:02:05:10 +0200] "GET /assets/plugins/sweetalert2/sweetalert2.min.js HTTP/1.1" 200 40832
::1 - - [31/Mar/2021:02:05:10 +0200] "GET /assets/plugins/select2/js/select2.full.min.js HTTP/1.1" 200 79172
::1 - - [31/Mar/2021:02:05:10 +0200] "GET /assets/plugins/chart.js/Chart.min.js HTTP/1.1" 200 172812
::1 - - [31/Mar/2021:02:05:10 +0200] "GET /assets/dist/img/invoiceWhite.png HTTP/1.1" 200 12726
::1 - - [31/Mar/2021:02:05:10 +0200] "GET /assets/dist/img/logo.png HTTP/1.1" 200 23936
::1 - - [31/Mar/2021:02:05:10 +0200] "GET /assets/plugins/fontawesome-free/webfonts/fa-solid-900.woff2 HTTP/1.1" 200 79444
::1 - - [31/Mar/2021:02:05:10 +0200] "GET /assets/dist/css/adminlte.min.css.map HTTP/1.1" 200 1483437
::1 - - [31/Mar/2021:02:05:10 +0200] "GET /assets/plugins/select2/css/select2.bundle.css.map HTTP/1.1" 404 2009
::1 - - [31/Mar/2021:02:05:10 +0200] "GET /invoicesActive HTTP/1.1" 404 2009
::1 - - [31/Mar/2021:02:05:10 +0200] "GET /assets/plugins/bootstrap/js/bootstrap.bundle.min.js.map HTTP/1.1" 200 318045
::1 - - [31/Mar/2021:02:05:10 +0200] "GET /assets/dist/js/adminlte.min.js.map HTTP/1.1" 200 82896
::1 - - [31/Mar/2021:02:05:15 +0200] "GET /customerReports HTTP/1.1" 200 15960
::1 - - [31/Mar/2021:02:05:16 +0200] "GET /customersPerDay HTTP/1.1" 200 1646
::1 - - [31/Mar/2021:02:05:16 +0200] "GET /customersActive HTTP/1.1" 200 95
::1 - - [31/Mar/2021:02:05:20 +0200] "GET /invoiceReports HTTP/1.1" 200 11374
::1 - - [31/Mar/2021:02:05:20 +0200] "GET /invoicesActive HTTP/1.1" 404 2009
::1 - - [31/Mar/2021:02:07:28 +0200] "GET /invoiceReports HTTP/1.1" 200 11375
::1 - - [31/Mar/2021:02:07:28 +0200] "GET /invoicesActive HTTP/1.1" 404 2009
::1 - - [31/Mar/2021:02:09:59 +0200] "GET /invoiceReports HTTP/1.1" 200 10964
::1 - - [31/Mar/2021:02:09:59 +0200] "GET /invoicesActive HTTP/1.1" 404 2009
::1 - - [31/Mar/2021:02:10:02 +0200] "GET /invoiceReports HTTP/1.1" 200 10964
::1 - - [31/Mar/2021:02:10:02 +0200] "GET /invoicesActive HTTP/1.1" 404 2009
::1 - - [31/Mar/2021:02:10:04 +0200] "GET /customerReports HTTP/1.1" 200 15550
::1 - - [31/Mar/2021:02:10:04 +0200] "GET /customersPerDay HTTP/1.1" 200 1646
::1 - - [31/Mar/2021:02:10:04 +0200] "GET /customersActive HTTP/1.1" 200 95
::1 - - [31/Mar/2021:02:10:07 +0200] "GET /products HTTP/1.1" 200 13054
::1 - - [31/Mar/2021:02:10:07 +0200] "GET /assets/dist/js/WBISFrameworkScripts.js HTTP/1.1" 304 -
::1 - - [31/Mar/2021:02:10:07 +0200] "GET /productsJSON?numberOfPage=0&numberOfRows=10&search= HTTP/1.1" 200 1998
::1 - - [31/Mar/2021:02:10:07 +0200] "GET /invoices HTTP/1.1" 200 13089
::1 - - [31/Mar/2021:02:10:08 +0200] "GET /invoicesJSON?numberOfPage=0&numberOfRows=10&search= HTTP/1.1" 200 265
::1 - - [31/Mar/2021:02:10:08 +0200] "GET /profile HTTP/1.1" 200 11543
::1 - - [31/Mar/2021:02:10:11 +0200] "GET /invoices HTTP/1.1" 200 13089
::1 - - [31/Mar/2021:02:10:11 +0200] "GET /invoicesJSON?numberOfPage=0&numberOfRows=10&search= HTTP/1.1" 200 265
::1 - - [31/Mar/2021:02:10:14 +0200] "GET /invoiceReports HTTP/1.1" 200 10964
::1 - - [31/Mar/2021:02:10:14 +0200] "GET /invoicesActive HTTP/1.1" 404 2009
::1 - - [31/Mar/2021:02:10:18 +0200] "GET /invoices HTTP/1.1" 200 13089
::1 - - [31/Mar/2021:02:10:18 +0200] "GET /invoicesJSON?numberOfPage=0&numberOfRows=10&search= HTTP/1.1" 200 265
::1 - - [31/Mar/2021:02:10:24 +0200] "GET /invoiceReports HTTP/1.1" 200 10964
::1 - - [31/Mar/2021:02:10:24 +0200] "GET /invoicesActive HTTP/1.1" 404 2009
::1 - - [31/Mar/2021:02:10:25 +0200] "GET /invoiceReports HTTP/1.1" 200 10964
::1 - - [31/Mar/2021:02:10:31 +0200] "GET /assets/plugins/bootstrap/js/bootstrap.bundle.min.js.map HTTP/1.1" 200 318045
::1 - - [31/Mar/2021:02:10:31 +0200] "GET /assets/dist/js/adminlte.min.js.map HTTP/1.1" 200 82896
::1 - - [31/Mar/2021:02:10:31 +0200] "GET /assets/dist/css/adminlte.min.css.map HTTP/1.1" 200 1483437
::1 - - [31/Mar/2021:02:10:31 +0200] "GET /assets/plugins/select2/css/select2.bundle.css.map HTTP/1.1" 404 2009
::1 - - [31/Mar/2021:11:59:12 +0200] "GET / HTTP/1.1" 302 8851
::1 - - [31/Mar/2021:11:59:12 +0200] "GET /login HTTP/1.1" 200 2712
::1 - - [31/Mar/2021:11:59:13 +0200] "GET /favicon.ico HTTP/1.1" 404 2009
::1 - - [31/Mar/2021:11:59:48 +0200] "POST /loginProcess HTTP/1.1" 302 -
::1 - - [31/Mar/2021:11:59:48 +0200] "GET /profile HTTP/1.1" 200 11543
::1 - - [31/Mar/2021:11:59:48 +0200] "GET /assets/dist/img/logo.png HTTP/1.1" 304 -
::1 - - [31/Mar/2021:11:59:52 +0200] "GET /products HTTP/1.1" 200 13054
::1 - - [31/Mar/2021:11:59:52 +0200] "GET /assets/dist/js/WBISFrameworkScripts.js HTTP/1.1" 304 -
::1 - - [31/Mar/2021:11:59:52 +0200] "GET /productsJSON?numberOfPage=0&numberOfRows=10&search= HTTP/1.1" 200 1998
::1 - - [31/Mar/2021:11:59:53 +0200] "GET /home HTTP/1.1" 200 8561
::1 - - [31/Mar/2021:11:59:53 +0200] "GET /profile HTTP/1.1" 200 11543
::1 - - [31/Mar/2021:11:59:55 +0200] "GET /invoices HTTP/1.1" 200 13089
::1 - - [31/Mar/2021:11:59:55 +0200] "GET /invoicesJSON?numberOfPage=0&numberOfRows=10&search= HTTP/1.1" 200 265
::1 - - [31/Mar/2021:11:59:56 +0200] "GET /products HTTP/1.1" 200 13054
::1 - - [31/Mar/2021:11:59:56 +0200] "GET /productsJSON?numberOfPage=0&numberOfRows=10&search= HTTP/1.1" 200 1998
::1 - - [31/Mar/2021:11:59:58 +0200] "GET /invoiceReports HTTP/1.1" 200 10964
::1 - - [31/Mar/2021:11:59:58 +0200] "GET /invoiceReports HTTP/1.1" 200 10964
::1 - - [31/Mar/2021:11:59:58 +0200] "GET /invoicesActive HTTP/1.1" 404 2009
::1 - - [31/Mar/2021:12:00:00 +0200] "GET /customers HTTP/1.1" 200 13147
::1 - - [31/Mar/2021:12:00:00 +0200] "GET /customersJSON?numberOfPage=0&numberOfRows=10&search= HTTP/1.1" 200 2535
::1 - - [31/Mar/2021:12:00:02 +0200] "GET /customerReports HTTP/1.1" 200 15550
::1 - - [31/Mar/2021:12:00:02 +0200] "GET /customersPerDay HTTP/1.1" 200 1646
::1 - - [31/Mar/2021:12:00:02 +0200] "GET /customersActive HTTP/1.1" 200 95
::1 - - [31/Mar/2021:12:00:06 +0200] "GET /invoiceReports HTTP/1.1" 200 10964
::1 - - [31/Mar/2021:12:00:06 +0200] "GET /invoicesActive HTTP/1.1" 404 2009
::1 - - [31/Mar/2021:12:06:15 +0200] "GET /invoiceReports HTTP/1.1" 200 10548
::1 - - [31/Mar/2021:12:06:15 +0200] "GET /invoicesActive HTTP/1.1" 404 2009
::1 - - [31/Mar/2021:12:06:18 +0200] "GET /customerReports HTTP/1.1" 200 15134
::1 - - [31/Mar/2021:12:06:18 +0200] "GET /customersPerDay HTTP/1.1" 200 1646
::1 - - [31/Mar/2021:12:06:18 +0200] "GET /customersActive HTTP/1.1" 200 95
::1 - - [31/Mar/2021:12:06:33 +0200] "GET /invoiceReports HTTP/1.1" 200 10548
::1 - - [31/Mar/2021:12:06:33 +0200] "GET /invoicesActive HTTP/1.1" 404 2009
::1 - - [31/Mar/2021:12:06:38 +0200] "GET /customers HTTP/1.1" 200 12731
::1 - - [31/Mar/2021:12:06:39 +0200] "GET /customersJSON?numberOfPage=0&numberOfRows=10&search= HTTP/1.1" 200 2535
::1 - - [31/Mar/2021:12:06:41 +0200] "GET /products HTTP/1.1" 200 12638
::1 - - [31/Mar/2021:12:06:41 +0200] "GET /productsJSON?numberOfPage=0&numberOfRows=10&search= HTTP/1.1" 200 1998
::1 - - [31/Mar/2021:12:07:03 +0200] "GET /customerReports HTTP/1.1" 200 15134
::1 - - [31/Mar/2021:12:07:03 +0200] "GET /customersPerDay HTTP/1.1" 200 1646
::1 - - [31/Mar/2021:12:07:03 +0200] "GET /customersActive HTTP/1.1" 200 95
::1 - - [31/Mar/2021:12:08:10 +0200] "GET /customerReports HTTP/1.1" 200 15124
::1 - - [31/Mar/2021:12:08:11 +0200] "GET /customersActive HTTP/1.1" 200 95
::1 - - [31/Mar/2021:12:08:11 +0200] "GET /customersPerDay HTTP/1.1" 200 1646
::1 - - [31/Mar/2021:12:08:36 +0200] "GET /customerReports HTTP/1.1" 200 15144
::1 - - [31/Mar/2021:12:08:36 +0200] "GET /customersPerDay HTTP/1.1" 200 1646
::1 - - [31/Mar/2021:12:08:36 +0200] "GET /customersActive HTTP/1.1" 200 95
::1 - - [31/Mar/2021:12:08:47 +0200] "GET /customerReports HTTP/1.1" 200 15134
::1 - - [31/Mar/2021:12:08:47 +0200] "GET /customersPerDay HTTP/1.1" 200 1646
::1 - - [31/Mar/2021:12:08:47 +0200] "GET /customersActive HTTP/1.1" 200 95
::1 - - [31/Mar/2021:12:10:02 +0200] "GET /customerReports HTTP/1.1" 200 15129
::1 - - [31/Mar/2021:12:10:02 +0200] "GET /customersPerDay HTTP/1.1" 200 1646
::1 - - [31/Mar/2021:12:10:02 +0200] "GET /customersActive HTTP/1.1" 200 95
::1 - - [31/Mar/2021:12:10:16 +0200] "GET /customerReports HTTP/1.1" 200 15133
::1 - - [31/Mar/2021:12:10:17 +0200] "GET /customersPerDay HTTP/1.1" 200 1646
::1 - - [31/Mar/2021:12:10:17 +0200] "GET /customersActive HTTP/1.1" 200 95
::1 - - [31/Mar/2021:12:10:28 +0200] "GET /customerReports HTTP/1.1" 200 15125
::1 - - [31/Mar/2021:12:10:29 +0200] "GET /customersPerDay HTTP/1.1" 200 1646
::1 - - [31/Mar/2021:12:10:29 +0200] "GET /customersActive HTTP/1.1" 200 95
::1 - - [31/Mar/2021:12:10:55 +0200] "GET /customerReports HTTP/1.1" 200 15134
::1 - - [31/Mar/2021:12:10:56 +0200] "GET /customersPerDay HTTP/1.1" 200 1646
::1 - - [31/Mar/2021:12:10:56 +0200] "GET /customersActive HTTP/1.1" 200 95
::1 - - [31/Mar/2021:12:11:49 +0200] "GET /customerReports HTTP/1.1" 200 13720
::1 - - [31/Mar/2021:12:11:49 +0200] "GET /customersPerDay HTTP/1.1" 200 1646
::1 - - [31/Mar/2021:12:11:49 +0200] "GET /customersActive HTTP/1.1" 200 95
::1 - - [31/Mar/2021:12:12:44 +0200] "GET /customerReports HTTP/1.1" 200 13395
::1 - - [31/Mar/2021:12:12:44 +0200] "GET /customersPerDay HTTP/1.1" 200 1646
::1 - - [31/Mar/2021:12:12:44 +0200] "GET /customersActive HTTP/1.1" 200 95
::1 - - [31/Mar/2021:12:13:24 +0200] "GET /customerReports HTTP/1.1" 200 13395
::1 - - [31/Mar/2021:12:13:24 +0200] "GET /customersPerDay HTTP/1.1" 200 1646
::1 - - [31/Mar/2021:12:13:24 +0200] "GET /customersActive HTTP/1.1" 200 95
::1 - - [31/Mar/2021:12:39:17 +0200] "GET /invoiceReports HTTP/1.1" 200 10538
::1 - - [31/Mar/2021:12:39:17 +0200] "GET /invoicesActive HTTP/1.1" 404 2009
::1 - - [31/Mar/2021:12:44:17 +0200] "-" 408 -
::1 - - [31/Mar/2021:12:46:00 +0200] "GET /invoiceReports HTTP/1.1" 200 10548
::1 - - [31/Mar/2021:12:46:00 +0200] "GET /invoicesActive HTTP/1.1" 404 2009
::1 - - [31/Mar/2021:12:46:01 +0200] "GET /invoiceReports HTTP/1.1" 200 10548
::1 - - [31/Mar/2021:12:46:01 +0200] "GET /invoicesActive HTTP/1.1" 404 2009
::1 - - [31/Mar/2021:12:46:43 +0200] "GET /invoiceReports HTTP/1.1" 200 12131
::1 - - [31/Mar/2021:12:46:43 +0200] "GET /invoicesActive HTTP/1.1" 404 2009
::1 - - [31/Mar/2021:12:47:19 +0200] "GET /invoiceReports HTTP/1.1" 200 10550
::1 - - [31/Mar/2021:12:47:19 +0200] "GET /invoicesActive HTTP/1.1" 404 2009
::1 - - [31/Mar/2021:12:47:27 +0200] "GET /assets/dist/js/adminlte.min.js.map HTTP/1.1" 200 82896
::1 - - [31/Mar/2021:12:47:27 +0200] "GET /assets/plugins/bootstrap/js/bootstrap.bundle.min.js.map HTTP/1.1" 200 318045
::1 - - [31/Mar/2021:12:47:27 +0200] "GET /assets/plugins/select2/css/select2.bundle.css.map HTTP/1.1" 404 2009
::1 - - [31/Mar/2021:12:47:27 +0200] "GET /assets/dist/css/adminlte.min.css.map HTTP/1.1" 200 1483437
::1 - - [31/Mar/2021:12:47:32 +0200] "GET /invoiceReports HTTP/1.1" 200 10550
::1 - - [31/Mar/2021:12:47:32 +0200] "GET /assets/plugins/fontawesome-free/css/all.min.css HTTP/1.1" 200 58578
::1 - - [31/Mar/2021:12:47:32 +0200] "GET /assets/dist/css/adminlte.min.css HTTP/1.1" 200 689674
::1 - - [31/Mar/2021:12:47:32 +0200] "GET /assets/plugins/sweetalert2-theme-bootstrap-4/bootstrap-4.min.css HTTP/1.1" 200 34949
::1 - - [31/Mar/2021:12:47:32 +0200] "GET /assets/plugins/select2/css/select2.bundle.css HTTP/1.1" 200 38640
::1 - - [31/Mar/2021:12:47:32 +0200] "GET /assets/plugins/select2-bootstrap4-theme/select2-bootstrap4.css HTTP/1.1" 200 6012
::1 - - [31/Mar/2021:12:47:32 +0200] "GET /assets/plugins/jquery/jquery.min.js HTTP/1.1" 200 88145
::1 - - [31/Mar/2021:12:47:32 +0200] "GET /assets/plugins/bootstrap/js/bootstrap.bundle.min.js HTTP/1.1" 200 80698
::1 - - [31/Mar/2021:12:47:32 +0200] "GET /assets/dist/js/adminlte.min.js HTTP/1.1" 200 25193
::1 - - [31/Mar/2021:12:47:32 +0200] "GET /assets/plugins/sweetalert2/sweetalert2.min.js HTTP/1.1" 200 40832
::1 - - [31/Mar/2021:12:47:32 +0200] "GET /assets/plugins/select2/js/select2.full.min.js HTTP/1.1" 200 79172
::1 - - [31/Mar/2021:12:47:32 +0200] "GET /assets/plugins/chart.js/Chart.min.js HTTP/1.1" 200 172812
::1 - - [31/Mar/2021:12:47:32 +0200] "GET /assets/dist/img/invoiceWhite.png HTTP/1.1" 200 12726
::1 - - [31/Mar/2021:12:47:32 +0200] "GET /assets/dist/img/logo.png HTTP/1.1" 200 23936
::1 - - [31/Mar/2021:12:47:33 +0200] "GET /assets/plugins/fontawesome-free/webfonts/fa-solid-900.woff2 HTTP/1.1" 200 79444
::1 - - [31/Mar/2021:12:47:33 +0200] "GET /assets/dist/css/adminlte.min.css.map HTTP/1.1" 200 1483437
::1 - - [31/Mar/2021:12:47:33 +0200] "GET /assets/plugins/select2/css/select2.bundle.css.map HTTP/1.1" 404 2009
::1 - - [31/Mar/2021:12:47:33 +0200] "GET /invoicesActive HTTP/1.1" 404 2009
::1 - - [31/Mar/2021:12:47:33 +0200] "GET /assets/dist/js/adminlte.min.js.map HTTP/1.1" 200 82896
::1 - - [31/Mar/2021:12:47:33 +0200] "GET /assets/plugins/bootstrap/js/bootstrap.bundle.min.js.map HTTP/1.1" 200 318045
::1 - - [31/Mar/2021:12:56:16 +0200] "GET /invoiceReports HTTP/1.1" 200 10550
::1 - - [31/Mar/2021:12:56:16 +0200] "GET /assets/plugins/fontawesome-free/css/all.min.css HTTP/1.1" 200 58578
::1 - - [31/Mar/2021:12:56:16 +0200] "GET /assets/dist/css/adminlte.min.css HTTP/1.1" 200 689674
::1 - - [31/Mar/2021:12:56:16 +0200] "GET /assets/plugins/sweetalert2-theme-bootstrap-4/bootstrap-4.min.css HTTP/1.1" 200 34949
::1 - - [31/Mar/2021:12:56:16 +0200] "GET /assets/plugins/select2/css/select2.bundle.css HTTP/1.1" 200 38640
::1 - - [31/Mar/2021:12:56:16 +0200] "GET /assets/plugins/select2-bootstrap4-theme/select2-bootstrap4.css HTTP/1.1" 200 6012
::1 - - [31/Mar/2021:12:56:16 +0200] "GET /assets/plugins/jquery/jquery.min.js HTTP/1.1" 200 88145
::1 - - [31/Mar/2021:12:56:16 +0200] "GET /assets/dist/js/adminlte.min.js HTTP/1.1" 200 25193
::1 - - [31/Mar/2021:12:56:16 +0200] "GET /assets/plugins/bootstrap/js/bootstrap.bundle.min.js HTTP/1.1" 200 80698
::1 - - [31/Mar/2021:12:56:16 +0200] "GET /assets/plugins/sweetalert2/sweetalert2.min.js HTTP/1.1" 200 40832
::1 - - [31/Mar/2021:12:56:16 +0200] "GET /assets/plugins/select2/js/select2.full.min.js HTTP/1.1" 200 79172
::1 - - [31/Mar/2021:12:56:16 +0200] "GET /assets/plugins/chart.js/Chart.min.js HTTP/1.1" 200 172812
::1 - - [31/Mar/2021:12:56:16 +0200] "GET /assets/dist/img/invoiceWhite.png HTTP/1.1" 200 12726
::1 - - [31/Mar/2021:12:56:16 +0200] "GET /assets/dist/img/logo.png HTTP/1.1" 200 23936
::1 - - [31/Mar/2021:12:56:16 +0200] "GET /assets/plugins/fontawesome-free/webfonts/fa-solid-900.woff2 HTTP/1.1" 200 79444
::1 - - [31/Mar/2021:12:56:16 +0200] "GET /assets/dist/css/adminlte.min.css.map HTTP/1.1" 200 1483437
::1 - - [31/Mar/2021:12:56:16 +0200] "GET /assets/plugins/select2/css/select2.bundle.css.map HTTP/1.1" 404 2009
::1 - - [31/Mar/2021:12:56:16 +0200] "GET /invoicesActive HTTP/1.1" 404 2009
::1 - - [31/Mar/2021:12:56:16 +0200] "GET /assets/dist/js/adminlte.min.js.map HTTP/1.1" 200 82896
::1 - - [31/Mar/2021:12:56:16 +0200] "GET /assets/plugins/bootstrap/js/bootstrap.bundle.min.js.map HTTP/1.1" 200 318045
::1 - - [31/Mar/2021:12:56:21 +0200] "GET /invoiceReports HTTP/1.1" 200 10550
::1 - - [31/Mar/2021:12:56:21 +0200] "GET /invoicesActive HTTP/1.1" 404 2009
::1 - - [31/Mar/2021:12:56:22 +0200] "GET /customers HTTP/1.1" 200 12731
::1 - - [31/Mar/2021:12:56:22 +0200] "GET /customersJSON?numberOfPage=0&numberOfRows=10&search= HTTP/1.1" 200 2535
::1 - - [31/Mar/2021:12:56:23 +0200] "GET /products HTTP/1.1" 200 12638
::1 - - [31/Mar/2021:12:56:23 +0200] "GET /productsJSON?numberOfPage=0&numberOfRows=10&search= HTTP/1.1" 200 1998
::1 - - [31/Mar/2021:12:56:24 +0200] "GET /invoices HTTP/1.1" 200 12673
::1 - - [31/Mar/2021:12:56:24 +0200] "GET /invoicesJSON?numberOfPage=0&numberOfRows=10&search= HTTP/1.1" 200 265
::1 - - [31/Mar/2021:12:56:27 +0200] "GET /customerReports HTTP/1.1" 200 13395
::1 - - [31/Mar/2021:12:56:27 +0200] "GET /customersPerDay HTTP/1.1" 200 1646
::1 - - [31/Mar/2021:12:56:27 +0200] "GET /customersActive HTTP/1.1" 200 95
::1 - - [31/Mar/2021:12:56:56 +0200] "GET /invoiceReports HTTP/1.1" 200 10550
::1 - - [31/Mar/2021:12:56:56 +0200] "GET /invoicesActive HTTP/1.1" 404 2009
::1 - - [31/Mar/2021:12:57:08 +0200] "GET /invoiceReports HTTP/1.1" 200 10550
::1 - - [31/Mar/2021:12:57:08 +0200] "GET /invoicesActive HTTP/1.1" 404 2009
::1 - - [31/Mar/2021:13:02:08 +0200] "-" 408 -
::1 - - [31/Mar/2021:13:02:59 +0200] "GET /invoiceReports HTTP/1.1" 200 10550
::1 - - [31/Mar/2021:13:03:00 +0200] "GET /invoicesActive HTTP/1.1" 404 2009
::1 - - [31/Mar/2021:13:03:02 +0200] "GET /customerReports HTTP/1.1" 200 13395
::1 - - [31/Mar/2021:13:03:02 +0200] "GET /customersPerDay HTTP/1.1" 200 1646
::1 - - [31/Mar/2021:13:03:02 +0200] "GET /customersActive HTTP/1.1" 200 95
::1 - - [31/Mar/2021:13:03:04 +0200] "GET /profile HTTP/1.1" 200 11127
::1 - - [31/Mar/2021:13:03:05 +0200] "GET /invoices HTTP/1.1" 200 12673
::1 - - [31/Mar/2021:13:03:05 +0200] "GET /invoicesJSON?numberOfPage=0&numberOfRows=10&search= HTTP/1.1" 200 265
::1 - - [31/Mar/2021:13:10:42 +0200] "GET /customerReports HTTP/1.1" 200 13395
::1 - - [31/Mar/2021:13:10:42 +0200] "GET /customersPerDay HTTP/1.1" 200 1646
::1 - - [31/Mar/2021:13:10:42 +0200] "GET /customersActive HTTP/1.1" 200 95
::1 - - [31/Mar/2021:13:11:48 +0200] "GET /customerReports HTTP/1.1" 200 13405
::1 - - [31/Mar/2021:13:11:48 +0200] "GET /customersPerDay HTTP/1.1" 200 1646
::1 - - [31/Mar/2021:13:11:48 +0200] "GET /customersActive HTTP/1.1" 200 95
::1 - - [31/Mar/2021:13:11:57 +0200] "GET /customerReports HTTP/1.1" 200 13395
::1 - - [31/Mar/2021:13:11:57 +0200] "GET /customersPerDay HTTP/1.1" 200 1646
::1 - - [31/Mar/2021:13:11:57 +0200] "GET /customersActive HTTP/1.1" 200 95
::1 - - [31/Mar/2021:13:17:32 +0200] "GET /customerReports HTTP/1.1" 200 13404
::1 - - [31/Mar/2021:13:17:33 +0200] "GET /customersPerDay HTTP/1.1" 200 1646
::1 - - [31/Mar/2021:13:17:33 +0200] "GET /customersActive HTTP/1.1" 200 95
::1 - - [31/Mar/2021:13:17:47 +0200] "GET /customerReports HTTP/1.1" 200 13404
::1 - - [31/Mar/2021:13:17:47 +0200] "GET /customersPerDay HTTP/1.1" 200 1646
::1 - - [31/Mar/2021:13:17:47 +0200] "GET /customersActive HTTP/1.1" 200 95
::1 - - [31/Mar/2021:13:18:20 +0200] "GET /customerReports HTTP/1.1" 200 13395
::1 - - [31/Mar/2021:13:18:20 +0200] "GET /customersPerDay HTTP/1.1" 200 1646
::1 - - [31/Mar/2021:13:18:20 +0200] "GET /customersActive HTTP/1.1" 200 95
::1 - - [31/Mar/2021:13:22:23 +0200] "GET /home HTTP/1.1" 200 8145
::1 - - [31/Mar/2021:13:22:24 +0200] "GET /profile HTTP/1.1" 200 11127
::1 - - [31/Mar/2021:13:22:24 +0200] "GET /invoices HTTP/1.1" 200 12673
::1 - - [31/Mar/2021:13:22:24 +0200] "GET /assets/dist/js/WBISFrameworkScripts.js HTTP/1.1" 304 -
::1 - - [31/Mar/2021:13:22:24 +0200] "GET /invoicesJSON?numberOfPage=0&numberOfRows=10&search= HTTP/1.1" 200 265
::1 - - [31/Mar/2021:13:22:25 +0200] "GET /customers HTTP/1.1" 200 12731
::1 - - [31/Mar/2021:13:22:25 +0200] "GET /customersJSON?numberOfPage=0&numberOfRows=10&search= HTTP/1.1" 200 2535
::1 - - [31/Mar/2021:13:22:27 +0200] "GET /home HTTP/1.1" 200 8145
::1 - - [31/Mar/2021:16:46:35 +0200] "GET / HTTP/1.1" 302 8435
::1 - - [31/Mar/2021:16:46:35 +0200] "GET /login HTTP/1.1" 200 2712
::1 - - [31/Mar/2021:16:46:35 +0200] "GET /favicon.ico HTTP/1.1" 404 2009
::1 - - [31/Mar/2021:16:46:57 +0200] "POST /loginProcess HTTP/1.1" 302 -
::1 - - [31/Mar/2021:16:46:57 +0200] "GET /profile HTTP/1.1" 200 11118
::1 - - [31/Mar/2021:16:46:57 +0200] "GET /assets/dist/img/logo.png HTTP/1.1" 304 -
::1 - - [31/Mar/2021:16:49:23 +0200] "GET /invoices HTTP/1.1" 200 12673
::1 - - [31/Mar/2021:16:49:23 +0200] "GET /assets/dist/js/WBISFrameworkScripts.js HTTP/1.1" 304 -
::1 - - [31/Mar/2021:16:49:24 +0200] "GET /invoicesJSON?numberOfPage=0&numberOfRows=10&search= HTTP/1.1" 200 265
::1 - - [31/Mar/2021:16:49:25 +0200] "GET /invoiceCreate HTTP/1.1" 200 14388
::1 - - [31/Mar/2021:16:49:27 +0200] "GET /productsDropdown?id=ned HTTP/1.1" 302 2
::1 - - [31/Mar/2021:16:49:27 +0200] "GET /login HTTP/1.1" 302 2712
::1 - - [31/Mar/2021:16:49:27 +0200] "GET /accessDenied HTTP/1.1" 200 1988
::1 - - [31/Mar/2021:16:49:29 +0200] "GET /productsDropdown?id=neda HTTP/1.1" 302 2
::1 - - [31/Mar/2021:16:49:29 +0200] "GET /login HTTP/1.1" 302 2712
::1 - - [31/Mar/2021:16:49:29 +0200] "GET /accessDenied HTTP/1.1" 200 1988
::1 - - [31/Mar/2021:16:49:30 +0200] "GET /productsDropdown?id=ned HTTP/1.1" 302 2
::1 - - [31/Mar/2021:16:49:30 +0200] "GET /login HTTP/1.1" 302 2712
::1 - - [31/Mar/2021:16:49:30 +0200] "GET /accessDenied HTTP/1.1" 200 1988
::1 - - [31/Mar/2021:16:49:30 +0200] "GET /productsDropdown?id=ne HTTP/1.1" 302 301
::1 - - [31/Mar/2021:16:49:30 +0200] "GET /login HTTP/1.1" 302 2712
::1 - - [31/Mar/2021:16:49:30 +0200] "GET /accessDenied HTTP/1.1" 200 1988
::1 - - [31/Mar/2021:16:49:31 +0200] "GET /logout HTTP/1.1" 302 -
::1 - - [31/Mar/2021:16:49:31 +0200] "GET /login HTTP/1.1" 200 2712
::1 - - [31/Mar/2021:16:54:23 +0200] "-" 408 -
::1 - - [31/Mar/2021:17:06:48 +0200] "POST /loginProcess HTTP/1.1" 302 -
::1 - - [31/Mar/2021:17:06:49 +0200] "GET /profile HTTP/1.1" 200 11127
::1 - - [31/Mar/2021:17:07:18 +0200] "GET /invoices HTTP/1.1" 200 12673
::1 - - [31/Mar/2021:17:07:18 +0200] "GET /invoicesJSON?numberOfPage=0&numberOfRows=10&search= HTTP/1.1" 200 265
::1 - - [31/Mar/2021:17:11:08 +0200] "GET /customerReports HTTP/1.1" 200 13395
::1 - - [31/Mar/2021:17:11:08 +0200] "GET /customersPerDay HTTP/1.1" 200 1646
::1 - - [31/Mar/2021:17:11:08 +0200] "GET /customersActive HTTP/1.1" 200 95
